"est_pooled","lo_pooled","hi_pooled","est_sc","lo_sc","hi_sc","ess_sc","est_cw","lo_cw","hi_cw","est_psc","lo_psc","hi_psc","psc_accepted","cal_hr","psc_direct","psc_indirect","psc_beta1","psc_lambda","sum_w","est_comm","lo_comm","hi_comm","tau","est_leap","lo_leap","hi_leap","gamma1","n_exchangeable","rep","overlap"
-0.144948443808374,-0.509022139279015,0.219125251662268,-0.240848804156688,-0.647569266486299,0.165871658172924,420.259699811576,-0.115959923379574,-0.567394765502958,0.302699193047576,-0.291989746540037,-0.735401165003405,0.151421671923331,TRUE,1.00323629338133,-0.409569746003679,-0.291989746540037,0.117579999463642,0,59.4670382604249,-0.227174775572296,-0.645991843069962,0.179006415363813,0.429840711226492,-0.126172431183388,-0.332590677672393,0.0240300830005242,0.664501504921463,333,1,"Same margins"
-0.197663957703031,-0.567023495602078,0.171695580196015,-0.155953108806569,-0.566063329704381,0.254157112091243,448.567832829095,-0.14818558077568,-0.564235098757413,0.282151276060139,-0.434909032590824,-0.888126907001232,0.018308841819584,TRUE,0.892097596167931,-0.279795752320932,-0.434909032590824,-0.155113280269892,0,56.5489040378758,-0.0245062318737171,-0.681085793563547,0.311088353914955,1.26165406355436,-0.408637892693122,-0.699370036814683,-0.211793242300201,0.991686660953423,497,2,"Same margins"
-0.587051862771213,-0.976136189838935,-0.197967535703492,-0.677907802712303,-1.10774729675549,-0.248068308669114,399.905860061974,-0.554354449497434,-0.958522921840137,-0.124878640674926,-0.820653989039312,-1.31810692291055,-0.323201055168076,TRUE,0.883382972304877,-0.962695692787639,-0.682963313754962,0.279732379032677,0.492222873020594,59.9267833402243,-0.857088841870892,-1.07416480400761,-0.48426865932669,1.80840541917155,-0.600621660840813,-0.785441207462352,-0.404235325205633,0.979035910145913,490,3,"Same margins"
-0.754810496226417,-1.15895096359639,-0.350670028856445,-0.862770124405395,-1.30854014671576,-0.417000102095033,397.245831714545,-0.681228513920333,-1.14705483897055,-0.266193366879137,-0.784313603750798,-1.25291692076249,-0.315710286739109,TRUE,0.915240421418952,-0.985165530499991,-0.770812699060532,0.214352831439459,0.0629844943012977,55.7504328830724,-0.940928598703961,-1.20511750561401,-0.373799813741501,1.93978991557527,-0.471328197979304,-0.656238950554639,-0.235791474998667,0.816772810167053,409,4,"Same margins"
-0.327042892219557,-0.696883842260682,0.0427980578215687,-0.325934225593803,-0.737393261750332,0.085524810562726,425.918612910773,-0.238557854424143,-0.71466336120985,0.182431273886512,-0.292631399296372,-0.659695772148822,0.0744329735560785,TRUE,0.870687293061568,-0.39076103053446,-0.292631399296372,0.0981296312380885,0,62.1310024135594,-0.515842639636747,-0.994936821283586,-0.191670630931734,1.5586325489857,-0.495526519047758,-0.639486461097464,-0.387167385331181,0.959313764737733,480,5,"Same margins"
-0.502673029509617,-0.898467281401219,-0.106878777618015,-0.436798812233525,-0.87164566472534,-0.00195195974171025,466.309545964365,-0.32547947323883,-0.761120209955784,0.101980613150724,NA,NA,NA,FALSE,1.33249999109496,NA,NA,NA,NA,NA,-0.601506872604589,-1.10922287232975,-0.0811497033796572,2.8215963708812,-0.422343830927202,-0.517692634485964,-0.302237697361611,0.983479321606156,493,6,"Same margins"
-0.315078957180958,-0.696767355957176,0.0666094415952602,-0.254608269194618,-0.677196153159944,0.167979614770707,425.621004706562,-0.232520490874552,-0.675557954932626,0.185203955466041,NA,NA,NA,FALSE,0.773764812429461,NA,NA,NA,NA,NA,-0.0558929647085555,-0.601599835705181,0.247202921541755,1.05921006434148,-0.256015868535983,-0.410639823030361,-0.122449150966756,0.994043565235505,498,7,"Same margins"
-0.131718926768889,-0.485356865875051,0.221919012337273,-0.183765907737976,-0.579435358743822,0.211903543267871,442.044380946376,-0.134269712853972,-0.55642519089318,0.242762385492722,-0.249701114437333,-0.63549559086972,0.136093361995054,TRUE,0.860951774883458,-0.260346009805903,-0.249701114437333,0.0106448953685702,0,58.9276241997476,0.23050213634199,-0.129440258284776,0.507838374756589,1.06569989970928,-0.3043719986325,-0.357438590438229,-0.216197053743095,0.987874173458637,495,8,"Same margins"
-0.252361706935711,-0.627728771923541,0.12300535805212,-0.256114969272319,-0.671635879126595,0.159405940581956,425.701337529774,-0.20301299475711,-0.667766349260057,0.191371228958513,-0.462973870301,-0.462973870301,-0.462973870301,TRUE,1.07164669041916,-0.462973870301,-0.410156181018647,0.052817689282353,1,59.2082962011962,-0.20311589829829,-0.595509618326033,0.168792480964477,0.891837664741446,-0.542349746395992,-0.754068722468569,-0.158303025171866,0.980321137883367,491,9,"Same margins"
-0.0548590525318579,-0.413507758146534,0.303789653082818,0.0950545577215184,-0.308459898459651,0.498569013902688,387.145164931199,0.0623153465394587,-0.345864508600478,0.489728811532546,NA,NA,NA,FALSE,0.772474900093794,NA,NA,NA,NA,NA,0.165010320576809,-0.513604469491783,0.528610065336899,1.04381214887116,0.00178755250062048,-0.162355101796631,0.208204039886234,0.988899798085838,495,10,"Same margins"
0.0484777688644817,-0.304567361122576,0.401522898851539,-0.0970364732703203,-0.489336058505607,0.295263111964966,57.9089682056362,-0.0762110085061425,-0.475861723689708,0.307300861413288,-0.0652411866920245,-0.506686626272036,0.376204252887987,TRUE,0.923994015345108,-0.148344058705636,-0.0652411866920245,0.0831028720136115,0,47.3409485490963,-0.314525051206643,-0.803127022926211,0.219028566845502,1.92154544783868,-0.485851820655012,-0.734167675744882,-0.282011443521097,0.990461523801421,496,1,"Moderate overlap"
-0.327800506308835,-0.722965876785203,0.0673648641675319,-0.518181445522476,-0.955181769523221,-0.0811811215217311,27.6163200822384,-0.434496666886454,-0.892072317918172,0.000929193919155885,-0.486383294638056,-1.11196828860645,0.139201699330339,TRUE,1.11982376163802,-0.680646939429644,-0.301690818790569,0.378956120639075,0.487371665975522,40.7686375631114,-0.67233334685037,-1.11736681056556,-0.370357307329133,1.52441642765485,-0.317245313515137,-0.481423217636196,-0.10704090573295,0.978237237878951,490,2,"Moderate overlap"
-0.357176947968732,-0.715686002110037,0.00133210617257279,-0.67224893074197,-1.07345294862648,-0.271044912857463,71.5341339166628,-0.487731510118339,-0.906017208997597,-0.0817549398650418,-0.57025734991864,-1.11026852879536,-0.0302461710419256,TRUE,0.965879333150995,-0.420358743487886,-0.57025734991864,-0.149898606430754,0,48.0316166576617,-0.676245067871981,-0.976214743149389,-0.332126147175152,0.610800585266151,-0.568837328091028,-0.637466096823471,-0.453581545876464,0.971215723748108,487,3,"Moderate overlap"
0.333982924068885,-0.024679789610514,0.692645637748284,0.118921516053032,-0.278589777017675,0.516432809123738,66.2841424271458,0.0875088283766864,-0.282035538865714,0.475771594254333,0.215910681742599,-0.248625597161097,0.680446960646295,TRUE,0.950865239784234,0.317477433352472,0.215910681742599,-0.101566751609872,0,46.6734881162325,0.219362880300583,-0.120012249859594,0.52108873504789,1.78699498411283,-0.130414359447808,-0.354988300931883,0.243474025471229,0.97206774212927,487,4,"Moderate overlap"
-0.0198255653468991,-0.383828710266712,0.344177579572914,-0.256947675140013,-0.658949922548264,0.145054572268237,32.7734576211893,-0.233298145326403,-0.658363162926003,0.13777720616706,NA,NA,NA,FALSE,0.705856036277603,NA,NA,NA,NA,NA,-0.636431672559873,-1.03492631280546,-0.379117354960469,1.38788184634455,-0.675712416761719,-0.786645769964444,-0.381763810836638,0.774283497900077,387,5,"Moderate overlap"
-0.215736557945757,-0.579699873603793,0.148226757712278,-0.471408840314953,-0.875172305505995,-0.0676453751239119,24.9838385621965,-0.419529516957802,-0.835681259369592,-0.0240563895188714,-0.578580480188838,-1.12092577565661,-0.036235184721063,TRUE,1.10808230753794,-0.710978515650788,-0.578580480188838,0.132398035461951,0,34.7874063935586,-0.872615349503055,-1.23606159134304,-0.47107473951459,4.68515216932699,-0.699914855937902,-0.9088922776411,-0.48462955517538,0.864606704832847,432,6,"Moderate overlap"
-0.0172891316188235,-0.375989057905076,0.341410794667429,-0.185617135299429,-0.585864011174741,0.214629740575883,53.5929626975817,-0.194077429045683,-0.602894555931632,0.202613621091202,-0.257196817769551,-0.784858840559781,0.270465205020679,TRUE,0.832996809492187,-0.0348632337725861,-0.257196817769551,-0.222333583996965,0,42.6811552561741,-0.300951550512688,-0.522887000098921,-0.0977535647078196,0.70932739936846,-0.335201380789802,-0.505741533367397,-0.224426058696904,0.994160409580393,498,7,"Moderate overlap"
0.32943579900813,-0.0294534263367026,0.688325024352962,0.213549205829369,-0.192458652020014,0.619557063678751,15.3066056746256,0.156741909077832,-0.230983250640989,0.562414058740917,-0.107724097926054,-0.706123751784345,0.490675555932237,TRUE,0.872441826187227,-0.134320430372346,-0.107724097926054,0.0265963324462917,0,35.4742654775219,-0.0373316368283488,-0.319451949754728,0.198109426346304,1.35466901953264,-0.299539549826567,-0.506843268737519,-0.159820902058272,0.985831134638081,494,8,"Moderate overlap"
-0.0336255798211742,-0.397358558278081,0.330107398635733,-0.297681499417431,-0.699253610294659,0.103890611459797,43.3129667918812,-0.261109786600747,-0.674328138139848,0.1216030300414,-0.53238180382675,-1.18129746166308,0.116533854009577,TRUE,0.858564642400391,-0.671428178862355,-0.200590847833944,0.470837331028411,0.704682772855123,39.5976015985977,-0.385846766507002,-0.743505792956642,-0.080307573385078,1.24699279680605,-0.339372987934427,-0.66264528051441,-0.0448772910878641,0.700112808299201,351,9,"Moderate overlap"
-0.0647009132992922,-0.434260082183114,0.30485825558453,-0.298334537688082,-0.706276250324105,0.109607174947941,64.7118162600858,-0.237293786790057,-0.666436803508381,0.160100728243654,-0.294017893573884,-0.773079488260753,0.185043701112986,TRUE,1.07985164313998,-0.502318498176939,-0.263230492315374,0.239088005861565,0.128770162047926,42.050427505607,-0.9810130808388,-1.24348199824846,-0.597378053001671,1.66403003122053,-0.200102301446051,-0.337063594817675,-0.0861102175389083,0.875603919330678,438.5,10,"Moderate overlap"
0.490107819229745,0.143358218781078,0.836857419678413,-0.607212709581203,-1.0002223267176,-0.214203092444805,1.00000000099805,-0.62757793359973,-1.0244015489874,-0.252880180562903,-1.36690022904234,-1.36690022904234,-1.36690022904234,TRUE,0.970570756361519,-1.36690022904234,-0.605779931301476,0.761120297740865,1,9.35472735371933,-0.441653813779714,-0.887873121757772,-0.0818267288912788,1.63230841728144,-0.143286934833736,-0.326815069619693,0.0190268585669027,0.988433653685446,495,1,"Poor overlap"
0.393391178235778,0.0493458027223449,0.737436553749211,-0.523173253303479,-0.967713104799228,-0.0786334018077302,1.00000000099804,-0.370841597280569,-0.783111291958027,0.0142871114207441,NA,NA,NA,FALSE,1.21245517195342,NA,NA,NA,NA,NA,-0.321692778318748,-0.613787931049469,0.162717126188408,0.307230172329785,-0.455237086845255,-0.90749824764877,-0.194332404943291,0.581249653908441,291,2,"Poor overlap"
0.364979409457909,0.00516683629402437,0.724791982621793,0.991185593520424,0.561639695668571,1.42073149137228,1.000000000998,0.225991944385854,-0.193714233033654,0.616614381897155,0.406203300672706,-0.988833584868239,1.80124018621365,TRUE,0.858096810862762,0.676396662244861,-0.410336777967687,-1.08673344021255,0.751371079996113,9.52927988826123,-0.222308377065103,-0.653566974322506,0.213060440582409,0.427729842863548,-0.412881241769063,-0.591197280541826,-0.194976910512844,0.984336406701538,493,3,"Poor overlap"
0.292386061964023,-0.0615441829219326,0.646316306849978,-0.1177819805156,-0.545392359228129,0.309828398196929,1.000000000998,-0.1992719358876,-0.57136083832776,0.177030638079663,-0.399426959827153,-1.55681593454182,0.757962014887516,TRUE,0.933631013962828,0.315672549142632,-0.686334639492193,-1.00200718863482,0.286332955411163,8.45281456659317,-0.309002462171819,-0.582776657259711,-0.0859780065457826,1.24642576014006,-0.585652020289287,-0.836368481220258,-0.368033542620854,0.984471992060965,493,4,"Poor overlap"
0.497583926563091,0.147162327037144,0.848005526089039,0.365091185293405,-0.0517441262466641,0.781926496833474,1.00000000099804,0.139754913523636,-0.258121257236747,0.540039979412303,0.105579602780147,-0.849322328791654,1.06048153435195,TRUE,0.981833374674078,-0.266807357907458,0.105579602780147,0.372386960687604,0,14.246516196385,-0.233791318294526,-0.704722688682072,0.482755139264427,1.43953582745575,-0.270504324481095,-0.387120294719726,-0.143283164478671,0.902811710761502,452,5,"Poor overlap"
0.0854717195607527,-0.284234046082839,0.455177485204345,-1.04361697435004,-1.47296145847256,-0.614272490227522,1.00000000099801,-1.40456543090695,-1.80915949403276,-1.02757591739568,-0.789369522490591,-1.784059765412,0.205320720430814,TRUE,1.14104291200989,0.183725000306577,-0.789369522490591,-0.973094522797168,0,8.16203308921748,-0.670035665557233,-1.00790621619419,-0.108043338504216,1.99491953931481,-0.523584965257148,-0.699848463725615,-0.312235780913025,0.41978377784191,210,6,"Poor overlap"
0.314590639340663,-0.0252179450678717,0.654399223749197,-0.661494811136716,-1.06650778576824,-0.256481836505193,1.00000000099801,-0.645644024187638,-0.99270555880099,-0.267285540735728,0.320888326379336,-0.562853972689473,1.20463062544815,TRUE,0.867738600998705,0.395288824991179,0.320888326379336,-0.0744004986118431,0,6.8456255494502,-0.207352485177196,-0.517254180889318,0.0351119408752976,0.587274647936093,-0.359105480648035,-0.503353311436348,-0.255838638570874,0.976672320919081,489,7,"Poor overlap"
0.0582788888106597,-0.305487436238679,0.422045213859999,-0.413440529020853,-0.835899876469788,0.00901881842808128,1.00000000099801,-0.418191107560805,-0.856462088795089,-0.036085338316803,-1.28302183140087,-2.78429315600706,0.218249493205324,TRUE,0.996627608435665,-1.02824244659126,-1.28302183140087,-0.25477938480961,0,8.76362143594122,-0.0906702600367359,-0.384051645290561,0.29030778987198,1.06146619758932,-0.257602514194095,-0.298474644646269,-0.155508183973588,0.941504917742986,471,8,"Poor overlap"
0.27403018634857,-0.0701200799563645,0.618180452653504,1.10076694871993,0.678248375593741,1.52328552184611,1.00000000099805,0.464686082944048,0.0805617231415537,0.823749065102751,0.265678782368647,-0.661121911130019,1.19247947586731,TRUE,1.03068416517425,-0.0907638703082082,0.265678782368647,0.356442652676856,0,11.1389844484853,-0.696223233212838,-1.16180888704769,-0.230778995026629,1.68519437876896,-0.277083805445235,-0.549630543671605,-0.128156682689438,0.985928196349135,494,9,"Poor overlap"
0.073341735195978,-0.290081089443629,0.436764559835585,0.208247846894388,-0.220874986924983,0.637370680713758,1.00000000099805,-0.0575911006044155,-0.458315777953193,0.295244002631053,-0.52756679498202,-1.54207462565422,0.486941035690178,TRUE,0.890140527873439,-0.216208521656556,-0.52756679498202,-0.311358273325464,0,10.4471316219739,-0.204765965577177,-0.567128621031332,0.144880083771857,1.68905547227393,-0.377334219377599,-0.573202219939029,-0.179626057200097,0.782574248652802,391.5,10,"Poor overlap"
0.21322567134465,-0.140319325788931,0.566770668478232,0.038159336025812,-0.357678410314053,0.433997082365677,44.1818963970469,0.0306041682955017,-0.371548850891221,0.406440491528134,-0.119877443000967,-0.671429130624536,0.431674244622601,TRUE,0.898882445432681,-0.349154170101589,-0.115241537045525,0.233912633056064,0.0198189635800122,38.2692351232344,-0.0432627192016673,-0.632319445110266,0.89311522161171,0.892377188092616,-0.125898258216849,-0.309183747126165,0.00961343593421436,0.973284062714298,487,1,"Moderate overlap, outcome shift"
0.164224528168572,-0.189639977622118,0.518089033959262,-0.146837602226754,-0.539237313616359,0.245562109162851,21.2517368749596,-0.192191012494653,-0.581930415612535,0.209950505522684,NA,NA,NA,FALSE,1.23740268727974,NA,NA,NA,NA,NA,-0.880856981291622,-1.20577002943166,-0.260972559637669,0.746081556492719,-0.521932688614312,-0.821040445329878,-0.291143279949188,0.584014300794187,292,2,"Moderate overlap, outcome shift"
0.272146040279891,-0.0763230106149139,0.620615091174695,-0.00795949132699524,-0.399533399057842,0.383614416403851,43.3701209764237,0.0337848522504317,-0.382450390220217,0.427254834253127,-0.312744574992825,-0.838128608827834,0.212639458842184,TRUE,1.02683516258646,-0.470633727455226,-0.127334876805178,0.343298850650048,0.540082490333329,41.9882847842496,-0.603209383357509,-0.89016936488571,0.0647201406711891,1.0405738382685,-0.077881977409908,-0.284539483882359,0.109967930643775,0.976331401447793,489,3,"Moderate overlap, outcome shift"
0.101021589165172,-0.24747404073632,0.449517219066664,-0.298325503582871,-0.687737495486981,0.0910864883212393,37.5764684672274,-0.255473331772662,-0.653515229416321,0.110133149056138,-0.127703292519526,-0.728813861220253,0.473407276181201,TRUE,1.02941911645697,-0.365777681866832,-0.107433461932967,0.258344219933865,0.0784605538755536,42.6759588259982,-1.02317014915639,-1.38661925502628,-0.572788132044899,0.791727417011394,-0.361825003961033,-0.567182381766573,-0.213135372958929,0.87255909625253,437,4,"Moderate overlap, outcome shift"
0.169236988147425,-0.166579404441483,0.505053380736333,-0.136919184068064,-0.515396321658705,0.241557953522577,32.9745367101895,-0.149876077033975,-0.503236032490368,0.202677499159818,-0.181661963224602,-0.687388142653095,0.324064216203892,TRUE,0.95884358059097,-0.251934501102314,-0.181661963224602,0.0702725378777126,0,40.572711038111,-0.146247944214937,-0.704750246292532,0.139023208799231,0.975218855392557,-0.198472458491025,-0.307250155278749,-0.014561274003646,0.983727298472529,493,5,"Moderate overlap, outcome shift"
-0.0485340966164924,-0.406886170866959,0.309817977633974,-0.229027914700922,-0.6253318878428,0.167276058440957,25.9299300273935,-0.218390257854524,-0.652348328031232,0.163324591605985,-0.243013764964286,-0.801494579064762,0.31546704913619,TRUE,0.985606528538178,-0.532022090342512,-0.231619680703574,0.300402409638938,0.0379294036769093,38.8038828979009,-0.263407711417399,-0.477372861053047,-0.041499483374291,1.82044466282309,-0.207329715429274,-0.313160940898766,-0.126111695916982,0.99743990971688,500,6,"Moderate overlap, outcome shift"
-0.081632777462465,-0.440052832457654,0.276787277532724,-0.379731107923733,-0.778562024527343,0.0190998086798762,68.3347167895326,-0.250926667306136,-0.670042028158134,0.137731347658486,-0.257365971565379,-0.75771636371354,0.242984420582782,TRUE,1.04830227973913,-0.467668709261514,-0.257365971565379,0.210302737696135,0,44.7305301476462,-0.720784215070649,-1.28789255160799,-0.244247883218102,0.955933714077817,-0.402930424206016,-0.657421730803111,-0.288159029574658,0.98010875454406,491,7,"Moderate overlap, outcome shift"
0.0192059138415571,-0.334046643313638,0.372458470996752,-0.194425285362186,-0.586382921960158,0.197532351235786,48.632296088369,-0.18190939434917,-0.593903930370258,0.204174227504924,-0.335580509186464,-0.930181082842597,0.259020064469668,TRUE,0.985587666313024,-0.538937601407625,-0.335580509186464,0.20335709222116,0,36.1563126822602,-0.451376318284984,-0.881657580715678,0.0042093522142475,0.844860728167551,-0.274667490900898,-0.367864448736257,-0.14369926971212,0.97828727789278,490,8,"Moderate overlap, outcome shift"
-0.293275886418294,-0.689057186953115,0.102505414116526,-0.554557263697166,-0.990212075638847,-0.118902451755484,53.3829763740375,-0.486419025859555,-0.934622270418042,-0.0647152753490775,-0.722915225979516,-1.27756878527618,-0.168261666682856,TRUE,0.850200290981734,-0.882133692038526,-0.722915225979516,0.15921846605901,0,42.500986435992,-0.274352058924445,-0.638946529684238,0.1582248196581,1.54723767102674,-0.68942189832469,-0.77645801805275,-0.45028762875034,0.981696448504505,491,9,"Moderate overlap, outcome shift"
0.294888884524584,-0.0545625648573783,0.644340333906547,0.0990348894277363,-0.291407126346361,0.489476905201834,25.8820184254756,-0.019554165751062,-0.414663306468805,0.339972483002732,-0.10093377673901,-0.613751446276197,0.411883892798178,TRUE,1.15680586625787,-0.261989011693362,0.0567627308859273,0.318751742579289,0.494731436913509,39.6603888840001,0.0837650531646836,-0.494956420875531,0.657530865870421,1.22617758626068,-0.0114695166076715,-0.121930094934204,0.156022073698259,0.926918470081679,465,10,"Moderate overlap, outcome shift"
0.835971410177701,0.492566335306716,1.17937648504869,0.766027477294496,0.349681892815895,1.1823730617731,1.00000000099803,0.444269409832246,0.0527192437565092,0.791270355460332,NA,NA,NA,FALSE,0.761797351130859,NA,NA,NA,NA,NA,-0.597615950175599,-1.1063518942952,-0.0574068692731939,1.7422017524981,-0.0731816536138288,-0.220895100395827,0.144571379434244,0.5571354568457,279,1,"Poor overlap, outcome shift"
0.805582580172353,0.453788481736178,1.15737667860853,0.350863956471624,-0.0557148020881088,0.757442715031358,1.00000000099804,0.0760652442665573,-0.307598988719747,0.456668193730976,0.0205708463930524,-0.978867601108854,1.02000929389496,TRUE,1.00817153334311,-0.0725769054098931,0.0205708463930524,0.0931477518029455,0,11.4313929760634,-0.256182687807382,-0.561368785906794,0.0777127918677274,3.94266426186337,-0.150130265757473,-0.372146333639936,0.107540272610899,0.986172016696924,494,2,"Poor overlap, outcome shift"
0.872854067792655,0.532887056369422,1.21282107921589,0.181967795937743,-0.210017025621408,0.573952617496894,1.00000000099803,0.0733211599520428,-0.30601697453682,0.446010332402311,0.510975909339323,-1.28681227340863,2.30876409208728,TRUE,0.91338113526594,0.480693011230436,0.510975909339323,0.030282898108887,0,4.73751663436192,-0.348646774771089,-0.685853896026236,0.121409608881549,1.71515393525468,0.393236573089493,-0.227019101026276,0.534301686773358,0.978089162841081,489.5,3,"Poor overlap, outcome shift"
0.72602506731772,0.384278453470459,1.06777168116498,1.39665514096045,0.965333187539764,1.82797709438113,1.00000000099802,0.697173587175607,0.262266613575088,1.06080160104707,-0.0372830185692716,-1.28360913263315,1.2090430954946,TRUE,0.976712893058756,-0.43046660155448,-0.0372830185692716,0.393183582985208,0,8.39283190082997,-0.354175922158564,-0.779916692582125,-0.0377818497516418,1.93832342572571,-0.902065779571873,-1.20599184561663,-0.66500626864847,0.404268804133889,202,4,"Poor overlap, outcome shift"
0.48280766759167,0.142287959941097,0.823327375242243,0.684200425470927,0.276821718002527,1.09157913293933,1.00000000099801,0.321464778272726,-0.0684273808324445,0.687589125666611,NA,NA,NA,FALSE,1.41724685577521,NA,NA,NA,NA,NA,-0.646715031876676,-0.865371214898049,-0.33043281727007,1.16079162777923,-0.613218073857158,-0.781757074043096,-0.444338533071424,0.606257411717636,303,5,"Poor overlap, outcome shift"
0.517394064944827,0.177321313353403,0.857466816536252,0.509371399799343,0.100088026246405,0.918654773352282,1.00000000099803,0.187884278563916,-0.207442624462669,0.542180351248964,0.410060723081684,-0.406806760890787,1.22692820705415,TRUE,1.05469849642901,-0.0177763529374917,0.410060723081684,0.427837076019175,0,10.4282269826789,-0.227673923172715,-0.57369082049267,0.499667377872373,2.4956456878605,-0.0412971603948662,-0.171588364780835,0.163611025312896,0.979582471362738,490,6,"Poor overlap, outcome shift"
0.533181190223612,0.184108167741598,0.882254212705625,0.741793028709414,0.319679186008936,1.16390687140989,1.00000000099804,0.274842969181607,-0.1245930302387,0.660501815602624,-0.919471000271483,-0.919471000271483,-0.919471000271483,TRUE,1.02398164321872,-0.919471000271483,-0.685743133365783,0.2337278669057,1,12.954880394898,-0.343813639580169,-0.803115054131665,0.139167023788958,1.45209050966508,-0.604523227528524,-0.76109991627651,-0.25976608181868,0.617414045883383,309,7,"Poor overlap, outcome shift"
0.824508398419727,0.476780455115991,1.17223634172346,0.199347104594216,-0.307010735031939,0.705704944220372,1.00000000099802,0.655526043489084,0.153251353998677,1.13398434123864,-0.237170309717143,-1.11168741144832,0.637346792014037,TRUE,0.944555730562494,-0.483181025842336,0.163959028012348,0.647140053854684,0.619849343801496,15.2242603220094,-0.343072029490695,-0.6502262463762,-0.102318011126119,0.969856714140132,-0.121693928070478,-0.295260867456749,-0.0330869783159664,0.711829182099256,356,8,"Poor overlap, outcome shift"
0.421916571914887,0.0777390972774732,0.7660940465523,-1.01642984599498,-1.44487966985146,-0.587980022138498,1.00000000099801,-1.10389710075895,-1.51192372565914,-0.746828079150345,-0.542069630115996,-1.56506550117797,0.480926240945981,TRUE,0.904564941846686,-0.85136539800695,-0.542069630115996,0.309295767890954,0,10.1911910837576,-0.667015121635283,-1.3167764172383,-0.38000669545663,0.684152905945997,-0.376719362599458,-0.578124106903198,-0.172690437480171,0.980813449462087,491,9,"Poor overlap, outcome shift"
0.498846528193178,0.153959185410392,0.843733870975964,-0.898958771841504,-1.30935909997188,-0.488558443711127,1.00000000099806,-1.27574737960028,-1.65348183525298,-0.917858371308087,-0.300035692068649,-1.28982213841342,0.689750754276124,TRUE,0.860509091670942,-0.647009686314256,-0.206202848253399,0.440806838060857,0.212866125734411,12.4207841683654,-0.503901033052783,-0.936573853721868,-0.250830760682479,0.85874920841511,-0.837829989218308,-1.03178080044734,-0.614209217005084,0.540369279776827,271,10,"Poor overlap, outcome shift"
-0.0378053169282385,-0.401947488685447,0.32633685482897,-0.0111841945913459,-0.416679945826623,0.394311556643932,415.874726872963,-0.0235117037520621,-0.466878444348838,0.371936201380263,-0.321059390234972,-0.736905168056142,0.094786387586199,TRUE,0.843511810740366,-0.208416476492296,-0.321059390234972,-0.112642913742674,0,55.3598012208269,-0.080570488912448,-0.511950528715838,0.148823604455228,1.78558509847031,-0.31287578378111,-0.443077117399201,-0.220512756508591,0.98700057671957,494,11,"Same margins"
-0.534362587885895,-0.937279143594399,-0.131446032177391,-0.487677803561881,-0.929006347118243,-0.0463492600055198,447.125391815416,-0.397234647455904,-0.869759061953749,0.0241586659599397,-0.368006852723777,-0.821435788897788,0.085422083450234,TRUE,0.98139777743501,-0.421075350924408,-0.368006852723777,0.0530684982006312,0,56.1739829930658,-0.40901042342701,-0.813105942281068,-0.132242455861784,1.39167545693757,-0.356258074869451,-0.455564665682513,-0.252872505179572,0.990162368970507,496,12,"Same margins"
-0.408684242744087,-0.784614676328306,-0.0327538091598689,-0.339620636004107,-0.757600447186581,0.0783591751783677,422.331586674487,-0.273447029663757,-0.676999313633128,0.113880628960191,-0.190712731261809,-0.749544827977221,0.368119365453604,TRUE,1.14863089411621,-0.0768353947584071,-0.566917419365911,-0.490082024607504,0.767636169486927,57.7856457383893,-0.175988543967008,-0.545603718963264,0.185286113947766,1.84716350571055,-0.269760853773328,-0.391629393931684,-0.00634157112310422,0.53543549300998,267,13,"Same margins"
-0.280136684275726,-0.669056086665455,0.108782718114003,-0.263651785868822,-0.692356447252939,0.165052875515296,473.586745848037,-0.223082785558143,-0.682608113382493,0.172158205352206,-0.163047928176489,-0.691110234992977,0.365014378639999,TRUE,0.838815275887273,-0.0463811648565026,-0.38135189724562,-0.334970732389117,0.651710576360262,58.9057975044586,-0.239781625811073,-0.708684753560705,0.253487260428397,1.41192196712497,-0.254197907514285,-0.453927828881884,-0.0796121980248747,0.704087602277486,353,14,"Same margins"
-0.571498697372125,-0.960999766189178,-0.181997628555071,-0.510962065479977,-0.94284752218996,-0.0790766087699932,455.119104112294,-0.367098249224137,-0.804158889339601,0.060683286537136,-0.497475157896373,-0.949653706570302,-0.0452966092224443,TRUE,0.981777360238794,-0.341577045460243,-0.627323535899295,-0.285746490439052,0.454418102575499,61.3676788119983,-0.498140186496522,-1.01296557561047,-0.0873924565328509,3.0566791771041,-0.436000353600472,-0.937433600052293,-0.182700896320515,0.980822410684179,491,15,"Same margins"
-0.410020343171298,-0.813096636627676,-0.0069440497149193,-0.335737122896663,-0.77813832037868,0.106664074585354,470.341608274442,-0.294366060386267,-0.763571620368841,0.136316248594346,-0.397963721794657,-0.642233131192744,-0.15369431239657,TRUE,1.09411378408759,-0.293662425746994,-0.397963721794657,-0.104301296047663,0,58.2597260340727,-0.362624835215224,-0.689941320954237,0.204583764844211,1.52490165034169,-0.375355180011294,-0.51327426884571,-0.185357106665909,0.598438129106844,299,16,"Same margins"
-0.0154274550400672,-0.364762117587479,0.333907207507345,0.0214203170691021,-0.373394456822805,0.416235090961009,431.718919694821,7.20507477167953e-05,-0.403178885448899,0.412092409889595,0.0310344231890384,-0.364447589456086,0.426516435834163,TRUE,0.87440376737318,0.188655464715618,0.0310344231890384,-0.157621041526579,0,61.6115057321512,0.194415624418687,-0.343049972617284,0.423350700771937,0.62934897058532,0.0749299297587957,-0.0894617271341417,0.143625148798009,0.977345934750765,489,17,"Same margins"
-0.494876327517654,-0.87673366111664,-0.113018993918668,-0.462029223145493,-0.883686942541064,-0.0403715037499221,449.155090030338,-0.362708535919022,-0.78411267012898,0.0146275448360124,-0.173728297772633,-0.173728297772633,-0.173728297772633,TRUE,1.13572989130137,-0.173728297772633,-0.554749228704186,-0.381020930931553,1,60.9891183033511,-0.324954725016518,-0.803009892399798,0.210931897358942,0.292841196304337,-0.616701744095824,-0.817707340893126,-0.217522897235976,0.982087015381321,492,18,"Same margins"
0.106784213971559,-0.262678400243199,0.476246828186316,0.122148717069766,-0.289369019667775,0.533666453807308,464.633552755164,0.0849819142784435,-0.379325305744885,0.47043025075593,NA,NA,NA,FALSE,0.778736796245501,NA,NA,NA,NA,NA,0.0669524086893552,-0.256831017246232,0.387558986842854,1.77734974162413,-0.16720623278433,-0.623231862730075,0.0583604307324421,0.987331902581293,495,19,"Same margins"
-0.501351627827878,-0.904323823240053,-0.0983794324157036,-0.494322572135626,-0.93659348307338,-0.0520516611978719,415.024098172541,-0.427734620670849,-0.914858153496904,0.00856010330514171,-0.537058359621648,-1.02015204739095,-0.0539646718523433,TRUE,1.09778268121793,-0.427819844446721,-0.537058359621648,-0.109238515174928,0,62.3377652636909,-1.07781068902947,-1.61760069826565,-0.646106173100724,1.7630300742658,-0.722947890591171,-0.868780844244879,-0.517301401520995,0.578329669627952,290,20,"Same margins"
-0.0419570607949175,-0.395165527797246,0.311251406207411,-0.253455439020834,-0.648838955799259,0.141928077757591,56.3141139101559,-0.163835077103182,-0.566780222570264,0.198778815153832,-0.192689689503117,-0.73670637281647,0.351326993810235,TRUE,0.812125850513957,-0.141965062621507,-0.192689689503117,-0.0507246268816106,0,37.9614414613206,-0.213716539555156,-0.579833839852444,0.143103274547501,1.73169822541223,-0.244122404948354,-0.421687670299355,-0.0291493380743125,0.984542647529931,493,11,"Moderate overlap"
-0.0613728260802384,-0.410009033515482,0.287263381355005,-0.392509190617191,-0.78287260670568,-0.00214577452870268,55.5253676582453,-0.246713937629623,-0.641156701899788,0.136815186772656,-0.367543461969893,-0.883656733394902,0.148569809455116,TRUE,1.09080033140978,-0.412649311575514,-0.367543461969893,0.045105849605621,0,39.0439096950574,-0.494551253901594,-0.782508308651048,-0.0706386592733033,2.07027547899491,-0.440259001059068,-0.591794611234053,-0.234977723866169,0.960000391991164,480,12,"Moderate overlap"
-0.045356901295084,-0.398835127411984,0.308121324821816,-0.168001816468261,-0.561162072168567,0.225158439232046,38.1195103118096,-0.180627940855799,-0.577514183966415,0.217169187680752,-0.284109119953216,-0.786356365213539,0.218138125307107,TRUE,0.853920041178521,-0.174951926701776,-0.284109119953216,-0.10915719325144,0,42.4186488940808,0.0500461216994485,-0.294373152353483,0.340537059706465,1.35387802313262,-0.19945619035737,-0.583837771943667,-0.033706476759643,0.995657893940801,499,13,"Moderate overlap"
0.339051241941697,-0.000729566626511524,0.678832050509905,0.011028614412352,-0.370607922615944,0.392665151440648,96.7474753231123,0.00300024051522964,-0.376599173978696,0.373427970573243,0.0919024306615182,-0.340982568618117,0.524787429941154,TRUE,1.07506100504494,0.0263636325627878,0.0919024306615182,0.0655387980987304,0,42.2731409371823,-0.38770317279493,-0.726443762734265,0.02645948547946,0.767803024870558,-0.357473337501927,-0.683434662405475,-0.0779763579484868,0.594224476482979,298,14,"Moderate overlap"
0.0941376339504128,-0.259127461197261,0.447402729098087,-0.0838468097443322,-0.475781359208325,0.308087739719661,67.1468544783426,-0.05105183658842,-0.467928456647179,0.335575377794944,-0.209056504380096,-0.737006733452749,0.318893724692556,TRUE,0.883522854071866,-0.0526355669163494,-0.209056504380096,-0.156420937463747,0,43.7630786533543,-0.30567168430809,-0.724587626144103,0.274386506149485,2.08359906867412,-0.515043057214667,-0.670295564245715,-0.389662149116719,0.897687842848113,449.5,15,"Moderate overlap"
-0.362652337108862,-0.751283280773855,0.0259786065561298,-0.635698173943895,-1.06451898587943,-0.20687736200836,78.6322791359187,-0.518790848045056,-0.98243929263335,-0.116855759081741,-0.786187933079247,-1.43879124362428,-0.133584622534211,TRUE,0.94620346640514,-0.942728263736528,-0.518502753309214,0.424225510427314,0.630997366236649,45.9581752735444,-1.07428467980931,-1.40161377635218,-0.564248915275024,2.29331212378645,-0.892456665723537,-1.09874732480477,-0.536963660714422,0.961494486168096,481,16,"Moderate overlap"
0.17864939668155,-0.180217545432256,0.537516338795356,-0.109801412439943,-0.508353712774964,0.288750887895078,39.8100171232915,-0.0826510673605756,-0.514977563118868,0.317258760684941,-0.0444564766993175,-0.580703998201771,0.491791044803136,TRUE,0.85298737995974,-0.0816199936238784,-0.0444564766993175,0.0371635169245609,0,39.7841998200227,-0.0271334377414755,-0.280744565196648,0.404153912230623,1.20998076550996,0.141406813215536,-0.0752548213334682,0.27815857682464,0.494613489811125,247,17,"Moderate overlap"
-0.0141312191015989,-0.383553477933476,0.355291039730278,-0.0614051313184695,-0.470145243877094,0.347334981240155,104.755937043707,-0.0848178526667169,-0.499051846457914,0.318553970608329,-0.023166165285383,-0.610607332692758,0.564275002121992,TRUE,0.960774259013473,0.126393186582943,-0.325777003987514,-0.452170190570457,0.669241018122751,45.9359142321937,-0.354940507067142,-0.864565355619301,0.328461300755558,1.92127124900984,-0.0235124284269383,-0.223495288119026,0.084513539269934,0.961227176291705,482,18,"Moderate overlap"
-0.150036150629409,-0.508536202686297,0.208463901427478,-0.328617249651807,-0.72962659752538,0.0723920982217653,38.3062602181128,-0.249850972124984,-0.672620619364985,0.158304724345257,-0.381434589507296,-0.851177970292864,0.088308791278273,TRUE,1.08935477351901,-0.542834058514166,-0.381434589507296,0.161399469006871,0,44.5522191776209,-0.358572417791617,-0.652517745070366,0.108798516697108,2.24053355419651,-0.497593060562067,-0.605273362830259,-0.387289064473117,0.996438013508613,499,19,"Moderate overlap"
-0.4210240189106,-0.809607479897358,-0.0324405579238421,-0.604030696086892,-1.03353232695674,-0.174529065217045,54.3840584278939,-0.507957442427249,-0.960190289794702,-0.0998875449357743,-0.810907694849607,-1.36022586424713,-0.261589525452082,TRUE,0.918735512388586,-0.650271707971102,-0.810907694849607,-0.160635986878505,0,42.3449275047718,-0.714529983146017,-1.06097540976349,-0.185532922139401,1.2451365586322,-0.572469834879574,-0.929682324058644,-0.428619465401042,0.900756063364107,450,20,"Moderate overlap"
0.510658074373574,0.169648702186899,0.851667446560248,-0.58166135521164,-0.989235226307444,-0.174087484115835,1.00000000099802,-0.481924330373797,-0.844940356716343,-0.108514781421342,NA,NA,NA,FALSE,0.786329717014924,NA,NA,NA,NA,NA,-0.629546643897404,-1.29881847699677,-0.383075217830044,1.83279694729552,-0.243844747813731,-0.415383327065541,-0.0828838524126921,0.904879903653775,453,11,"Poor overlap"
0.5725176289232,0.222893453623492,0.922141804222907,-0.398902655364594,-0.793071049382795,-0.00473426134639315,1.00000000099806,-0.555690279141962,-0.960437039728886,-0.196127687787409,-0.618541361348253,-2.34370211619356,1.10661939349706,TRUE,0.990956740042149,-0.645401971348175,-0.618541361348253,0.026860609999922,0,5.96853905989149,0.318669027534783,-0.109286696487484,0.632488729910292,0.760552574221145,-0.0677164549210641,-0.239119046223117,0.0558802149418875,0.996532410595971,499,12,"Poor overlap"
0.159797837419208,-0.189093476988635,0.508689151827052,0.723606045573514,0.202403873243623,1.2448082179034,1.00000000099803,1.1448340988805,0.677412349803417,1.59557828658068,-0.388125528484027,-1.63055155289112,0.854300495923068,TRUE,0.849835046651148,-0.77207412782672,-0.388125528484027,0.383948599342694,0,10.0231679311326,-0.274665504166929,-0.880351905557626,0.19877382576746,2.0380240851359,-0.147167330317349,-0.352285560362823,0.0281230577717743,0.944599923525248,474,13,"Poor overlap"
0.354122185764577,0.00981481514976545,0.698429556379389,0.202272875377199,-0.29358929936951,0.698135050123907,1.00000000099807,0.691201958863809,0.202943349982397,1.11658074865071,-0.136235384057317,-1.19995308180491,0.927482313690275,TRUE,0.949265355501445,0.176327864957236,-0.136235384057317,-0.312563249014552,0,9.78083058633257,0.0237980569680068,-0.155981009090152,0.22844032206643,0.814010882038804,-0.379133196504898,-0.477450090260652,-0.282995887425167,0.974335855264347,488,14,"Poor overlap"
0.327820363525124,-0.0256966404310404,0.681337367481289,-0.340894464310377,-0.755181904705667,0.0733929760849134,1.00000000099802,-0.348641843200818,-0.779928385930322,0.041264515310894,-0.286432577795279,-0.968571027744203,0.395705872153645,TRUE,0.958132710063778,-0.17990050632437,-0.286432577795279,-0.10653207147091,0,11.3575546072207,-0.510582781248487,-1.08609405238425,-0.0914382695546115,0.807985546092265,-0.229848921243365,-0.420630383404478,-0.0145311038546351,0.983810127206884,493,15,"Poor overlap"
0.226445716012671,-0.117536276120815,0.570427708146158,-1.0632986477514,-1.49960861766158,-0.626988677841218,1.00000000099802,-0.961119482457106,-1.33823902580418,-0.59536849218054,-0.465610104849525,-0.465610104849525,-0.465610104849525,TRUE,0.886777679565545,-0.465610104849525,-0.445402004926457,0.0202080999230689,1,5.77174477677723,-0.849045961037246,-1.22805490349191,-0.520003094170938,2.02521286258031,-0.625668061389964,-0.867710583909151,-0.389958188236645,0.51444912328489,257,16,"Poor overlap"
0.0530514217643063,-0.316453046735784,0.422555890264397,-0.625147464351269,-1.08722070664003,-0.163074222062511,1.00000000099806,-0.410531971083085,-0.833939118663892,0.000192811642516375,-0.516285076509216,-1.77385148772989,0.741281334711463,TRUE,1.13542981017697,-0.235330244245715,-0.516285076509216,-0.280954832263501,0,11.6044067643859,-0.629862595441509,-1.06174381795524,0.143608497556436,2.95675444804013,-0.487539749819993,-0.582913442668913,-0.34350568914407,0.967352791051814,484,17,"Poor overlap"
0.14703048677769,-0.206240366262122,0.500301339817502,0.842262639766496,0.426898179558062,1.25762709997493,1.00000000099801,0.396653684428075,0.0178629680932868,0.809077383898516,-0.304998781746516,-1.14212237896054,0.532124815467506,TRUE,0.970591568682775,-0.681896416089461,-0.304998781746516,0.376897634342945,0,13.0860505650435,-0.597017731171852,-1.3940145045544,-0.127141513069401,0.408389316802612,-0.426777323982485,-0.776737514029697,-0.222225505903661,0.987883379710648,495,18,"Poor overlap"
0.402812139573178,0.0673456997888818,0.738278579357475,-0.871766668885764,-1.27209796211791,-0.471435375653615,1.00000000099801,-1.20198921412298,-1.58521962000886,-0.85967689616902,-0.368651306681386,-1.58024600083761,0.842943387474841,TRUE,0.999891520816643,-0.722609008983364,-0.368651306681386,0.353957702301978,0,7.67007960320772,-0.0616757514542873,-0.893082942219042,0.28629164189743,2.12423349621733,-0.417439700399516,-0.524782779491526,-0.275486833465373,0.973392852843418,487.5,19,"Poor overlap"
0.407455630133248,0.0581587298381154,0.756752530428381,1.20510701285163,0.773840685229442,1.63637334047382,1.00000000099803,0.514901210175484,0.122342605674443,0.926720135572244,NA,NA,NA,FALSE,1.21215084352985,NA,NA,NA,NA,NA,-0.154254758833471,-0.489236810396813,0.189255967852063,1.40994831656799,-0.636886128448576,-0.754864591324855,-0.484051494402096,0.983408580077442,492,20,"Poor overlap"
-0.112877192325462,-0.466008134238796,0.240253749587872,-0.376566488235371,-0.769122029422453,0.0159890529517114,17.1806726967514,-0.34876553663745,-0.734890099958603,0.0501001567383484,-0.422725439089775,-1.05579577223483,0.210344894055275,TRUE,0.977604105362936,-0.19499385082491,-0.422725439089775,-0.227731588264865,0,38.7489539460582,-0.16535697777763,-0.475091882000236,0.309021594221385,1.40440933289874,-0.0604233314512614,-0.209617529564472,0.0373843747153488,0.992280809696114,497,11,"Moderate overlap, outcome shift"
-0.267344798183815,-0.642773026286681,0.108083429919052,-0.398072142270077,-0.816985660042365,0.0208413755022097,47.2741704866252,-0.322391906159137,-0.762173260658871,0.0992198892728074,-0.485831132358581,-0.690402551887989,-0.281259712829173,TRUE,0.963511542906429,-0.60012460310834,-0.485831132358581,0.114293470749759,0,40.179045217235,-0.931535101622473,-1.50911417347353,-0.735379761476513,0.405349598261147,-0.687086446343545,-0.740581281513813,-0.537528006227111,0.981455922494892,492,12,"Moderate overlap, outcome shift"
0.129457722426877,-0.219350568622875,0.478266013476629,0.0856544535831811,-0.305159062051769,0.476467969218131,42.1212646670892,0.0361557415217914,-0.375681178877556,0.394950176978113,-0.30022677792397,-0.831871707717662,0.231418151869722,TRUE,0.93174324779771,-0.48901166014736,-0.193061159770392,0.295950500376969,0.362106561796906,39.8221963555541,-0.37869418669085,-0.874416187524508,0.12039314072196,0.85293033488109,-0.374175823561385,-0.560826817177458,-0.201846452164869,0.770001550608975,385,13,"Moderate overlap, outcome shift"
0.517946795559508,0.168002057643566,0.86789153347545,0.163138706401075,-0.224130001872136,0.550407414674286,38.5711073092741,0.069567700195524,-0.342698719617061,0.469243385645214,0.111643254676977,-0.395212344359519,0.618498853713472,TRUE,0.844863887599842,-0.0101191700302019,0.111643254676977,0.121762424707178,0,37.6147779469581,-0.0304293732232891,-0.333922562266646,0.286011454325809,1.25839595134508,-0.0233169021824484,-0.142280740020469,0.0953778703129166,0.973161564565647,487,14,"Moderate overlap, outcome shift"
0.256431838511816,-0.108255355388173,0.621119032411804,0.0991424607828446,-0.304043370871466,0.502328292437156,47.9138317260308,-0.0113395775281228,-0.413418065936393,0.392030171436419,-0.225956119899489,-0.797535396847853,0.345623157048874,TRUE,0.827799736911018,-0.391126311688708,-0.0563702690592682,0.33475604262944,0.506595338826924,45.2844915202817,-0.36950512528668,-0.810655601377714,-0.0369419044677371,2.8870999270409,0.0128462905191599,-0.301010003672255,0.187559117560476,0.992864310917636,497,15,"Moderate overlap, outcome shift"
0.0543739717716874,-0.304102591221194,0.412850534764569,-0.139749601636782,-0.537544248288394,0.25804504501483,32.8412929511247,-0.105596402263275,-0.52036749018869,0.271199908907464,0.0334414642980154,-0.515644795634792,0.582527724230822,TRUE,1.02012547424804,-0.0436664745588617,0.0334414642980154,0.0771079388568772,0,42.4570730426404,-0.0929954701915188,-0.515888865051989,0.304733967988355,2.89965517974634,-0.00425857559768978,-0.329827513671684,0.177388633541021,0.780476918223255,389,16,"Moderate overlap, outcome shift"
0.171162927328751,-0.187509903907001,0.529835758564504,0.0558832355453594,-0.342822040232453,0.454588511323172,62.3013126781855,-0.00355946283365314,-0.397924598896791,0.389705301863621,-0.100058570015454,-0.64811983637666,0.448002696345752,TRUE,0.964742086600918,-0.288369376172678,0.0729091956901056,0.361278571862783,0.478765637313398,43.3773287769721,-0.464381497305695,-0.802552917956622,-0.0852139827590736,1.41737568094207,-0.0347699691293311,-0.307947945701705,0.23896950196263,0.966772027538555,484,17,"Moderate overlap, outcome shift"
0.11056500826874,-0.248248320460989,0.469378336998468,-0.12385111875489,-0.520350032463311,0.27264779495353,107.412373782647,-0.122902772775947,-0.573739181216469,0.269507254889018,-0.162135359830636,-0.649873745020604,0.325603025359333,TRUE,0.981601582234992,0.0421635659380873,-0.162135359830636,-0.204298925768723,0,47.6971039360782,-0.0468919683631964,-0.302360058539554,0.295315411383852,0.966578202609185,-0.344128071697321,-0.477990413716215,-0.0193971136680588,0.689692598015459,345,18,"Moderate overlap, outcome shift"
0.300659895228497,-0.0399786750939062,0.641298465550899,-0.00143723954046214,-0.385563931307711,0.382689452226787,65.9072253605409,-0.0245186070498565,-0.41454273298029,0.339383520667459,0.0411946360611185,-0.487805906570339,0.570195178692576,TRUE,1.08059671597135,-0.137565726160254,0.19322375801167,0.330789484171924,0.459594785279016,41.3770783756779,-0.330440500290517,-0.656969510768779,-0.0398745543489722,0.483737545962064,-0.196873717069618,-0.434504066748519,0.0479895571758136,0.970454453537298,486,19,"Moderate overlap, outcome shift"
0.372607049327246,0.0237530360589632,0.721461062595529,0.129810716073202,-0.259051871987327,0.518673304133731,45.8077478392078,0.0792739458846281,-0.329608393006143,0.455405167810255,0.0716088971127752,-0.456794198499863,0.600011992725413,TRUE,0.824216176717432,-0.114980404440167,0.20316526207866,0.318145666518827,0.413509844108153,45.0650994190949,-0.0866187148567291,-0.582395439398888,0.244084562442829,1.02194973755764,0.051682908305017,-0.212110695627683,0.196472412926791,0.898473442978699,450,20,"Moderate overlap, outcome shift"
0.591562825078493,0.241824139193342,0.941301510963645,-0.0667811416940836,-0.491108076089875,0.357545792701708,1.00000000099802,-0.10981903278633,-0.519637297984422,0.26526375558792,-0.251717457711972,-1.24203765025169,0.738602734827744,TRUE,0.94299626190502,-0.598909407759519,-0.251717457711972,0.347191950047548,0,8.139531094038,-0.256565489473308,-0.69622950303948,0.235712117082234,1.69236562521768,-0.00590397460809325,-0.277876087995442,0.232503360427698,0.995947812839269,499,11,"Poor overlap, outcome shift"
0.768291569961472,0.425095697207898,1.11148744271505,1.7014566393783,1.22397855050095,2.17893472825564,1.00000000099806,0.632976899517954,0.217738382552123,1.00219170812584,NA,NA,NA,FALSE,0.744937532593766,NA,NA,NA,NA,NA,-0.206734730838883,-0.731879173671732,0.12569037425628,0.824748400088669,-0.175153956840484,-0.40432935702518,0.0138654757437755,0.934343753682854,468,12,"Poor overlap, outcome shift"
0.586778599656667,0.246124474578644,0.927432724734689,0.0781300915842383,-0.326292479559533,0.48255266272801,1.00000000099802,-0.0531964267587221,-0.438484220415643,0.332711216020509,-0.308490237183816,-1.37048320619953,0.753502731831896,TRUE,1.00419839217186,-0.0953785152220088,-0.308490237183816,-0.213111721961807,0,10.5734349948123,-0.11477861832609,-0.435412652569427,0.259103198162793,1.27677939835332,-0.120249333329725,-0.360800270406235,0.106143916892248,0.979041482001767,490,13,"Poor overlap, outcome shift"
0.756389294813089,0.417769816879839,1.09500877274634,0.2867776456129,-0.107440849527691,0.680996140753491,1.000000000998,0.128082866670559,-0.268923467836467,0.50245937068054,0.0153688612157278,-1.15120545201289,1.18194317444435,TRUE,1.08782701408346,0.247113660306518,0.0153688612157278,-0.231744799090791,0,8.07095220213347,-0.406587746289323,-0.85426096098823,0.125543325453545,0.98033956938367,0.0469658827570013,-0.175194144979001,0.18553430496119,0.844753487000407,423,14,"Poor overlap, outcome shift"
0.90047534193061,0.555696932880458,1.24525375098076,-0.597560271292819,-1.00120342087076,-0.193917121714883,1.00000000099806,-0.706999989370734,-1.13895119819291,-0.339225316899316,-0.324780364901171,-1.57222308760478,0.922662357802438,TRUE,1.14643411085336,-0.605379247896001,-0.324780364901171,0.28059888299483,0,8.10158094658984,-0.870243357799941,-1.35281173302176,-0.435941810238414,1.59692673669816,0.0310627503819367,-0.0779311684163086,0.18116631575431,0.988867709689656,495,15,"Poor overlap, outcome shift"
0.786193496479446,0.439134691037599,1.13325230192129,-0.785275633691307,-1.19438252493281,-0.376168742449807,1.00000000099802,-0.921281347606811,-1.29245171528402,-0.530870525064311,-0.74956822248209,-2.49971473842074,1.00057829345655,TRUE,0.871460057313851,-1.01868998126245,-0.0739011120205855,0.944788869241865,0.715151429550272,7.33463340005793,-0.160309276530038,-0.66903428342003,0.182100293744746,2.17719135458107,-0.296797095107241,-0.475724613786643,-0.220579691871045,0.989013787297457,495,16,"Poor overlap, outcome shift"
0.515709595045817,0.17778522163588,0.853633968455754,-0.900472096046096,-1.29582782013736,-0.505116371954833,1.00000000099804,-1.25110711717408,-1.68340545524553,-0.896716326562781,-0.110181573606807,-0.889103733218691,0.668740586005078,TRUE,0.851240591046305,-0.460988652140768,-0.110181573606807,0.350807078533961,0,15.1406502039898,-0.298029316956567,-0.644374457191069,0.200836303361093,1.78136347009595,-0.137480948626012,-0.287218722150397,0.0637135269700016,0.961255296758868,481,17,"Poor overlap, outcome shift"
0.650589227592922,0.304971166052234,0.996207289133611,0.24516356773013,-0.162168879500851,0.652496014961112,1.00000000099801,0.099396653249923,-0.303876593788657,0.458614602470815,-0.505074514132762,-1.71952507238478,0.709376044119258,TRUE,0.954626330684589,-0.908935211259512,-0.397899363619511,0.511035847640002,0.209721394317432,9.86423934524002,-0.412465620685008,-0.782893797014071,-0.131255273014254,2.01506913371418,-0.0535659983443832,-0.195355903123927,0.13270347561545,0.991149281381881,496,18,"Poor overlap, outcome shift"
0.386522785532124,0.0277550747094184,0.74529049635483,0.871244366028692,0.449729400720019,1.29275933133736,1.00000000099803,0.426541314668616,0.0403426973832513,0.816467608309687,0.0500673629000793,-0.884686811836752,0.984821537636911,TRUE,0.902847879849091,-0.200874563023782,0.282176054386203,0.483050617409985,0.480505941035003,15.0290375844074,-0.734275309819124,-1.36132118655239,-0.165013645905486,1.17686020392209,-0.0618277048077147,-0.388952752136364,0.200717899127175,0.54273364034247,272,19,"Poor overlap, outcome shift"
0.584046962599758,0.241145708012035,0.926948217187482,-0.348297254544281,-0.756941255224353,0.0603467461357911,1.00000000099801,-0.137078702926511,-0.514544815850749,0.241906093491631,0.227215608827385,-0.804971595767405,1.25940281342217,TRUE,0.984681484771595,0.227679114380671,0.227215608827385,-0.000463505553286013,0,9.6548174510178,-0.519073175389849,-0.818812231809736,-0.199341466663758,1.56394742286625,-0.279825356491165,-0.507493838503933,-0.161735418052978,0.961922430200242,481,20,"Poor overlap, outcome shift"
-0.369898447487799,-0.733755441115166,-0.0060414538604322,-0.320340225588782,-0.726267339207544,0.0855868880299792,433.479083421346,-0.245305692913763,-0.650276111293429,0.151549514680313,-0.567277783925364,-0.959783661266974,-0.174771906583754,TRUE,0.953360247388177,-0.420559646340876,-0.567277783925364,-0.146718137584488,0,61.4747329334054,-0.150528699628565,-0.347287728143585,0.176393067273862,1.35809121022933,-0.478150192380131,-0.62407815235556,-0.330294037691296,0.976110115208708,489,21,"Same margins"
-0.128695169634039,-0.482097532571235,0.224707193303158,-0.0598515788651294,-0.457368170113744,0.337665012383486,461.022343411288,-0.0346622007173982,-0.447243745765919,0.378195553603146,0.346489340768036,0.346489340768036,0.346489340768036,TRUE,1.0751939719733,0.346489340768036,-0.113645592270386,-0.460134933038423,1,60.1012132550691,0.133336862466339,-0.313485350671419,0.438283648002004,1.89127355637667,-0.23387965794971,-0.472357991575,-0.0184848726175584,0.922656196059536,461,22,"Same margins"
0.0127788012783905,-0.340588545540768,0.36614614809755,-0.0597403559597902,-0.453280724499036,0.333800012579456,461.965290764784,-0.0284211133343464,-0.415687177321693,0.319218749314966,-0.0829862989697449,-0.48266137566277,0.316688777723281,TRUE,0.916916320287791,-0.170570439967228,-0.0829862989697449,0.0875841409974829,0,57.4415949160908,-0.279681365386696,-0.539237926038759,0.0976562942096244,1.31642533249467,-0.221559771011858,-0.47816645814322,-0.0880633038168857,0.901140161730317,450,23,"Same margins"
-0.213642110858791,-0.578121484830775,0.150837263113193,-0.189712906975734,-0.597160891858038,0.217735077906571,448.3921657937,-0.143046064405826,-0.537089702900516,0.246639339074371,-0.30549167053892,-0.740420206065512,0.129436864987671,TRUE,1.00399221136479,-0.193386537905258,-0.30549167053892,-0.112105132633662,0,59.2832007078203,0.22994337830187,-0.552948691415048,0.553277620251055,2.199657940402,-0.18114215208571,-0.274736075647104,-0.0655674166796308,0.975039417368453,489,24,"Same margins"
-0.239235885046019,-0.62093860117744,0.142466831085402,-0.273018281608781,-0.694859447110951,0.148822883893389,408.109107160679,-0.235885973672949,-0.74407276573358,0.149570029583268,-0.224186377316123,-0.639899831846188,0.191527077213942,TRUE,0.816812566045966,-0.0320412039034608,-0.224186377316123,-0.192145173412662,0,62.4316596853879,-0.118781333250676,-0.598135000034586,0.394122461283579,2.07543510862655,-0.372946425965627,-0.566981800637612,-0.194357907512853,0.97734318409274,490,25,"Same margins"
-0.226904137828621,-0.596710464454669,0.142902188797427,-0.300720175732148,-0.712602437374803,0.111162085910506,461.925892929372,-0.217732530801278,-0.646323049525097,0.174377621658607,-0.316470924582077,-0.750635190756068,0.117693341591915,TRUE,0.978765962457567,-0.486571545665909,-0.267136401947662,0.219435143718247,0.224825074955905,58.7492331920866,-0.334906324898057,-0.699638180731078,-0.0774024103425071,2.24987150823331,-0.00847993513000374,-0.101021587470613,0.154319410463773,0.982403078817942,492,26,"Same margins"
-0.300179018868308,-0.675314786988359,0.0749567492517422,-0.336519597557499,-0.750841406189318,0.0778022110743194,448.511644020937,-0.279951240526968,-0.720383620152029,0.0998270552162375,-0.275568075047935,-0.707218512806043,0.156082362710172,TRUE,1.00809812950276,-0.268697896637278,-0.275568075047935,-0.00687017841065688,0,58.2537378621358,-0.316267813217339,-0.760643083616778,0.0813684873698005,0.686116841112877,-0.426474509958758,-0.552320941892002,-0.173405787357558,0.9173274471797,458,27,"Same margins"
-0.434071634755028,-0.822609868364812,-0.0455334011452439,-0.371995249567429,-0.799795595597768,0.05580509646291,484.93302895741,-0.311847642850329,-0.783953719399025,0.133750274563699,-0.512724620663345,-0.972763575830184,-0.052685665496506,TRUE,0.962193803894899,-0.312023461045373,-0.546269926367189,-0.234246465321817,0.143205173481523,61.0361579037898,-0.779740752550597,-1.31007540508394,-0.360066170302962,1.5653648674121,-0.466804465125083,-0.61211526029284,-0.289912173654242,0.97401743081833,488,28,"Same margins"
-0.520569429556183,-0.931035682287303,-0.110103176825063,-0.551198115307658,-0.998982043352892,-0.103414187262424,458.107390449798,-0.493528570581748,-0.984900252544245,-0.093058428927658,-0.72416953695626,-1.21733651733302,-0.231002556579499,TRUE,0.833637382405036,-0.677128179117579,-0.72416953695626,-0.0470413578386811,0,59.95725475435,-0.533367668928033,-0.836044683149823,-0.0860636888637528,1.85245960850618,-0.972006571397071,-1.15286717154049,-0.724973550150303,0.60509901427217,303,29,"Same margins"
-0.193932307734149,-0.569549849606409,0.18168523413811,-0.162843530076031,-0.579156815589239,0.253469755437177,412.97078827114,-0.114035196594778,-0.571440445711596,0.269116757786027,-0.154405313492986,-0.616450290187968,0.307639663201997,TRUE,0.862451018235408,0.00787327204126205,-0.283676658667918,-0.29154993070918,0.443393503337445,60.9482209340878,-0.117590167884706,-0.460763211839988,0.348648156289157,0.754796709360905,-0.212327568103231,-0.342763914564022,0.0409857662474167,0.989124006748324,495,30,"Same margins"
-0.208976091406711,-0.573106219663757,0.155154036850335,-0.452644819600059,-0.856478031462544,-0.048811607737575,27.8368378315164,-0.365917799417,-0.769631634800682,0.0290935316486962,-0.553926821687774,-1.08501069365674,-0.0228429497188097,TRUE,1.01973134057607,-0.40088070371803,-0.553926821687774,-0.153046117969744,0,41.0568106495762,-0.472069815869428,-0.880882380052987,-0.231626626135708,2.46229189689838,-0.514927896934434,-0.618620502265535,-0.339872064400779,0.979614120343245,491,21,"Moderate overlap"
-0.272368009988929,-0.64164100045912,0.0969049804812628,-0.402722516041804,-0.811043735582895,0.00559870349928676,53.6204953921511,-0.343574102783194,-0.781246972579491,0.0303801529875305,-0.687727187487589,-1.23398864602266,-0.141465728952517,TRUE,1.03727782479329,-0.647231103350463,-0.687727187487589,-0.0404960841371264,0,42.0759073169828,-0.909310707082597,-1.23240710368071,-0.352799698894908,2.29742880881886,-0.57569390570302,-0.815308371503993,-0.201718303039275,0.865122983061953,433,22,"Moderate overlap"
-0.107467999684695,-0.465849124159684,0.250913124790293,-0.237541851898742,-0.637372750320074,0.16228904652259,39.1463896005893,-0.223373208824898,-0.605150080248617,0.173000729388308,0.0181186919387519,-0.596748862777755,0.632986246655259,TRUE,1.17399194522816,0.115924688924118,-0.535536617276609,-0.651461306200727,0.84986675946149,40.3513162121635,0.1166139339824,-0.161286858337417,0.387636877508509,1.04138395437928,-0.495092420769853,-0.859507465324909,-0.362312394250685,0.829810031376483,415,23,"Moderate overlap"
-0.168350541600104,-0.537837320608752,0.201136237408545,-0.283939769925462,-0.695225530559041,0.127345990708118,80.4204812030007,-0.226673594136261,-0.656569120786313,0.177316538135615,-0.515681234804584,-1.05346160275141,0.022099133142243,TRUE,1.14359457787527,-0.575120444354539,-0.515681234804584,0.059439209549955,0,46.0115852448786,-0.36165856430541,-0.681873177256014,-0.0740269897873985,1.14952022803651,-0.381308208378695,-0.478515270981801,-0.210762148660371,0.973273900227033,487,24,"Moderate overlap"
-0.328605695434508,-0.697820513025071,0.0406091221560556,-0.350475708864764,-0.76034684305693,0.0593954253274029,48.811220097872,-0.324370685035217,-0.772296625777027,0.0948663241323324,-0.648656939454745,-1.15812503978665,-0.139188839122843,TRUE,1.01151128059091,-0.466569559876214,-0.648656939454745,-0.182087379578531,0,42.4957379873441,-0.354496831281974,-0.893986399221574,0.0651578701949048,1.76023279999692,-0.669392554006794,-0.788138035795694,-0.358297407655217,0.569157534879305,285,25,"Moderate overlap"
-0.104721041382667,-0.474133884269472,0.264691801504139,-0.353838157149857,-0.762417892750253,0.0547415784505386,34.4830837068417,-0.348029982766346,-0.760034409178848,0.0653463742773917,-0.44803701687356,-0.950365182578747,0.0542911488316271,TRUE,0.881501407148783,-0.665087200803008,-0.44803701687356,0.217050183929448,0,43.4146789452615,-0.404374391942218,-0.919889908116984,0.193694908028692,1.24887918329417,-0.613485467083744,-0.710781728561625,-0.503247601920331,0.761343524281382,382,26,"Moderate overlap"
-0.146204795854052,-0.504597730586771,0.212188138878667,-0.561620225414055,-0.962903440723649,-0.160337010104461,38.4313386731784,-0.401787576263663,-0.806316997707346,-0.0177434272775998,-0.426910596653326,-0.971556519869653,0.117735326563002,TRUE,1.10504760606966,-0.501041890428437,-0.426910596653326,0.0741312937751117,0,36.1529574649774,-0.395984940444796,-1.23172487919963,-0.0720546710031954,0.439053565775889,-0.494234208067457,-0.643768448903921,-0.275941251142865,0.935644547724065,470,27,"Moderate overlap"
-0.391622979102437,-0.780095146168277,-0.00315081203659656,-0.690623238881097,-1.11767274199041,-0.263573735771781,64.1178817193744,-0.584585800278391,-1.05191309985465,-0.173588982487398,-0.984053410310498,-1.5705189855143,-0.397587835106694,TRUE,0.867417578578235,-1.12002444667308,-0.769450957441341,0.350573489231738,0.612146837855442,45.3989288053304,-1.01301806816518,-1.6164230099732,-0.547363397988764,1.50922643990756,-0.51556125166512,-0.632664145753381,-0.392728430824635,0.939783960224129,470,28,"Moderate overlap"
-0.249933334680988,-0.608904341660987,0.10903767229901,-0.41529496731867,-0.81734479837278,-0.0132451362645601,30.3676818597926,-0.303997052738054,-0.728091628190687,0.0830782249240279,-0.508513534146422,-1.03224601409855,0.0152189458057066,TRUE,1.05568223659538,-0.352470735759795,-0.508513534146422,-0.156042798386626,0,43.9573661452101,-0.35790216792147,-0.771726576868893,-0.0443681942184098,2.61513671321273,-0.436745269597749,-0.768660064329223,-0.282559882401395,0.686398005545944,343,29,"Moderate overlap"
-0.451429654866748,-0.833071074193672,-0.069788235539823,-0.706170738147872,-1.12737381216666,-0.284967664129082,87.8959240633416,-0.548590758833459,-0.975586142271943,-0.161031578912978,-0.674979773014994,-1.23991752975772,-0.110042016272266,TRUE,0.914329443243631,-0.473339453154517,-0.770983035635072,-0.297643582480556,0.322544372769569,47.700353116514,-0.426497415897204,-0.939042193898367,-0.0402217982629993,1.74695322614027,-0.888095634394329,-1.04232077834474,-0.526414998937164,0.982621377115523,492,30,"Moderate overlap"
0.574219365835073,0.234107735732308,0.914330995937838,-0.305370649738192,-0.722397782954871,0.111656483478488,1.00000000099802,-0.333910078576317,-0.725959760896266,0.0463332083788021,NA,NA,NA,FALSE,1.22866534587821,NA,NA,NA,NA,NA,-0.140324182148636,-0.473327464571732,0.245763379775,0.850155409527525,-0.208748862508815,-0.280825050852717,-0.0309743793141383,0.981297571072872,491,21,"Poor overlap"
0.46330653841118,0.112542738221781,0.814070338600578,-0.758801417801902,-1.1605012876799,-0.357101547923906,1.00000000099806,-0.82615560035802,-1.21868828174395,-0.445388501421473,-0.0997405396407219,-0.931901335976918,0.732420256695474,TRUE,0.922762589911002,0.379387954399447,-0.0997405396407219,-0.479128494040169,0,11.5061968608095,-0.264711624409008,-0.680659314840641,0.00895243544939694,0.837760502176554,-0.40017773150733,-0.591884235991332,-0.180849961194538,0.964346481486744,483,22,"Poor overlap"
0.150571461835834,-0.202573563509939,0.503716487181607,-0.707990437550318,-1.12416565817191,-0.291815216928726,1.00000000099803,-0.539570789748748,-0.920781804434874,-0.125639706202865,-0.981928820610285,-2.45030412043146,0.486446479210886,TRUE,0.937877582158654,-0.467794292240631,-1.08735837885384,-0.619564086613205,0.170167316862848,7.97414140845644,-0.667844084429889,-1.27863587371868,-0.0496781041897242,0.39666292117088,-0.747703097508916,-1.05727500000104,-0.452132514202221,0.914135060128818,456,23,"Poor overlap"
0.0352925284968174,-0.352783122536221,0.423368179529856,0.340398329977281,-0.0995689137821541,0.780365573736716,1.00000000099803,0.0691672787470347,-0.380899729581659,0.478882972260847,-0.207280685241952,-1.2280170824166,0.813455711932692,TRUE,0.984826443179148,0.419016140556971,-0.283320844998403,-0.702336985555374,0.108267343626111,9.48932435178941,-0.450299427595016,-0.795409617314657,-0.0381282202986913,2.31045712273868,-0.300346523547062,-0.400324225621532,-0.195657571210043,0.990805888340259,496,24,"Poor overlap"
0.256645326916212,-0.0869308824522128,0.600221536284637,0.498129926187767,0.0909872451570632,0.90527260721847,1.000000000998,0.276347058638522,-0.112671593523539,0.673551474546751,-0.521201473123861,-2.34649905303293,1.30409610678521,TRUE,0.9178692561961,-0.415788008841002,-0.521201473123861,-0.10541346428286,0,5.91572703529734,-0.482613568108834,-0.808961759911841,0.0515597466834523,1.2487943040941,-0.674341989039306,-0.957799619608147,-0.53806647630896,0.99375778344839,498,25,"Poor overlap"
0.00844255797842007,-0.355256702033639,0.37214181799048,-0.315451175582881,-0.747267802229544,0.116365451063783,1.00000000099806,-0.409496751869855,-0.794346263659567,-0.024923970569018,-0.643131703594249,-1.58646964328269,0.300206236094196,TRUE,1.06938961396103,-0.474433058392279,-0.643131703594249,-0.16869864520197,0,12.2547439141226,-0.280326219177203,-0.50689517073682,0.0995355413077334,0.900428285030641,-0.580800344287497,-0.727420821904474,-0.366753582670653,0.994159609692688,498,26,"Poor overlap"
0.345289754089866,-0.00329187988552659,0.693871388065258,-0.576123390161073,-0.973664064483072,-0.178582715839073,1.00000000099804,-0.802699455859434,-1.20695319177403,-0.417731424803329,-0.342743327587351,-1.33116396900459,0.645677313829891,TRUE,0.975818915557933,-0.0293338777898761,-0.342743327587351,-0.313409449797475,0,11.6257029475272,0.0112372697082266,-0.442109328602776,1.00029044455892,2.03824025882958,0.044986475929278,-0.421222673257152,0.317162150820313,0.899933595669964,449,27,"Poor overlap"
0.153792958324667,-0.210252196202971,0.517838112852304,0.768880076559579,0.334726350078372,1.20303380304078,1.00000000099804,0.220257827330471,-0.206996543286316,0.599838231290885,-0.645930723325039,-1.59132389181026,0.299462445160183,TRUE,1.12127933593001,-0.600049228039589,-0.645930723325039,-0.0458814952854493,0,12.1468625005818,-0.222665534652369,-0.749249761729789,0.239401259200213,2.3362009021798,-0.324266975251614,-0.565454489710587,-0.133604684567373,0.783921859544872,392,28,"Poor overlap"
0.611278617171712,0.269177566627732,0.953379667715693,-0.589414716523055,-0.977530024808626,-0.201299408237484,1.00000000099805,-0.871465425342534,-1.25649861451434,-0.485387306791921,0.336787184550175,-0.742377855674614,1.41595222477496,TRUE,1.12261951139529,0.715989306400287,-0.146414972798092,-0.86240427919838,0.560296567402718,10.7397717121503,0.142751313848744,-0.155705646614626,0.361090186709261,1.87013128418469,0.0866772083020498,-0.242225430718296,0.170788967310242,0.993611589505194,498,29,"Poor overlap"
0.491530954737693,0.131495372308331,0.851566537167054,-0.264449400545534,-0.674263466895621,0.145364665804553,1.00000000099806,-0.341003547783562,-0.742832207172157,0.011902685945407,NA,NA,NA,FALSE,0.763571595917165,NA,NA,NA,NA,NA,0.412792945002693,-0.164914554344657,0.665959887926366,1.94680330887222,-0.398490179648236,-0.474389827762647,-0.197880847628175,0.990093832941336,496,30,"Poor overlap"
-0.133037493636537,-0.497252160796835,0.231177173523761,-0.310329050612385,-0.714107092869408,0.0934489916446372,52.4941567264192,-0.28199000150189,-0.699162857858047,0.123542796680216,-1.07654765904682,-1.73372627126579,-0.419369046827847,TRUE,1.13169577072816,-1.19529615432942,-0.638608997280573,0.556687157048844,0.786687201637419,45.293327686491,-1.29249779971602,-1.55522950867765,-0.98328459574833,1.2909525274154,-0.648346235615577,-0.757959861546675,-0.425158292768667,0.97168259860754,486,21,"Moderate overlap, outcome shift"
-0.0156258615174863,-0.38510182033624,0.353850097301268,-0.356439933418374,-0.763819679045885,0.0509398122091373,60.1676865971055,-0.311407214491667,-0.740351084351923,0.0688907534480067,-0.448589039308821,-1.0511952055795,0.15401712696186,TRUE,0.824395807212983,-0.628168381640646,-0.224957105247678,0.403211276392968,0.554627182210035,42.0272831246559,-0.726288971460342,-1.06076762100296,-0.357166847421506,0.758002594182419,-0.414421751662828,-0.615901761067958,-0.26178542257914,0.969268974704382,485,22,"Moderate overlap, outcome shift"
0.0161307504049714,-0.342336868693701,0.374598369503644,-0.236325146377272,-0.631961319800451,0.159311027045907,76.4791850939419,-0.218699602845538,-0.599914745713768,0.154027218750111,-0.322685344031899,-0.801598304402339,0.156227616338542,TRUE,0.963907196231259,-0.284177631002569,-0.322685344031899,-0.0385077130293296,0,44.8411534050038,-0.172607761277547,-0.555500357994094,0.28298743797221,1.79584126730346,-0.369508854544925,-0.525884190762619,-0.141020006684891,0.962755143934545,483,23,"Moderate overlap, outcome shift"
0.0836034571609499,-0.269908093311995,0.437115007633894,-0.273558784022138,-0.665396216762407,0.118278648718131,29.1421265573531,-0.253097699452932,-0.65044369316259,0.142655621719067,-0.131803269118156,-0.62801944172113,0.364412903484819,TRUE,0.863659924016928,-0.356965811742509,-0.0641831456172361,0.292782666125273,0.230956717471747,36.4384362174522,-0.55085427381171,-0.990501513391505,-0.124165123406832,2.57285803497117,-0.136822281311466,-0.23854570780998,-0.021213394604198,0.98312991723034,492,24,"Moderate overlap, outcome shift"
0.02986564522469,-0.323250932986585,0.382982223435965,-0.332110272664263,-0.724737662118451,0.0605171167899252,44.1730822488941,-0.275829204407771,-0.706088811024292,0.124316738062507,-0.154711530239913,-0.673787078376138,0.364364017896312,TRUE,0.988281500745208,-0.222361249813554,-0.154711530239913,0.0676497195736411,0,44.9288610080394,-0.871823216497535,-1.26500331291978,-0.4183403845029,2.40988639453717,-0.273938816798347,-0.394618803572006,-0.109982728882579,0.985892418662864,494,25,"Moderate overlap, outcome shift"
0.0437254119681892,-0.314380731965571,0.401831555901949,-0.210710639069016,-0.609519531579543,0.188098253441511,50.3618479781046,-0.171342291963369,-0.542071141646665,0.263835775464651,-0.108100112604688,-0.601582489755499,0.385382264546123,TRUE,0.825400820269909,0.00839701001007495,-0.108100112604688,-0.116497122614763,0,44.2174594330886,-0.519212814892986,-0.717128922317578,-0.246179211328379,1.12839436536988,-0.278762825850854,-0.463501085760035,-0.137659373578304,0.985049404079747,493,26,"Moderate overlap, outcome shift"
0.436806944601608,0.0967771846454319,0.776836704557785,-0.0423342187295251,-0.42022736818788,0.33555893072883,28.2771472901538,-0.0292668739586437,-0.425955123266453,0.328402075567403,NA,NA,NA,FALSE,1.30078418449855,NA,NA,NA,NA,NA,0.340893830917654,0.221125051358155,0.523934956100507,1.14012281282615,-0.359845385832325,-0.478100993265415,-0.244622347420557,0.984286947148483,493,27,"Moderate overlap, outcome shift"
-0.196405348331891,-0.54964897030662,0.156838273642838,-0.459142530006677,-0.859490628624904,-0.0587944313884491,45.2015977332366,-0.287578002789332,-0.711454962292569,0.0878776825291382,NA,NA,NA,FALSE,1.23201567596295,NA,NA,NA,NA,NA,-0.668872087305834,-1.12331817792791,-0.204203275971668,3.88597160248079,-0.481942258257982,-0.865940314264687,-0.260347469514466,0.445924129310578,222,28,"Moderate overlap, outcome shift"
0.226940353030036,-0.131604386291332,0.585485092351403,0.105845125272818,-0.293981457773964,0.505671708319599,65.0671852740832,0.0981124742026449,-0.315553473871333,0.472997957792042,-0.131692000069644,-0.681020254895361,0.417636254756074,TRUE,1.01063632875159,-0.169547415149725,-0.131692000069644,0.037855415080081,0,44.4328558808088,0.30388983275073,-0.0964768878353644,0.628011777018007,0.855317702616624,-0.0762628287887311,-0.24211470230494,0.0280464006359956,0.673911180854042,337,29,"Moderate overlap, outcome shift"
0.0515876113348925,-0.30173681035189,0.404912033021675,-0.128113582274108,-0.523616314093045,0.267389149544829,35.6734652726722,-0.0852573056795428,-0.497620820713815,0.274899108624949,-0.31616882759467,-0.567268345220211,-0.065069309969128,TRUE,0.821649735411301,-0.331140970986402,-0.31616882759467,0.0149721433917336,0,41.2213217406857,-0.444936769307139,-1.0054479752669,0.302974951317215,2.11676838223206,-0.687190342714278,-0.857853975410816,-0.4216865634389,0.700941812523912,351,30,"Moderate overlap, outcome shift"
0.915629527702135,0.576121248904564,1.25513780649971,-0.505311026997772,-0.894313945792837,-0.116308108202708,1.00000000099804,-0.697512781238731,-1.07725460216038,-0.322834989872753,-0.1817740319459,-1.29052391449806,0.926975850606256,TRUE,1.10655387509017,-0.654701249376973,-0.1817740319459,0.472927217431072,0,10.8427488459731,-0.0773681468481406,-0.326046642848165,0.185174512422457,1.7231726849021,-0.31250060594665,-0.404322812076066,-0.0592668656534096,0.972800072968719,487,21,"Poor overlap, outcome shift"
0.4764711975031,0.126463485721401,0.8264789092848,-0.313224709333903,-0.733523124988634,0.107073706320827,1.00000000099801,-0.229299750447776,-0.628753170033118,0.134797311131816,-0.296510943457456,-1.53917962118602,0.946157734271106,TRUE,1.03843309390927,-0.375394184995964,-0.296510943457456,0.0788832415385075,0,8.52978766058762,-0.623502024101524,-1.21740944614349,-0.308021322294101,2.74764708298393,-0.39331477591065,-0.576319644728785,-0.198194707609581,0.976715893051324,489,22,"Poor overlap, outcome shift"
0.577171193777896,0.227288367496061,0.927054020059731,-0.411539335606544,-0.821545751776056,-0.00153291943703177,1.58172267965834,-0.282533635038349,-0.689640673669784,0.107757275893934,-0.0741986568303055,-1.19757902448355,1.04918171082294,TRUE,0.990634915577492,-0.467718500541407,-0.0741986568303055,0.393519843711101,0,9.26061138602,-0.469238167606695,-0.71912683427282,-0.200284772033614,1.09981506234786,-0.00188523877726306,-0.279168100259024,0.121657751593629,0.95512310385652,480,23,"Poor overlap, outcome shift"
0.358187302948072,-0.00630660351662138,0.722681209412765,-0.897892767439581,-1.33987424531971,-0.455911289559449,1.00000000099803,-0.764644879707118,-1.20058344020539,-0.395928565722118,-0.5551875747344,-2.21523341823553,1.10485826876673,TRUE,0.828324973151848,-0.598596221449981,-0.5551875747344,0.0434086467155807,0,4.61997234969729,-0.598036113788724,-1.15008472364865,-0.244688993039154,2.54851931722674,-0.243087726119098,-0.404196587063692,-0.0667099506609238,0.984582820933634,493,24,"Poor overlap, outcome shift"
0.884654877465272,0.535551824783367,1.23375793014718,1.39388628233734,0.952282637577473,1.83548992709722,1.00000000099801,0.578349778799013,0.165789357604193,0.922989922375768,0.311998685077625,-0.507441451423499,1.13143882157875,TRUE,0.848598020015522,0.150100765420011,0.311998685077625,0.161897919657614,0,10.084530262342,0.124234529352247,-0.231357144477045,0.608390731109783,0.984567457843461,-0.0460722553997816,-0.215718033610675,0.0863150935453388,0.987717252712292,494,25,"Poor overlap, outcome shift"
0.701641841982196,0.363654005876153,1.03962967808824,-0.150918517998678,-0.564193785195532,0.262356749198175,1.00000000099801,-0.141458370246266,-0.553897276751834,0.234026669605982,-0.165522478273852,-1.59307891666476,1.26203396011706,TRUE,0.90903294333546,-0.585924506928286,-0.165522478273852,0.420402028654434,0,5.88378734557852,-0.146758017048569,-0.483362705514781,0.262153212041699,2.33210247045181,-0.0102194174413313,-0.62786369098787,0.110116107050461,0.990873086088956,496,26,"Poor overlap, outcome shift"
0.811234600070215,0.467648071159453,1.15482112898098,0.425218551121358,0.0159461051476316,0.834490997095085,1.00000000099805,0.140463565809415,-0.244589511944283,0.521771337357805,0.32081654126242,-0.763359351438374,1.40499243396321,TRUE,1.1929563029801,0.141274098998507,0.32081654126242,0.179542442263912,0,9.33223316037204,-0.340723144411584,-0.631625559347472,-0.07244712433139,2.96250924331335,-0.39827805534694,-0.549572349656021,-0.186210073178847,0.782901650064471,392,27,"Poor overlap, outcome shift"
0.892326497115096,0.542987857496088,1.2416651367341,-0.115824560545959,-0.546299883981483,0.314650762889566,1.00000000099804,-0.12138415671578,-0.523357949636117,0.251825194259516,NA,NA,NA,FALSE,1.21212238978621,NA,NA,NA,NA,NA,-0.56279153606288,-0.878220556801995,-0.284557069711836,0.744867176378831,0.0341246686790043,-0.138216236554413,0.323411104177189,0.630251812111752,316,28,"Poor overlap, outcome shift"
0.740553173904352,0.39795398789192,1.08315235991678,0.42761029186139,0.0287341071637534,0.826486476559026,1.00000000099803,0.231867129919759,-0.152049752502232,0.600637368766325,-0.0535546150270881,-0.942551759309356,0.835442529255179,TRUE,0.974697825794118,0.0387563135700161,-0.0535546150270881,-0.0923109285971041,0,9.11597698613908,0.152047746938949,-0.22808239291167,0.734565129001341,0.933728248581722,-0.039150682721453,-0.221076563576802,0.135424468453114,0.983444914043903,492,29,"Poor overlap, outcome shift"
1.01550885392123,0.673362122917775,1.35765558492469,-0.253192286896871,-0.635103005541403,0.128718431747662,1.00000000099805,-0.212285783126684,-0.574551752890339,0.149150495806581,-0.0729053867201972,-1.53715530309859,1.3913445296582,TRUE,1.02484258491584,0.144081331898713,-0.0729053867201972,-0.21698671861891,0,6.60015103521778,0.0699345297142498,-0.165785267148437,0.442103749978124,0.740523634034806,-0.243876933621823,-0.304695231035338,-0.13360103418455,0.990044838442709,496,30,"Poor overlap, outcome shift"
-0.354496347734814,-0.743395773396101,0.0344030779264723,-0.365997427335281,-0.793965285988799,0.0619704313182373,440.418666117558,-0.30266525822117,-0.742312335916034,0.113489231230278,-0.449810605445803,-0.861295785122884,-0.0383254257687216,TRUE,0.924777906686127,-0.325544180579144,-0.449810605445803,-0.124266424866659,0,61.5863569504765,-0.559354641928676,-0.830272910618025,-0.0874708010650215,3.80572319699403,-0.352773702440475,-0.621239952500806,0.0237080598381812,0.405860156293157,202,31,"Same margins"
-0.443502456089928,-0.846861850202124,-0.0401430619777327,-0.361564175801189,-0.804664176478305,0.081535824875928,409.151735272201,-0.342254111775036,-0.76569807689002,0.070419101375417,-0.337035619278448,-0.832045386529068,0.157974147972172,TRUE,0.823592147428599,-0.298019279603278,-0.337035619278448,-0.0390163396751693,0,59.4351768162641,-0.633026615152828,-1.11017011609099,0.119302338443589,0.542888482457779,-0.528344150149379,-0.622095592579086,-0.339845652478788,0.978282796940077,490,32,"Same margins"
-0.353997120410958,-0.735970642039447,0.0279764012175312,-0.36453298770406,-0.78710705620983,0.0580410808017096,471.206570332032,-0.297704944129574,-0.752992913092733,0.119844439182054,-0.394084731457489,-0.890033417215998,0.101863954301021,TRUE,0.916335737340874,-0.301941671008868,-0.394084731457489,-0.0921430604486207,0,56.6696244291472,-0.178928239120542,-0.671010602141268,0.504451911820261,1.98147598939787,-0.0566503993887198,-0.277765711735493,0.197171059210017,0.566925690436991,283,33,"Same margins"
-0.483634779287765,-0.886745272103225,-0.0805242864723048,-0.516653252584364,-0.958807292267542,-0.0744992129011851,429.9831759349,-0.442150423696042,-0.906386205295829,-0.00702725820105171,-0.555207821792177,-1.02134569641064,-0.089069947173716,TRUE,0.952558342123943,-0.571397603494631,-0.555207821792177,0.0161897817024546,0,60.0925742325816,-0.94382698597449,-1.39677935767389,-0.467400818859015,1.88533962119769,-0.316667252038008,-0.483050772348086,0.0334600694228991,0.980883838135949,492,34,"Same margins"
-0.453346506406515,-0.848605879054265,-0.0580871337587658,-0.426555999520134,-0.860112060332404,0.0070000612921366,476.515308525278,-0.354865046201847,-0.839675284415662,0.0537288687655138,-0.239023334959793,-0.774232281611432,0.296185611691846,TRUE,1.04304099272968,-0.137526593118378,-0.520681180025805,-0.383154586907428,0.735102370401903,61.6365177654505,-0.232987789579405,-0.614345879134561,0.283351476434348,0.707009308068858,-0.424511051661715,-0.622502392408442,-0.287926225296144,0.992591927392567,497,35,"Same margins"
-0.387813335743652,-0.790736162622362,0.0151094911350569,-0.317190358898862,-0.758455557528333,0.124074839730609,479.294698097078,-0.285791402012772,-0.730768007226047,0.129158477279532,-0.406910306319652,-0.846625178697638,0.0328045660583328,TRUE,1.02889984552923,-0.2288277988125,-0.483125403695518,-0.254297604883018,0.299708278459509,60.8787831834477,-0.442363025006535,-0.85560346930423,-0.178259516364741,0.873177336049038,-0.272292955494267,-0.382585821567714,-0.139503441026257,0.69784044441343,348,36,"Same margins"
-0.483748101551979,-0.866140319331054,-0.101355883772905,-0.504851887270914,-0.928965358626635,-0.0807384159151925,431.510578502772,-0.413974316279035,-0.863163468228426,-0.0197988656175005,-0.533850747782854,-0.981506634103441,-0.086194861462268,TRUE,0.824353626370787,-0.408096295935158,-0.533850747782854,-0.125754451847696,0,61.3534357360865,-0.400394027257795,-0.849448336296182,0.0391110853162045,0.72443453190792,-0.45692281863873,-0.543242765494771,-0.331492616827241,0.969552189032907,485,37,"Same margins"
-0.662458226999916,-1.06594577704234,-0.258970676957491,-0.714759580197984,-1.15752334619536,-0.271995814200614,461.880677604086,-0.595315134017632,-1.05902158422116,-0.174654377787582,-0.805306511818406,-1.29531061978269,-0.315302403854125,TRUE,1.00804729665703,-0.70427661943008,-0.805306511818406,-0.101029892388326,0,58.2118964420971,-0.23571538902687,-0.578542561487469,0.109826035580191,0.400222478206092,-0.512703176753257,-0.697780061866133,-0.319229649913508,0.929297348140261,465,38,"Same margins"
-0.348171567065939,-0.71793320946677,0.0215900753348917,-0.418790497428223,-0.828248323419775,-0.00933267143667216,461.3277149846,-0.366062384932686,-0.772584497712345,0.0223097976981827,-0.511131831698962,-0.926022309707915,-0.0962413536900081,TRUE,1.04526735543377,-0.672017347613934,-0.449241051559367,0.222776296054568,0.277815823477175,58.5020896741798,-0.372861097449713,-0.741056000843059,0.0258185627693737,1.93649671805104,-0.417242533089262,-0.605393880794822,-0.215076873987702,0.972691672561849,487,39,"Same margins"
-0.0312500622068134,-0.389575132484719,0.327075008071092,-0.026869051712764,-0.42583584606555,0.372097742640023,442.580187548973,-0.0392736160183995,-0.446747207223875,0.380319020562799,-0.0925650182411381,-0.501711025545298,0.316580989063021,TRUE,0.895714102280706,-0.0639085350201212,-0.0925650182411381,-0.028656483221017,0,60.8432339985312,-0.0833602493186606,-0.485307462860384,0.24663404466723,1.24256225861108,-0.193775961116686,-0.328062412781109,-0.0366743686076088,0.929826741565015,465,40,"Same margins"
-0.21067663970861,-0.580274897734507,0.158921618317288,-0.448635313254296,-0.858205091873754,-0.039065534634838,56.8106152859318,-0.399916495600762,-0.804342965632978,-0.00591245307247885,-0.626395707993688,-1.16848324880497,-0.0843081671824039,TRUE,0.926342032545855,-0.846820492108181,-0.626395707993688,0.220424784114493,0,43.7115977623382,-0.818475219745924,-1.05927798065678,-0.409826015250146,1.8818788092505,-0.373766644573332,-0.615036297783196,-0.149840181906751,0.909288939117383,454,31,"Moderate overlap"
-0.164559772457809,-0.528622079071436,0.199502534155818,-0.329474000978004,-0.73545425856054,0.0765062566045318,59.2101926838538,-0.275260438533434,-0.670513894964529,0.143113944515747,-0.341833134590043,-0.844367066296184,0.160700797116098,TRUE,1.04604051791336,-0.417577418951001,-0.341833134590043,0.0757442843609583,0,45.8430102002678,-0.485787225880012,-0.771747064850669,-0.173212512439198,1.22901833797946,-0.374532533531233,-0.422163519414991,-0.307019695925495,0.99011634757828,496,32,"Moderate overlap"
0.0149836229353642,-0.355389566236023,0.385356812106752,-0.0726729884241522,-0.4822924985085,0.336946521660195,50.1114845559582,-0.0973480612335946,-0.569182477897695,0.309609990924537,-1.22617508471,-1.22617508471,-1.22617508471,TRUE,0.952691305620036,-1.22617508471,-0.945215754939573,0.280959329770422,1,39.3339150908699,-0.383748983071606,-0.859727160082364,0.0106195858604785,1.47430191685218,-0.16364940702229,-0.383307002703557,0.0843901343416502,0.97215473756683,487,33,"Moderate overlap"
-0.260760444710128,-0.619271411656462,0.0977505222362072,-0.409389271085997,-0.811649595104806,-0.00712894706718853,51.7406317547891,-0.293187372016943,-0.695789816027719,0.0849190358915275,-0.130884134941322,-0.732442353468727,0.470674083586083,TRUE,0.846238428428109,0.00769015470522946,-0.419042194286646,-0.426732348991876,0.675266499073897,47.2102431100427,-0.15226029799693,-0.47954736360787,0.209670130024562,1.33540697939396,-0.385141289896971,-0.675808447641758,-0.190494387568631,0.84271512915022,421,34,"Moderate overlap"
-0.0417045247163088,-0.400496084209474,0.317087034776856,-0.25202662160611,-0.651775722335624,0.147722479123404,44.7764416286125,-0.171806623991593,-0.596746323088288,0.219948268717635,-0.306599048859883,-0.830779038622461,0.217580940902695,TRUE,1.05136758412767,-0.353100876534607,-0.306599048859883,0.0465018276747243,0,38.2688742459476,-0.366296987586051,-0.53179161311679,-0.155264757829655,2.67047180315541,-0.369955230965335,-0.478324293009873,-0.24765954323008,0.975187567185713,488,35,"Moderate overlap"
-0.284313598684202,-0.659652930185423,0.0910257328170188,-0.505310927452648,-0.920024185260061,-0.090597669645235,37.2124337392027,-0.453608572397986,-0.88448353936632,-0.0838180355036592,-0.0644430214514069,-0.790716049428974,0.66183000652616,TRUE,0.973077135188317,0.043514615919916,-0.750193667286327,-0.793708283206243,0.863983229537154,41.031806973064,-0.424934970732085,-0.692046637759182,-0.0727141794529581,1.59148879178108,-0.786879777990529,-1.00094924641904,-0.382962956303512,0.989030593310862,495.5,36,"Moderate overlap"
0.0736625249634688,-0.290095607315249,0.437420657242186,-0.184876935192174,-0.594649896588113,0.224896026203766,65.1568398189131,-0.0406119431953658,-0.480765104743574,0.348646267616537,-0.142872392933239,-0.688775739273956,0.403030953407477,TRUE,0.942446991660355,-0.31804824965209,0.00854403397335786,0.326592283625448,0.463625243149496,42.929129360138,-0.356155761716199,-1.02660630091175,-0.0849900293079787,0.75043430441895,-0.0673887716781367,-0.245560446659348,0.0347683437269185,0.985567830283656,494,37,"Moderate overlap"
-0.522580973414204,-0.90492902517534,-0.140232921653067,-0.802327470694795,-1.23068767720431,-0.373967264185283,60.8115537869412,-0.58525708366899,-1.03511385006727,-0.223216293239238,-0.925440952646461,-0.925440952646461,-0.925440952646461,TRUE,0.939049889211752,-0.925440952646461,-1.05408318696298,-0.128642234316515,1,39.5414174493993,-0.71527027267112,-0.926978794568868,-0.277487924686593,1.7460809916756,-0.388990699137186,-0.564818901526965,-0.298016194584905,0.870723593390195,436,38,"Moderate overlap"
0.0351457835980796,-0.318113399699719,0.388404966895878,-0.0378107618829079,-0.43233934005012,0.356717816284304,84.0207605873003,-0.0449161788516316,-0.465691101039464,0.376284685791863,0.0697765960975265,-0.642973312351384,0.782526504546437,TRUE,1.00336356989878,0.158924693654973,-0.455589211215206,-0.614513904870179,0.854929079959094,42.4131173780828,-0.0333875041904311,-0.455142616513098,0.335723157802161,1.42911237308829,-0.168060078966143,-0.256602777030341,0.0576906568047112,0.890193242628858,444,39,"Moderate overlap"
-0.208453637447779,-0.567329405090825,0.150422130195266,-0.354880888836212,-0.755535111774035,0.0457733341016106,63.774818793921,-0.310948665880482,-0.702129831898546,0.0953849872107696,NA,NA,NA,FALSE,0.763224377470804,NA,NA,NA,NA,NA,-0.671963329500316,-1.03062196477585,-0.299876278622171,1.44948376962199,-0.541226712471634,-0.662402064561283,-0.416483047151718,0.973978722431043,488,40,"Moderate overlap"
0.281403213819339,-0.0721237325623544,0.634930160201032,0.147935495070137,-0.293316554951613,0.589187545091887,1.00000000099805,0.0712216248649649,-0.315452774174943,0.442986757281994,-0.231165621443428,-1.10882307538605,0.646491832499192,TRUE,0.883808848310281,-0.281786278241715,-0.231165621443428,0.0506206567982874,0,14.7452981089383,-0.116795185054118,-0.531543138894572,0.602071908411135,1.96309211336814,-0.415700170247172,-0.493530992420254,-0.255615877310283,0.654941402541598,327,31,"Poor overlap"
0.284287300148471,-0.0804051515230215,0.648979751819964,-0.156606252519503,-0.597100843649618,0.283888338610612,1.00000000099803,-0.191971710386846,-0.596771067417545,0.222160078029363,-0.42912880535505,-0.42912880535505,-0.42912880535505,TRUE,0.933530159497499,-0.42912880535505,-0.114539214419748,0.314589590935302,1,9.60503972599907,-0.607067982681211,-0.882143919114789,-0.365041660425834,3.01369881452046,-0.428250196560288,-0.649850885023173,-0.201947953211751,0.952996815697235,477,32,"Poor overlap"
0.539193283308589,0.193190904143677,0.8851956624735,-0.602634251056853,-0.998783229031529,-0.206485273082177,1.00000000099804,-0.729380881267736,-1.10786303148955,-0.365466892256049,-0.209736213782442,-1.04968146711889,0.63020903955401,TRUE,0.975172135406727,0.145611226115878,-0.209736213782442,-0.355347439898319,0,11.7233685941653,0.210088886859928,-0.273024202916117,0.616225919660068,0.831816902145706,-0.327814229623627,-0.485069429757254,-0.0792494279744469,0.95795464012866,479,33,"Poor overlap"
-0.147835440911233,-0.501142423358476,0.20547154153601,-1.25032127259238,-1.72814510092838,-0.772497444256372,1.00000000099802,-0.735521912964099,-1.12966346716223,-0.348867064242438,-1.16598731600627,-2.44850333370372,0.116528701691174,TRUE,0.972884933485276,-1.11229715079424,-1.16598731600627,-0.0536901652120358,0,7.2315325709597,-0.944489834729205,-1.52086357715742,-0.458110205884157,0.542480225471372,-0.635393214123166,-0.780514717190662,-0.489023566464374,0.974224514849451,488,34,"Poor overlap"
0.327561105999607,-0.0117342319859395,0.666856443985153,-0.656365543768077,-1.07685886493746,-0.235872222598695,1.00000000099802,-0.525119632613928,-0.906562209432021,-0.165666715284695,0.0595385573755669,-0.819446851902983,0.938523966654117,TRUE,0.939915297735803,0.18514411433425,0.0595385573755669,-0.125605556958683,0,11.1754468555563,-0.262900619583149,-0.751527946708789,0.0780360757595656,0.466900798171357,-0.271330864360879,-0.47110386379445,-0.129163848796371,0.868070385776071,435,35,"Poor overlap"
0.417798097086262,0.081717682014282,0.753878512158241,-0.634312152229885,-1.02533242629243,-0.243291878167335,1.000000000998,-0.633983501241221,-1.02225298429598,-0.267177468372936,-1.37081993511557,-1.37081993511557,-1.37081993511557,TRUE,0.970938088816911,-1.37081993511557,-1.12316495077696,0.247654984338619,1,7.56472289032865,-0.209578433347014,-0.852124552050761,0.198704388473859,1.74484958196501,-0.258695465651075,-0.430430755389054,-0.189554329731138,0.975391834377363,488,36,"Poor overlap"
0.185174028312152,-0.168346718252994,0.538694774877297,-0.6077728946254,-1.02723719782084,-0.188308591429959,1.00000000099803,-0.617682804035048,-1.00789340031033,-0.24362406838979,-0.415447795018149,-1.62778395620078,0.796888366164477,TRUE,0.951307331159631,-0.0184793006543118,-0.415447795018149,-0.396968494363837,0,9.10316175235794,-0.632724681704136,-0.949225042176068,0.228782218942622,1.5329738882142,-0.197530422041111,-0.383467697388011,-0.0703325301342407,0.950563798339301,476,37,"Poor overlap"
-0.000826468931425095,-0.348633658176912,0.346980720314062,-1.04216376383619,-1.45985964109549,-0.624467886576882,1.00000000099806,-1.09432428584179,-1.50859875503863,-0.699183906547215,-0.674515371290022,-0.674515371290022,-0.674515371290022,TRUE,0.880753965843373,-0.674515371290022,-1.05405625142915,-0.379540880139129,1,10.7036347240686,-0.755298055106974,-1.21637568323561,-0.381469669302331,1.62460184601599,-0.424053402779455,-0.623978519335506,-0.184049450378218,0.954260294341967,478,38,"Poor overlap"
0.264160039245535,-0.0802845594013728,0.608604637892442,0.273251583689255,-0.137887406693553,0.684390574072062,1.00000000099805,0.15984609257591,-0.238725102829067,0.536378337631777,-0.379976739367725,-1.2909595464861,0.531006067750652,TRUE,0.930909720691975,-0.193624673782226,-0.379976739367725,-0.186352065585499,0,9.36381670492745,-0.572823810561331,-0.900104207545915,-0.0593507157749808,1.12193111690731,-0.240592397825971,-0.387804763584088,-0.140580940734636,0.993578732036846,497,39,"Poor overlap"
0.374440867852983,0.0258151523121773,0.723066583393788,0.582307865517413,0.171664061094843,0.992951669939984,1.00000000099801,0.235028787872028,-0.163420819921052,0.601112476677495,-0.654961439535323,-1.84083925260733,0.530916373536687,TRUE,0.955019639270304,-0.396403436730401,-0.654961439535323,-0.258558002804922,0,8.44223860249393,-0.127451750182904,-0.539193690254565,0.261541209466426,3.08519918616733,-0.401927602620622,-0.59055228084966,-0.267418000809899,0.856611998384713,428,40,"Poor overlap"
0.0278408501017259,-0.325320476039957,0.381002176243409,-0.0692679904144042,-0.463423049644369,0.324887068815561,57.2435413759109,-0.046177891162388,-0.457254334262636,0.343184788980538,-0.199765352768858,-0.736548217715779,0.337017512178063,TRUE,1.04922475487492,-0.347484344597546,0.00851421021551561,0.355998554813061,0.585057327251634,44.5604443992284,-0.336142411896693,-0.727127640777966,-0.0260723028181691,0.490445969683281,0.0707485608223465,-0.126450849962789,0.306307359110654,0.989761767466958,495,31,"Moderate overlap, outcome shift"
0.129661443802077,-0.213959838493864,0.473282726098019,-0.248075605659842,-0.631672990638806,0.135521779319122,30.4964268730405,-0.167066363197586,-0.561039895216789,0.206029517103881,-0.275763542051629,-0.766555676806997,0.215028592703739,TRUE,1.11872202465425,-0.414579413254704,-0.275763542051629,0.138815871203075,0,38.8154253092793,-0.133808851653165,-0.25569527501456,0.0662675798385992,1.43589549895049,0.077345402490437,-0.156963330344013,0.170082623621178,0.988859429877119,495,32,"Moderate overlap, outcome shift"
0.402176439124405,0.0614791833761624,0.742873694872647,0.187291299420822,-0.194057455296484,0.568640054138128,50.0637828745999,0.114642068901284,-0.256217488378017,0.471591349775741,0.1023727265672,-0.477003392158488,0.681748845292889,TRUE,0.945727017801974,-0.114157648596638,0.1023727265672,0.216530375163839,0,34.8055396028273,-0.125437160913634,-0.560090640297737,0.248065813424307,4.70787164733769,0.10580832871749,-0.287356458590779,0.388224864864224,0.764762880130731,382.5,33,"Moderate overlap, outcome shift"
-0.113310819759756,-0.466475419412876,0.239853779893364,-0.821197447336977,-1.2512655446637,-0.39112935001025,9.41747532776923,-0.513290487502721,-0.929271634149993,-0.165115013369665,-1.04765727946138,-1.75637402401327,-0.338940534909492,TRUE,1.14919006924137,-1.15859538828047,-0.396873308456437,0.761722079824035,0.854358811753598,32.0848293943863,-1.18998447909346,-1.65458226862051,-0.751115570349753,0.860297151624447,-0.485026835217531,-0.801760609555088,-0.266934058739467,0.98429300498278,493,34,"Moderate overlap, outcome shift"
-0.028643033717651,-0.404228981549639,0.346942914114337,-0.460787522255173,-0.875441373212454,-0.0461336712978921,71.230994472783,-0.407351360884253,-0.833184565783003,0.026370394663713,-0.599803087209086,-1.27746037488369,0.0778542004655209,TRUE,1.13323753806071,-0.738362976152149,-0.599803087209086,0.138559888943063,0,41.9399726926435,-0.875337294215981,-1.5583448984528,-0.322126005779588,1.28010615711756,-0.804785343055357,-1.09665182016409,-0.399736945955884,0.643727081669931,322,35,"Moderate overlap, outcome shift"
-0.265679801269314,-0.647575925213315,0.116216322674687,-0.588286207797719,-1.01003594100992,-0.166536474585518,50.4661972988262,-0.521660283102,-0.928763780128901,-0.108300064894523,-0.930255057331375,-1.47778163601051,-0.382728478652243,TRUE,0.980469216176479,-1.12263235590881,-0.782053033051296,0.340579322857512,0.435146863986462,40.4674260248066,-0.953583942406494,-1.29604881089175,-0.587337866259758,0.769184666299865,-0.760093440375396,-0.944470001437099,-0.450479106704906,0.665541922400785,335,36,"Moderate overlap, outcome shift"
0.188528829075508,-0.164873224281852,0.541930882432867,-0.145142306155084,-0.544489271309071,0.254204658998902,39.0430217602606,-0.027284831799959,-0.404371903324808,0.371802884560631,-0.233685296677417,-0.80049200642308,0.333121413068246,TRUE,0.827082319224854,-0.418019270380302,-0.0371604822802452,0.380858788100057,0.516004410394601,40.7583785154915,-0.21306249646011,-0.335598429698147,-0.0769090585513086,0.971440421545486,-0.14435573967431,-0.267140413965444,-0.0277230517584907,0.970592443977612,486,37,"Moderate overlap, outcome shift"
-0.0706853887966623,-0.423753074431551,0.282382296838226,-0.420460656430404,-0.814387989121441,-0.0265333237393661,58.7913847939726,-0.335816166178179,-0.707381579162875,0.0389703517844749,-0.378491491646018,-0.924812827622364,0.167829844330328,TRUE,0.999405904080624,-0.595464855227518,-0.378491491646018,0.216973363581501,0,43.3280258938168,-0.453749067659973,-0.804119949647533,-0.125907777346812,1.22435280579215,-0.446842115337241,-0.638343763366351,-0.250357895266356,0.957406258182371,481,38,"Moderate overlap, outcome shift"
0.00936456662474346,-0.34390790446144,0.362637037710927,-0.272170076265666,-0.66639711871687,0.122056966185538,59.4244284318366,-0.199309781197971,-0.597910711564332,0.173101632990507,-0.129721556163217,-0.599703004863961,0.340259892537528,TRUE,0.984530739376589,-0.37064703453014,-0.126460609320377,0.244186425209764,0.0133543330266571,43.3464942374314,-0.484894739785166,-0.823644784726665,-0.287059634826712,1.04864120452733,-0.673842439181778,-0.802281921050224,-0.472272657888544,0.978137865909252,490,39,"Moderate overlap, outcome shift"
0.133705009957238,-0.219566801863391,0.486976821777867,-0.129970293433496,-0.521871354998513,0.26193076813152,43.2672067998586,-0.104719150998065,-0.513591474016655,0.276988449839592,-0.107951457428192,-0.576826066787038,0.360923151930654,TRUE,0.988118773328505,-0.138252287787851,-0.107951457428192,0.0303008303596593,0,42.6318902130792,-0.195972599303041,-0.328796649907917,-0.0504179864793136,2.7898369202535,0.0153825044184093,-0.132208261992705,0.221951569713305,0.986166446748462,494,40,"Moderate overlap, outcome shift"
0.49788705109092,0.157676712065336,0.838097390116505,-0.185622827603832,-0.638181750045753,0.266936094838088,1.00000000099802,-0.0377605019426783,-0.422888026830204,0.331731663524886,-0.100306841271341,-1.37972089960679,1.17910721706411,TRUE,0.998307188611327,-0.486465655581541,-0.100306841271341,0.3861588143102,0,10.2049080358908,-0.111857775479501,-0.491857359945552,0.240278051774076,0.585988078837544,-0.166978670717014,-0.347950805793171,-0.0129568259340932,0.974151539098749,488,31,"Poor overlap, outcome shift"
0.708623279185215,0.366374995275955,1.05087156309447,-0.590872682863008,-0.995565021762518,-0.186180343963498,1.00000000099801,-0.49159981453147,-0.887855455862501,-0.149498011270985,0.30732332038205,-0.621023516284937,1.23567015704904,TRUE,0.817869163994941,0.0989925445299144,0.30732332038205,0.208330775852136,0,10.9427417767299,-0.558859756806611,-0.910678557876363,-0.276865521051403,1.24216753887413,-0.206656816567191,-0.347945354079814,-0.0318487707798227,0.694420488045742,347,32,"Poor overlap, outcome shift"
0.521443854485133,0.171559160054647,0.871328548915619,-0.0180897016379669,-0.433806429030592,0.397627025754658,1.00000000099802,-0.0336819582246377,-0.443545049072036,0.325278323145841,0.316933463544977,-0.54608594314159,1.17995287023154,TRUE,0.983528460958737,-0.0897192161677017,0.356708729488067,0.446427945655768,0.0890967206021623,12.8685889322323,-0.0899199845992225,-0.412581193874545,0.374097882918696,1.55592889980256,-0.172726828329355,-0.406950604930196,0.0106332193883712,0.603537078938479,301,33,"Poor overlap, outcome shift"
0.218927734687525,-0.145236180076995,0.583091649452045,-0.99244597279308,-1.43333561120468,-0.551556334381476,1.000000000998,-0.926389399399753,-1.34679417198035,-0.52548843466117,-0.433781507800213,-1.57497232592591,0.707409310325488,TRUE,0.958998771315792,-0.869814371755099,-0.160514409757038,0.709299961998061,0.385263094154687,8.80443408180177,-0.655209072324534,-0.99212342094202,-0.242062346485232,0.779866684594932,-0.39771925439358,-0.541095470110473,0.032560430222252,0.811777564129204,405,34,"Poor overlap, outcome shift"
0.689830958270013,0.342761351892386,1.03690056464764,-0.414087042987288,-0.822373739214746,-0.0058003467598301,1.00000000099803,-0.29319199354751,-0.687164676474437,0.0760416968303847,-0.884696868519104,-2.556303859995,0.786910122956786,TRUE,0.918618429562932,-1.04393395099229,-0.884696868519104,0.159237082473189,0,4.6367775574526,-0.392535445820754,-0.803487345634834,-0.0457653252316765,1.23926848374046,-0.427873893710983,-0.63353211691422,-0.203859769940786,0.741022948458691,371,35,"Poor overlap, outcome shift"
0.944437819212696,0.594674388951073,1.29420124947432,-0.0905074458711349,-0.484104398912602,0.303089507170332,1.00000000099802,-0.177603105732728,-0.549634507353599,0.199864456351585,NA,NA,NA,FALSE,0.732656316405308,NA,NA,NA,NA,NA,0.0583572830145433,-0.365823617359941,0.264191256610006,1.00343809518644,-0.362980059790046,-0.542267902482018,-0.0673663799567543,0.778126366646118,389,36,"Poor overlap, outcome shift"
0.547507060176943,0.206579616928454,0.888434503425432,0.098865119294233,-0.307615365647661,0.505345604236127,1.00000000099803,0.0352369173043912,-0.366709361219156,0.423888862496766,0.248800141553401,-0.665211357953585,1.16281164106039,TRUE,0.915821351848563,-0.169735576806119,0.248800141553401,0.41853571835952,0,9.47205447178696,-1.00513650865904,-1.32738766523498,-0.706374015238926,1.00798334489295,-0.275273590554066,-0.426464587837349,0.022500799825373,0.994084472669917,498,37,"Poor overlap, outcome shift"
0.298445502467175,-0.0453567505022051,0.642247755436554,1.39707909406756,0.917309133194873,1.87684905494025,1.00000000099805,1.56945094034901,1.08587903070614,2.01619609728722,-0.696830612089559,-1.7794512581713,0.385790033992184,TRUE,0.986556412997627,-1.1060477948227,-0.4123378360352,0.693709958787501,0.410103347156222,9.4396933856051,-0.981247690284133,-1.49281746944862,-0.576550696839068,1.50308387914569,-0.981859873346864,-1.28181186195612,-0.524059763928466,0.41577332520032,208,38,"Poor overlap, outcome shift"
0.660183368293927,0.322763142977523,0.99760359361033,0.0892873935837305,-0.431597127900996,0.610171915068457,1.00000000099805,0.671363592968274,0.217217148972615,1.14669062672521,-0.511867761601451,-1.82147470262102,0.797739179418116,TRUE,0.954886539736392,-0.864766513122173,0.00546056175625339,0.870227074878426,0.594475095399642,8.30648744591931,-0.830173449097653,-1.14714102930875,-0.484390178794651,0.695047469745075,-0.335849681960835,-0.599735797105318,-0.152423264406465,0.652906866933491,327,39,"Poor overlap, outcome shift"
0.569680482559977,0.224426860435898,0.914934104684057,-0.683369735072117,-1.07374398275886,-0.292995487385374,1.00000000099801,-1.05453211567481,-1.45766914148074,-0.666000989542281,0.805927829854235,-0.50683121365498,2.11868687336345,TRUE,0.938079177936594,0.487033783564421,0.805927829854235,0.318894046289814,0,7.92516845676457,0.0848338515668209,-0.35239931410926,0.324047986905708,0.980128146237845,-0.153040690149915,-0.362007339913671,0.0496732151091433,0.964073220122561,484,40,"Poor overlap, outcome shift"
-0.583302702885987,-0.986293110450606,-0.180312295321368,-0.522476426624589,-0.96304159270894,-0.0819112605402378,412.352382234391,-0.454935422226145,-0.943264433501005,-0.0572562901022968,-0.425191516977083,-0.865981543846801,0.0155985098926342,TRUE,0.896523433847498,-0.292411194265391,-0.425191516977083,-0.132780322711692,0,56.0767338690299,-0.386485998077228,-0.797917707425104,-0.111867855226759,1.60521756890542,-0.418696924168607,-0.668215259912244,-0.268941885032735,0.53760242844242,269,41,"Same margins"
-0.502569402511069,-0.891581256438692,-0.113557548583446,-0.39958171868915,-0.830007284221339,0.0308438468430395,403.640687898978,-0.327970773174507,-0.745335380724718,0.123121298089517,-0.369172350187112,-0.826131318199405,0.0877866178251807,TRUE,0.892898349111739,-0.206403626853165,-0.369172350187112,-0.162768723333947,0,59.8341559263994,-0.01828222109981,-0.463783970381509,0.186616659806482,1.02708934281901,-0.438693771316246,-0.652917209945506,-0.26305705864552,0.983761281536739,493,42,"Same margins"
-0.377909420914128,-0.781116682062365,0.0252978402341083,-0.408910312001553,-0.850925186323255,0.0331045623201487,458.65524421308,-0.33875533214642,-0.829376155003775,0.0641576757668524,-0.570426203176889,-1.04667718546509,-0.0941752208886866,TRUE,0.95140947030337,-0.678369476176769,-0.570426203176889,0.10794327299988,0,61.0155952454089,-0.498072572646694,-0.851005093199021,-0.16153664827497,3.15807444003763,-0.274538953845509,-0.576470218505644,-0.0784383124128888,0.552313271238516,277,43,"Same margins"
-0.554782337629591,-0.950414793804732,-0.15914988145445,-0.555124337277008,-0.989699735087105,-0.120548939466911,455.493849177775,-0.480943294573151,-0.931903159288426,-0.0650996732822403,-0.675474955075301,-1.1382778838771,-0.212672026273499,TRUE,1.07744108455072,-0.5421114464827,-0.675474955075301,-0.133363508592602,0,61.1237825498751,-0.617214168255646,-1.01989018516073,-0.0311406219852472,1.28783159890199,-0.770195434747282,-0.940865740848922,-0.399776249237561,0.400558499749654,199,44,"Same margins"
-0.179262472287703,-0.543089125107237,0.184564180531831,-0.137960724489627,-0.543332892028704,0.267411443049451,407.702948869968,-0.105790504976035,-0.524700041075498,0.29013369753191,-0.38952776081044,-0.842345761601953,0.0632902399810735,TRUE,0.868443229784916,-0.17525333497919,-0.403630587851013,-0.228377252871823,0.0617523280590816,57.4092977714215,-0.249595067236996,-0.709204012543932,0.461872541890581,3.9813451183345,-0.386025613668974,-0.57007219741398,-0.182769887547311,0.991414877218442,497,45,"Same margins"
-0.315252470888133,-0.673601610387523,0.0430966686112568,-0.367074557555653,-0.766589696620339,0.0324405815090336,402.801510527341,-0.263850563523043,-0.635835821323929,0.130166517695981,-0.569641572390418,-0.569641572390418,-0.569641572390418,TRUE,1.19767396750728,-0.569641572390418,-0.541017560036242,0.0286240123541765,1,58.9470931671471,-0.793961893837326,-1.29918366248289,-0.167429928382849,0.939447360313787,-0.202927101195873,-0.417740333336312,0.17839503788869,0.682927370098881,341,46,"Same margins"
-0.246762268001823,-0.605504123056114,0.111979587052469,-0.21810300575886,-0.6205435537959,0.18433754227818,415.896776521732,-0.142172223185942,-0.592682082879552,0.25639960912476,-0.240270976158731,-0.647894769700216,0.167352817382753,TRUE,0.97494678149792,-0.121110103465942,-0.240270976158731,-0.119160872692789,0,62.6250055658706,-0.174001986793884,-0.703971313411923,0.169412568720258,1.05409986395811,-0.453133501972235,-0.640983826514034,-0.306548745038705,0.984735915410831,493,47,"Same margins"
-0.494869123914307,-0.870739867447784,-0.11899838038083,-0.441815459775644,-0.859456788533462,-0.0241741310178273,439.741937786121,-0.323364612079813,-0.727133517331505,0.0669917262531791,-0.456580241255316,-0.983049552979628,0.0698890704689966,TRUE,0.934447648017867,-0.339953975488285,-0.74570752894078,-0.405753553452495,0.712568713755738,58.3077866812554,-0.193092760436411,-0.532729976692784,0.242391923180668,1.07811427204525,-0.606736041593027,-0.760033638140133,-0.469562744812754,0.869240937394512,436.5,48,"Same margins"
-0.330223623324139,-0.71205660012581,0.0516093534775316,-0.24924385987463,-0.672214363655701,0.173726643906441,436.064771215844,-0.229807681058601,-0.66037835655628,0.193257864153306,-0.00188063069209742,-0.552607943488438,0.548846682104243,TRUE,0.882614481766177,0.0821013935193474,-0.444742770265817,-0.526844163785165,0.840594183281699,57.9503021606719,-0.455635838805396,-0.834384699703098,-0.198973389116836,4.53970984075336,-0.690856659338261,-0.958521528992661,-0.23182568922957,0.967689667882974,485,49,"Same margins"
-0.128070292991714,-0.487144521057882,0.231003935074453,-0.0475279271765617,-0.450801354962956,0.355745500609832,469.020396480932,-0.0660185365297076,-0.455343918751865,0.351412110164026,-0.14499584398549,-0.628681260012305,0.338689572041324,TRUE,0.93761320095637,0.0753332070183419,-0.179853991757383,-0.255187198775725,0.136598340117084,57.1029671498725,0.491610878765219,-0.0352050514626526,0.92145303873411,0.633003274786525,-0.160676832280168,-0.336492580481615,-0.0511145246796592,0.969898354776814,485,50,"Same margins"
0.0620991031990813,-0.291297712861393,0.415495919259555,-0.25417343535887,-0.646815772723443,0.138468902005703,42.9812175118454,-0.173019250808379,-0.576350549084291,0.196103996356711,-0.3473044500405,-0.87608238081195,0.18147348073095,TRUE,0.976694738847773,-0.376101898096143,-0.3473044500405,0.0287974480556435,0,43.1398005630049,0.172295633195904,-0.400834558701591,0.793367362946172,1.6926756934009,-0.172966189159203,-0.511578883865026,0.0147621616560419,0.836815962753751,419,41,"Moderate overlap"
0.282681256466725,-0.0761754065190991,0.64153791945255,0.0857998121189026,-0.311876275498562,0.483475899736367,77.9361382255541,0.0251935825265765,-0.411724579743908,0.417610928090145,0.0610327016740273,-0.440967849412469,0.563033252760524,TRUE,0.939042524138625,0.134575814719561,0.0610327016740273,-0.0735431130455341,0,47.922142664004,-0.0032971101119466,-0.375872493161949,0.49274286937718,1.99732247397218,-0.154571318218711,-0.483734603649988,0.0260268128997505,0.815541747922427,408,42,"Moderate overlap"
-0.143567542546101,-0.512965189398246,0.225830104306044,-0.513684097688342,-0.922575482548862,-0.104792712827822,58.10711246609,-0.394432604097269,-0.800824516961901,-0.0137613118516126,-0.535710539216645,-1.07279290732978,0.00137182889648657,TRUE,1.06413018465549,-0.663841044858993,-0.535710539216645,0.128130505642348,0,43.8260018860769,-0.45031282920474,-0.704634058143163,0.000112561584035426,3.28018329597026,-0.0695952874947141,-0.293801493802873,0.0224432652121537,0.990567422843189,496,43,"Moderate overlap"
0.164440132616619,-0.18941666615352,0.518296931386759,-0.00524456042892484,-0.399982302918938,0.389493182061089,45.5343913632524,-0.0275379822000877,-0.425954004597978,0.34951445172766,-0.110032574759952,-0.636336021772617,0.416270872252713,TRUE,1.12225356102865,0.0767413581284889,-0.110032574759952,-0.186773932888441,0,37.4248800945876,-0.0812408957500374,-0.357230792327674,0.400407246816611,0.948683635665721,-0.0875686372042938,-0.235289481445575,0.12901174044206,0.923824231298773,462,44,"Moderate overlap"
-0.232336216180879,-0.590776152085407,0.126103719723649,-0.473897764140156,-0.875295026775292,-0.0725005015050192,49.8485182598276,-0.360211398195455,-0.768977335281175,0.0361177888225911,-0.722080385938688,-1.27731517428013,-0.166845597597245,TRUE,0.906318959591997,-0.575993379181589,-0.722080385938688,-0.146087006757099,0,36.2312101427406,-0.547892790006733,-0.98904919839012,-0.104055265661812,2.23996781319387,-0.422331175116275,-0.656763075563167,-0.284126428356779,0.990865150458879,496,45,"Moderate overlap"
-0.0831654632009524,-0.441350181316835,0.275019254914931,-0.178232301121544,-0.576180085838122,0.219715483595034,70.8172852468841,-0.133097208871809,-0.52992211996357,0.217203534603628,NA,NA,NA,FALSE,1.21912445288986,NA,NA,NA,NA,NA,-0.103523751899623,-0.422998241271884,0.208793602860537,1.02976500894995,-0.217634617201299,-0.333109297852201,-0.0413430934650362,0.961313208582162,482,46,"Moderate overlap"
-0.100566932712991,-0.464393304496598,0.263259439070616,-0.370326462535349,-0.773089409676115,0.0324364846054159,58.340364147363,-0.321759840183729,-0.737617737584514,0.0879578762718808,-0.279569323039493,-0.831743055036502,0.272604408957517,TRUE,1.05997101207837,-0.0788021169292804,-0.279569323039493,-0.200767206110212,0,40.7725608831428,-0.421768630729976,-1.09954883237752,0.120755512241942,1.37208712710722,-0.378663300712003,-0.551370448951862,-0.223072451435891,0.98660456610183,494,47,"Moderate overlap"
-0.0856021254018529,-0.439220552998078,0.268016302194372,-0.180991337692091,-0.576383530501196,0.214400855117014,53.4978396471216,-0.137744929744412,-0.52066353903819,0.237497163714146,NA,NA,NA,FALSE,0.781343420030014,NA,NA,NA,NA,NA,-0.58700745527305,-0.933802119149454,-0.108016857776019,1.21584732428382,-0.509067759952294,-0.672587031841627,-0.348315125435335,0.904271874027801,453,48,"Moderate overlap"
-0.0231669113953551,-0.381671401667081,0.33533757887637,-0.461242064774678,-0.861064357003548,-0.0614197725458074,39.0928390088184,-0.378885893110158,-0.809612489052003,-0.00878082486224599,-0.237242352374349,-0.237242352374349,-0.237242352374349,TRUE,0.87650741175067,-0.237242352374349,-0.34709202149858,-0.109849669124231,1,40.2950533122715,-0.07947561153889,-0.366583985979823,0.2777350944495,0.679475129287882,-0.278315767706484,-0.507500922292518,-0.169656273510146,0.893331262941437,448,49,"Moderate overlap"
0.0536677712805934,-0.310100896682073,0.41743643924326,-0.123996813245001,-0.528887281752171,0.28089365526217,23.1205677188626,-0.114004282006246,-0.571116350136478,0.252660571521188,-0.263809402194369,-0.800502212849244,0.272883408460507,TRUE,0.966405120172311,-0.460500085643613,-0.263809402194369,0.196690683449244,0,37.5476476792606,-0.454029571967871,-0.795632119182128,-0.174987656122826,0.803966282441535,-0.383643639344061,-0.569441274591594,-0.277328186982492,0.632989737489908,316,50,"Moderate overlap"
0.178416155780856,-0.185787923808451,0.542620235370164,-1.00416511984754,-1.46709836664832,-0.54123187304676,1.00000000099803,-0.837371932094719,-1.28517456635633,-0.457490656043412,-0.942031331165585,-2.08850206467732,0.204439402346147,TRUE,0.902311895333529,-1.16728190099289,-0.942031331165585,0.225250569827309,0,8.88037338708906,-0.535308100486341,-1.01874974147199,0.110310776829218,2.11115742128571,-0.34666010937204,-0.455368767176824,-0.235520215735848,0.973740219542457,488,41,"Poor overlap"
0.161706301398865,-0.202045652816585,0.525458255614315,-0.522882737532925,-0.970962634918576,-0.0748028401472747,1.00000000099802,-0.54043802413036,-0.927563347611286,-0.157177502372159,-1.29714281469907,-3.10109479911846,0.506809169720331,TRUE,0.933333853389867,-1.5094226482118,-1.29714281469907,0.212279833512733,0,9.16552740640492,-0.562744043270185,-1.05224077362131,-0.247167059308901,0.830986985468687,-0.624952086539561,-0.769793092610911,-0.479966106704531,0.811112930308135,406,42,"Poor overlap"
0.13349303113247,-0.225627863296289,0.492613925561229,-0.883697543177042,-1.29997713250674,-0.467417953847348,1.00000000099805,-1.06030512446355,-1.52010604933944,-0.660227849382087,-0.443091475814304,-1.58346845096505,0.697285499336438,TRUE,0.910603129174615,-0.216605654885427,-0.443091475814304,-0.226485820928876,0,9.74516314386229,-0.612173853198287,-0.969022004384897,0.0229002395659244,1.45360913914724,-0.728878725341066,-0.964662144512134,-0.420103351244418,0.98400670817147,493,43,"Poor overlap"
-0.132911887708734,-0.491753996335759,0.22593022091829,-0.811076406937701,-1.22990793554827,-0.392244878327129,1.00000000099804,-1.10276479554805,-1.50798356641857,-0.702637222439281,-0.3873362245417,-1.67835959927167,0.903687150188267,TRUE,0.874905552466501,-0.0921237480482973,-1.08712811869129,-0.99500437064299,0.703305346987942,9.71196963582175,-0.340114162136927,-0.809233776474386,0.0202435403486508,0.617137335859687,-0.659249992992203,-0.983005934037374,-0.454180213898555,0.720380704031587,361,44,"Poor overlap"
0.290714975333499,-0.0539172685800188,0.635347219247017,-0.63110409744433,-1.03103289536595,-0.231175299522709,1.00000000099803,-0.712747684042698,-1.11188916277776,-0.347747397808283,-0.298380615337411,-1.23608734504793,0.63932611437311,TRUE,1.02306030751847,0.177592723009468,-0.41121935912201,-0.588812082131478,0.191637955824763,10.1565503291617,-0.309655447606606,-0.670870406367879,0.148888370592048,1.96373499041874,-0.237030122111969,-0.456461220975059,-0.057069632142691,0.96766802794513,485,45,"Poor overlap"
0.260394307143591,-0.100170739670133,0.620959353957316,-1.16410616415132,-1.62206099898495,-0.706151329317701,1.00000000099804,-0.655056926291237,-1.0428897469733,-0.271069598058124,-0.778677266845627,-1.75865185165518,0.201297317963926,TRUE,0.935404802433241,-0.935033545787366,-0.778677266845627,0.156356278941739,0,9.25359090652022,-1.02855067883256,-1.40309122272458,-0.610898427484,0.604056590039787,-0.455571352589301,-0.672250431842802,-0.364837947369483,0.984143179364246,493,46,"Poor overlap"
0.182745978977833,-0.160954531737285,0.526446489692951,-0.0443580812862788,-0.477796650971735,0.389080488399177,1.00000000099802,0.0128476234409778,-0.389133236386176,0.372261682548662,-0.360401699349651,-1.7141848670948,0.993381468395496,TRUE,0.889490682704677,-0.558186853261414,-0.360401699349651,0.197785153911764,0,9.84887980181967,-0.444274230533597,-0.642535380069366,-0.245703824694644,1.95220873318136,-0.159052363609381,-0.327422382306904,-0.00814976788042895,0.94790329616638,475,47,"Poor overlap"
0.20358911319013,-0.149802011256247,0.556980237636508,0.308872402791304,-0.111735678105848,0.729480483688457,1.00000000099805,0.0954721986060053,-0.290228836742811,0.469641147476498,-0.930683416485337,-2.20311033975155,0.341743506780878,TRUE,0.973995351984807,-1.33739029354802,-0.930683416485337,0.40670687706268,0,9.58236851888007,0.00972510751686922,-0.565568590423246,0.507804672743643,1.82093755067082,-0.805976974436253,-0.935965675651986,-0.595538439692126,0.517064356236033,258,48,"Poor overlap"
0.466180108979937,0.120812592798267,0.811547625161607,0.150798949432894,-0.253119505730057,0.554717404595845,1.00000000099802,0.0514174150290438,-0.36831698355951,0.419163651426595,-0.24413970156174,-1.2915283993383,0.803248996214824,TRUE,0.961602023283285,-0.0940998836954142,-0.24413970156174,-0.150039817866326,0,10.7920844387684,-0.00421395518160344,-0.368580109025615,0.340583983102158,1.56071123647752,-0.347848932452535,-0.437873970002226,-0.0183634386468756,0.986217884798984,494,49,"Poor overlap"
-0.0293143834995354,-0.404265411808344,0.345636644809273,0.107596537782509,-0.33493204745507,0.550125123020087,1.00000000099804,-0.054411729041943,-0.500574088191559,0.353746758806956,-1.00665456137048,-2.14896023042376,0.135651107682797,TRUE,0.968753334298462,-0.831762375742994,-1.00665456137048,-0.174892185627486,0,9.70218192870334,-0.348480766464164,-0.795448937956997,-0.119178383667936,1.54511328701458,-0.679225381992631,-0.819758289334509,-0.425948084787395,0.977125629385952,489,50,"Poor overlap"
0.0552307712375807,-0.303154258462551,0.413615800937712,-0.149641888753889,-0.547467240780348,0.248183463272569,39.1115052246489,-0.13686588397265,-0.544060206794789,0.257879135732352,-0.443626385886786,-0.972097193997219,0.0848444222236475,TRUE,0.914913150067364,-0.463662655006069,-0.443626385886786,0.0200362691192838,0,39.9021145360502,-0.0869648309997838,-0.47280548923782,0.409193153044235,2.20190580758316,-0.247095857439789,-0.455978111102967,-0.0431037765538234,0.979064815435294,490,41,"Moderate overlap, outcome shift"
0.202811401572489,-0.161132059906786,0.566754863051764,-0.131577376576926,-0.534312892487434,0.271158139333582,55.3538187057209,-0.133180686254122,-0.569479440655089,0.249611377424084,-0.195495476566183,-0.760454657561983,0.369463704429617,TRUE,1.04392416375551,-0.438555742285665,-0.195495476566183,0.243060265719482,0,40.698822902204,-0.431574472784375,-0.93266873438843,0.0799518911382887,2.68057718469884,-0.391368797220531,-0.537642132496927,-0.238748006692859,0.993938169969062,498,42,"Moderate overlap, outcome shift"
-0.0647635274151534,-0.418396037087689,0.288868982257383,-0.393446048872967,-0.788130788490602,0.00123869074466737,79.3641795704472,-0.296758748808331,-0.752863222437858,0.0624351288265664,-0.226814001931541,-0.226814001931541,-0.226814001931541,TRUE,0.886346262249362,-0.226814001931541,0.0229073508912402,0.249721352822781,1,43.5655649066609,-0.958399833781628,-1.40435872396277,-0.646009518274617,3.61867407713857,-0.472230797264273,-0.779974767850438,-0.251323644420119,0.65008606941609,325.5,43,"Moderate overlap, outcome shift"
-0.184371081736889,-0.542949591490534,0.174207428016756,-0.487297260748641,-0.88925757269386,-0.0853369488034214,89.4442984481859,-0.318152559836744,-0.747778340113481,0.0686199805433017,-0.570078571971297,-1.09403837593526,-0.046118768007338,TRUE,0.983733971519221,-0.480435765484181,-0.570078571971297,-0.0896428064871161,0,45.0267347779534,-0.720403349206285,-1.0572444268781,-0.447218069093706,2.70372291211709,-0.37537660934125,-0.566222943032543,-0.276370646495387,0.977701384952921,490,44,"Moderate overlap, outcome shift"
-0.0358408679077583,-0.39413366414831,0.322451928332793,-0.204320022871095,-0.605441789188003,0.196801743445813,41.8772363324683,-0.156816799487468,-0.528280893090856,0.215526153574909,-0.161703808112285,-0.70023673536808,0.376829119143509,TRUE,0.936877082849467,-0.208243515130504,-0.161703808112285,0.046539707018219,0,42.1582383828368,-0.197502753125414,-0.757778686707616,0.267921166934707,1.45623338695342,-0.233063725424339,-0.49187212527481,0.000898718279617185,0.97946287800358,490,45,"Moderate overlap, outcome shift"
0.143140906239085,-0.215915841537497,0.502197654015666,-0.089351727356253,-0.489235903554551,0.310532448842045,77.7482855749184,-0.0945713217324839,-0.483851690137822,0.315544480724095,-0.232584631809559,-0.795844872501357,0.33067560888224,TRUE,0.926841301044727,-0.354707661971135,-0.232584631809559,0.122123030161577,0,40.4384950736153,-0.14394970494715,-0.730225712179643,0.170674063011485,1.72434205766995,-0.334997380113058,-0.56636992448416,-0.157240779125063,0.894932727146813,448,46,"Moderate overlap, outcome shift"
-0.320281197979884,-0.696133775074997,0.0555713791152296,-0.457666944908366,-0.878309154231126,-0.0370247355856064,52.5321004579431,-0.344498388762974,-0.751359784756234,0.0514215814181086,-0.615738714273448,-1.1854516641179,-0.046025764428998,TRUE,1.18802502158167,-0.762894368702917,-0.425817277893757,0.33707709080916,0.56343620364048,46.6100496199988,-0.3879819124404,-0.938642271503767,-0.0510075503714944,1.8057414423156,-0.570299926853913,-0.793201036137395,-0.170891502791094,0.732865759209634,367,47,"Moderate overlap, outcome shift"
-0.0654518518682145,-0.418722990878095,0.287819287141666,-0.363874969429674,-0.762244449081229,0.0344945102218804,55.3986507023797,-0.227663536586716,-0.644254970697063,0.142685453531855,-0.262555346084126,-0.773532560808452,0.2484218686402,TRUE,0.924512550887345,-0.476729018508229,-0.188582067654546,0.288146950853683,0.256720670513507,43.8646766406235,0.00452513502920156,-0.365544276947481,0.38035665031898,4.44065321086813,-0.0831477555498629,-0.401227064448817,0.100797885076744,0.984207584444847,493,48,"Moderate overlap, outcome shift"
0.0507647549708893,-0.2974080822373,0.398937592179078,-0.185741515724364,-0.57275223098027,0.201269199531541,91.3894707056402,-0.175170840629672,-0.566841856111716,0.210672475133043,-0.135167811084283,-0.559851103316355,0.289515481147788,TRUE,1.07350541078344,-0.300314921654301,-0.135167811084283,0.165147110570017,0,48.6941465472991,-0.072822053100172,-0.362825499942509,0.228821806377703,1.11506606240635,-0.214291131043815,-0.476009469088692,0.189041270322135,0.671385457654148,337,49,"Moderate overlap, outcome shift"
0.379476750903374,0.0254007457855682,0.73355275602118,0.181068822606303,-0.212112040715517,0.574249685928124,54.7179742638473,0.0623398130436013,-0.407879938074451,0.43430592280414,NA,NA,NA,FALSE,1.44508997547058,NA,NA,NA,NA,NA,-0.0761212584472537,-0.418063712598472,0.234280164193656,2.64660216944208,-0.405745814716585,-0.568770905919187,-0.108430960463266,0.929754930837213,465,50,"Moderate overlap, outcome shift"
0.776114046304375,0.434513402256207,1.11771469035254,0.50966593440235,0.0959798673013506,0.923352001503349,1.00000000099803,0.381653394053003,-0.00583336309751802,0.721252673672065,0.14100075981784,-0.781044256882149,1.06304577651783,TRUE,0.957059141663426,0.192392543346586,0.14100075981784,-0.0513917835287453,0,14.0927299788726,-0.131869116631157,-0.447851007440549,0.155632141787513,0.980493640176822,-0.112031801388941,-0.240262424660002,-0.0408195642002721,0.974064743676124,487,41,"Poor overlap, outcome shift"
0.655503502049901,0.309404072089997,1.0016029320098,1.13969208664275,0.711621005103287,1.56776316818221,1.00000000099803,0.56859430997607,0.20038920829285,0.938928209991146,-0.280563835176482,-1.35071896369956,0.789591293346592,TRUE,1.05950186447837,-0.381993738626936,-0.280563835176482,0.101429903450453,0,10.5258686792635,-0.343793958367567,-0.77538958918847,-0.0710001538476605,0.602710945014737,-0.129722562028367,-0.388474409560449,0.0643593468318391,0.974465244702488,488.5,42,"Poor overlap, outcome shift"
0.623799561945904,0.285654108749003,0.961945015142806,1.34273612873368,0.908778476453702,1.77669378101365,1.00000000099806,0.596821131743453,0.166334916568793,0.990015133839403,-0.593032026152563,-1.67062279672698,0.484558744421855,TRUE,0.951829096467459,-0.864998890189147,0.0746893885680317,0.939688278757179,0.710577571110832,10.7075050318952,-0.564814610792817,-0.976784215334352,-0.281737333409677,0.904047044653261,-0.168874526889908,-0.364768396754159,-0.056828258281429,0.862298625957183,432,43,"Poor overlap, outcome shift"
0.614613141940013,0.269911705068087,0.959314578811939,0.376736111095255,-0.038371261066872,0.791843483257381,1.00000000099805,0.291977880238458,-0.110936892835344,0.659255271705197,0.154743011180053,-0.813331317539578,1.12281733989968,TRUE,0.969429890857173,-0.0580622403195913,0.154743011180053,0.212805251499644,0,8.49717560454299,-0.267325645247972,-0.713326183317076,0.083838077244978,1.00098817481373,-0.249549114532849,-0.52174925888908,0.341093410207205,0.465355139435437,232,44,"Poor overlap, outcome shift"
0.6324008306626,0.29608815732898,0.968713503996219,-0.793641522654261,-1.21014334070528,-0.377139704603237,1.00000000099802,-0.708624270351528,-1.07351427089793,-0.365271174251799,-0.46384581039471,-1.59268567141536,0.664994050625941,TRUE,0.907038235953245,-0.86576484088954,-0.46384581039471,0.40191903049483,0,5.88668805692542,-0.50359849543273,-0.687244842369921,-0.13653753888109,1.18021548376496,-0.268378909973431,-0.516187571363543,-0.117512422797993,0.978642177105817,490,45,"Poor overlap, outcome shift"
0.489314520078466,0.149345886616347,0.829283153540584,1.2481466874932,0.812439926261402,1.68385344872499,1.00000000099804,0.533965882800956,0.105779230772707,0.902001334014433,-0.405107394033462,-1.3138530852115,0.503638297144577,TRUE,1.04062702067906,-0.849445512895377,-0.181763711250793,0.667681801644584,0.334506170802538,12.4710663898229,-0.548264548148047,-1.19321522485665,-0.314666479748794,1.80996402113477,-0.3687223323545,-0.508170972598982,-0.195841910783403,0.70976367212792,355,46,"Poor overlap, outcome shift"
0.568867218177277,0.227817192125991,0.909917244228564,-0.204440019435631,-0.648300315131431,0.23942027626017,1.00000000099804,-0.109877335033162,-0.532431938321273,0.256289118308782,-0.775153815810718,-2.62641365861746,1.07610602699602,TRUE,0.901021302676,-0.985280961497553,0.148616800281927,1.13389776177948,0.814685986012467,7.22963528102086,-1.32621006197529,-1.60574527343941,-0.950417309402144,0.713200006520756,-0.501739515382214,-0.683876619150506,-0.0958385475138602,0.562840325564427,282,47,"Poor overlap, outcome shift"
0.754800729253045,0.411972719981785,1.09762873852431,-0.70367130515499,-1.1542119629887,-0.253130647321276,1.00000000099802,-0.319894894192069,-0.718799688571124,0.0510848080925052,-0.156050853208617,-1.3291174150202,1.01701570860297,TRUE,0.987864314719688,-0.704755693760159,-0.156050853208617,0.548704840551542,0,8.0089245052372,-0.684898774515631,-1.00514457256885,-0.358812607719027,0.411504387171716,-0.389792220432968,-0.551999856482379,-0.131842217205441,0.720349948327153,360,48,"Poor overlap, outcome shift"
0.40197057413601,0.0536521608632791,0.75028898740874,-0.741390823909164,-1.17329044212904,-0.309491205689286,1.00000000099803,-0.637900140409243,-1.03694717347699,-0.255232360918824,-0.402826312989062,-1.24999504891457,0.444342422936445,TRUE,1.09116060646078,-0.897761642668973,-0.402826312989062,0.494935329679911,0,11.1544208231693,-0.980164272130434,-1.59369330219004,-0.578494288884156,3.70158932027162,-0.561925188967516,-0.741778983224137,-0.209629921179041,0.983835416726643,493,49,"Poor overlap, outcome shift"
0.963443102850468,0.61065848545201,1.31622772024892,-0.420403425219942,-0.822529549903567,-0.0182773005363172,1.00000000099801,-0.562997265661215,-0.941115406843535,-0.189284199182343,NA,NA,NA,FALSE,0.778003730566125,NA,NA,NA,NA,NA,-0.0789988800527721,-0.427614354216963,0.430009047490398,1.91500682569619,-0.064965946323148,-0.434083485735328,0.0582679595479116,0.954257155402281,478.5,50,"Poor overlap, outcome shift"
-0.279329800884832,-0.661032788483624,0.10237318671396,-0.296424384571525,-0.716616020991103,0.123767251848053,427.817874658789,-0.263661403980041,-0.723810665830067,0.143345765676499,-0.179196675508668,-0.5975248259088,0.239131474891465,TRUE,0.947035368444489,-0.335663568696816,-0.103944294636322,0.231719274060494,0.324756674547065,53.9427106396951,-0.747510412598824,-1.07901081613312,-0.433455406623352,0.711513375916669,-0.335790279487722,-0.540007992198768,0.0361121693976908,0.98420243942974,493,51,"Same margins"
-0.517059167920608,-0.913113520626666,-0.12100481521455,-0.528889900764934,-0.96529799867173,-0.0924818028581379,464.338603353213,-0.450516222330848,-0.908968364636139,-0.0434037700558408,-0.6897409109767,-1.10829870021488,-0.271183121738517,TRUE,0.975678116944449,-0.695133140564276,-0.6897409109767,0.00539222958757513,0,62.5876687505113,-0.803212084793766,-0.9782117878362,-0.295838808301468,1.53787268447059,-0.397289544441822,-0.534263335611682,-0.305645391900303,0.980025184288502,491,52,"Same margins"
-0.722927370725628,-1.1515698196553,-0.294284921795956,-0.793003856368866,-1.25928009061204,-0.326727622125689,429.403115302812,-0.698089759866706,-1.1707893043239,-0.243538100470231,NA,NA,NA,FALSE,0.781405357170628,NA,NA,NA,NA,NA,-1.25948167393187,-1.72300523334524,-0.678010999901102,2.39031093175417,-0.843310401072528,-1.15625377572469,-0.35851258752159,0.929583633910568,465,53,"Same margins"
-0.426161797700896,-0.790132412236431,-0.0621911831653605,-0.431107223590805,-0.836081103809378,-0.0261333433722323,437.304099101074,-0.307582228692627,-0.735295435760181,0.0581622394483334,NA,NA,NA,FALSE,1.37677230317757,NA,NA,NA,NA,NA,-0.374794531496142,-0.80060999824614,0.121599681394314,1.04802345416086,-0.48889688866146,-0.694896541812063,-0.282212734039762,0.993399878565488,498,54,"Same margins"
-0.344549328956017,-0.708687531441993,0.0195888735299579,-0.325577456391178,-0.732642417227514,0.0814875044451578,478.860786704876,-0.230594456127256,-0.628709017311368,0.171594259338748,-0.347581698299991,-0.794969801092314,0.0998064044923327,TRUE,0.94182599594677,-0.16020805536919,-0.347581698299991,-0.187373642930801,0,56.3808699083696,-0.284205803480128,-0.649768116227691,0.430808221312088,1.0360627254443,-0.220540181721713,-0.514064414161864,-0.0828717655614434,0.702287238757897,352,55,"Same margins"
-0.149083209104122,-0.530928068622434,0.23276165041419,-0.111542571671391,-0.534705793186141,0.31162064984336,466.546551065628,-0.097732369516491,-0.523885604977525,0.289228825594999,-0.223658049271955,-0.68567823749299,0.238362138949079,TRUE,0.972842817626136,0.0116837751378367,-0.245511103120421,-0.257194878258257,0.0849669091253129,55.8274962394861,-0.364082834393311,-0.531371478909169,0.246957031178233,2.16809298962706,-0.322128593589102,-0.442732680859546,-0.113264826905891,0.985276859492121,493,56,"Same margins"
-0.322895175362556,-0.692284893583492,0.0464945428583803,-0.357897891670123,-0.766877585132114,0.0510818017918687,402.78934632825,-0.297614777128467,-0.739766844389753,0.104522130637143,-0.497743971529646,-1.00165240549685,0.0061644624375583,TRUE,0.964109825242055,-0.616796174714984,-0.254282066754132,0.362514107960852,0.671592910259387,59.2431239418853,-0.706188495031159,-1.01937353388385,-0.494858016071254,0.35222333774588,-0.459373402540517,-0.683815007250515,-0.284704984791931,0.947397832087104,474,57,"Same margins"
-0.513964204164359,-0.910074564237838,-0.117853844090879,-0.48231535122067,-0.919835272456036,-0.0447954299853049,429.829846803219,-0.382630063920447,-0.843794754552148,0.000644606591421697,-0.905100779767378,-0.905100779767378,-0.905100779767378,TRUE,1.08885920548603,-0.905100779767378,-0.801832033056527,0.103268746710851,1,62.8143115353659,-0.362427783549106,-0.735633720774967,0.0412805959367661,2.59834676308877,-0.63149974230292,-0.765616729330793,-0.387170191074557,0.873711075890917,437,58,"Same margins"
-0.319804342576425,-0.673134097555494,0.0335254124026432,-0.402883844759445,-0.798310081882515,-0.00745760763637432,441.076519602176,-0.282288346556412,-0.664677923789991,0.0996873542559564,-0.774690885909183,-0.774690885909183,-0.774690885909183,TRUE,0.851861039290672,-0.774690885909183,-0.675648165573878,0.0990427203353049,1,60.5560700167659,-0.6361541972068,-0.910475714362729,-0.480068782878903,1.80339219882679,-0.477565583594597,-0.567150623968521,-0.375767000615875,0.985879369620716,493,59,"Same margins"
-0.582495490388885,-0.985587925441508,-0.179403055336263,-0.520435518005247,-0.963324198606617,-0.0775468374038767,395.411789129818,-0.447723260714144,-0.918768730312083,-0.0380268271958271,-0.724797125147333,-1.24363175764872,-0.205962492645942,TRUE,1.11096555629594,-0.528309209009071,-0.724797125147333,-0.196487916138262,0,58.5084267492527,-0.343096267234437,-0.589579257620125,0.067109652595027,1.49350355911134,-0.366412253610254,-0.496344108687238,-0.241850752277835,0.980984247417935,491,60,"Same margins"
-0.41898280088883,-0.814657427490577,-0.0233081742870836,-0.602662997079777,-1.04462837432931,-0.160697619830241,59.3050319909367,-0.484736792184449,-0.955931657589853,-0.0592391377632465,-0.860911218655543,-1.40644728472955,-0.315375152581535,TRUE,1.03081142618894,-1.00307455773185,-0.860911218655543,0.142163339076303,0,45.7851815780798,-0.358247248685907,-0.908164902828551,0.131914385598443,0.300466546904482,-0.793745818321991,-0.974717646839876,-0.654271120739609,0.57242910460495,286,51,"Moderate overlap"
-0.327443577097399,-0.702801488209641,0.0479143340148436,-0.4916521737168,-0.908077669761881,-0.075226677671719,49.3229476730749,-0.399797710639265,-0.796389011811009,0.0264942571646131,-0.661540955415968,-1.25105139318124,-0.0720305176506935,TRUE,1.04161478961469,-0.412059831617141,-0.661540955415968,-0.249481123798827,0,44.0346244912112,-0.443358507919105,-0.809392283464788,0.00232719503237562,1.67462403649688,-0.467651404665189,-0.625536330946942,-0.351191355687799,0.892616062814066,446,52,"Moderate overlap"
-0.118375728552243,-0.482139766944441,0.245388309839954,-0.469494901592335,-0.878691850683795,-0.0602979525008748,48.6023203933161,-0.356154085186662,-0.791217049514394,0.00902927739967226,-0.722970999546439,-1.36337480842881,-0.0825671906640716,TRUE,0.914351230588349,-0.921058657021564,-0.560122954550802,0.360935702470761,0.451182977690682,37.1903700400338,-0.534190472318012,-0.801661185539516,-0.0950334008680212,0.370347036255933,-0.511894724320703,-0.613965551903793,-0.361382565075384,0.975400083019246,488,53,"Moderate overlap"
0.102568112706592,-0.267261563709175,0.472397789122359,-0.129717973047771,-0.538140691612031,0.278704745516488,62.3437784065291,-0.149499974638217,-0.534628642737974,0.248591016894569,-0.141301655273132,-0.622188663377593,0.339585352831329,TRUE,0.888640799660212,-0.315697121386204,-0.141301655273132,0.174395466113072,0,46.1006938299018,-0.179769508759588,-0.851080280945084,0.299895174996344,1.65332241234773,-0.636101486488026,-0.901391822021106,-0.158114973470636,0.353916453604212,177,54,"Moderate overlap"
-0.0281509814234702,-0.397725497719736,0.341423534872796,-0.427020452034882,-0.834842316373829,-0.0191985876959341,61.9191418633085,-0.35351120573844,-0.766888622877614,0.0334812111817274,NA,NA,NA,FALSE,0.789270245419551,NA,NA,NA,NA,NA,-0.512072908553659,-0.881985755849385,-0.134069629146877,0.9667135273794,-0.551196832133121,-0.839871404667473,-0.436570428310123,0.97259702392017,486,55,"Moderate overlap"
-0.40079620341313,-0.789319654380512,-0.0122727524457473,-0.670099726980725,-1.09650226974216,-0.243697184219292,79.2914600249832,-0.541525007832003,-0.999160148772167,-0.143194584768187,-0.677790526224539,-1.22054837231347,-0.135032680135603,TRUE,1.04657567926399,-0.564214080660382,-0.677790526224539,-0.113576445564156,0,48.9904470075604,-0.826746673524996,-1.09435188825517,-0.41041550090888,1.03630567019194,-0.632456244378253,-0.919024591063657,-0.359353268385687,0.986454163462926,494,56,"Moderate overlap"
-0.119225531418429,-0.489278099405724,0.250827036568865,-0.447024369575023,-0.86814404974468,-0.0259046894053671,59.4091448277931,-0.228964630067755,-0.665707759409905,0.173693482694477,-0.645218682422754,-1.18399439727271,-0.106442967572794,TRUE,0.987476123347836,-0.723917834789669,-0.645218682422754,0.0786991523669146,0,41.9514006094457,-0.767774349206666,-1.19912461353883,-0.16900822901459,2.00384901438379,-0.408909603414572,-0.552308182245359,-0.281349054850711,0.682858695610516,341.5,57,"Moderate overlap"
0.134039529976968,-0.219199824568646,0.487278884522582,-0.0793949502371425,-0.470827566739828,0.312037666265543,52.1366810458321,-0.0838416990446154,-0.482105135804284,0.279326121574962,0.127700927150987,-0.329277327783504,0.584679182085478,TRUE,0.984773113297066,0.0884847614633418,0.127700927150987,0.0392161656876451,0,40.8248315494895,-0.246393381446947,-0.579063221856664,0.0940339672405955,1.22928967276702,-0.280820422885699,-0.490774940611604,-0.208790662613376,0.976461904730537,489,58,"Moderate overlap"
-0.244849237808567,-0.598034223779018,0.108335748161883,-0.419362339421373,-0.81196626237454,-0.0267584164682066,71.9946966884104,-0.306959072407511,-0.688245141212322,0.0671200243101673,-0.613523792983952,-1.1145498633038,-0.11249772266411,TRUE,1.01880124795749,-0.772236032086221,-0.613523792983952,0.158712239102269,0,44.0807003802073,-0.248256913779614,-0.742116095126745,0.0715713776517041,1.87988765229895,-0.421258548666429,-0.559245065756395,-0.301149858212529,0.909916146292395,455,59,"Moderate overlap"
0.518417546240194,0.178006953729099,0.858828138751289,0.269788649471054,-0.112128220503802,0.65170551944591,74.9832664740554,0.199082354852133,-0.22242302524495,0.596398058418159,0.377792108172586,-0.087070436543206,0.842654652888377,TRUE,0.960732646973632,0.28241395938079,0.377792108172586,0.095378148791796,0,46.25866929828,0.157693526414588,-0.315387886695078,0.477567633901376,1.63380259547679,0.101829516282183,-0.0408609201131533,0.220599243290266,0.963207242863999,482,60,"Moderate overlap"
0.521254379994936,0.17113709726543,0.871371662724442,-0.574230086874362,-0.976512520379552,-0.171947653369171,1.00000000099804,-0.77548756753799,-1.18101902952251,-0.389532984945702,0.483798989059319,-0.654297895867901,1.62189587398654,TRUE,0.869397524125122,0.977491741631368,0.341726040314899,-0.635765701316469,0.223467463643025,7.340792659514,-0.126530855080977,-0.484415810124038,0.286152856681584,1.5040446635346,-0.252288620917933,-0.415910214618398,-0.104707281650167,0.989171844187725,495,51,"Poor overlap"
0.33334432000551,-0.0066931364584607,0.673381776469481,-0.116356836859939,-0.553741850771786,0.321028177051909,1.00000000099805,-0.0751227877864404,-0.494670122124869,0.285013051397011,-0.594166519602197,-1.61494800898456,0.426614969780168,TRUE,1.02231110978729,-0.318727573929038,-0.594166519602197,-0.27543894567316,0,8.79773505970465,-0.830824901963584,-1.45865108444882,-0.187436259788891,1.12827958528751,-0.523128888385967,-0.671861302102579,-0.41929044597138,0.971546469159694,486,52,"Poor overlap"
0.065745571611221,-0.282730179710603,0.414221322933045,-1.01863623509728,-1.43635139333636,-0.600921076858207,1.00000000099804,-0.980396152435111,-1.39480219835568,-0.585883110265895,-0.514566964564516,-1.51919643504589,0.490062505916858,TRUE,0.903428362956119,-0.657535422935533,-0.514566964564516,0.142968458371017,0,8.82991221196471,-0.447901916089614,-0.885221973943678,-0.208552247651753,1.12381192719719,-0.374890794817904,-0.495169444717608,-0.263102421793063,0.984191861801366,493,53,"Poor overlap"
0.215358412717974,-0.124429793448447,0.555146618884395,0.378253010238983,-0.0258839446670336,0.782389965144999,1.00000000099804,0.0889644007710914,-0.315102328056859,0.447834382927315,-0.625177497632401,-0.625177497632401,-0.625177497632401,TRUE,1.00270537926582,-0.625177497632401,-1.03475103964117,-0.409573542008766,1,9.45930236277114,-0.667140951613839,-0.843399505195959,-0.302017307827062,2.36438583852395,-0.0171856888934298,-0.30830428714308,0.125137102485969,0.945771432099515,473,54,"Poor overlap"
0.310211167110949,-0.0339711073272547,0.654393441549153,-0.240600502291632,-0.649684590973038,0.168483586389774,1.00000000099805,-0.217212135765961,-0.61004979998796,0.150061875796226,0.170180107258635,-0.979183320596175,1.31954353511344,TRUE,0.921836676224212,0.170077159459846,0.170180107258635,0.000102947798789441,0,7.98185580780802,-0.0459431581257402,-0.365396730455876,0.16962828909746,0.650701572661662,-0.205838565604624,-0.480186329655534,-0.0829377594922573,0.503556558755402,251,55,"Poor overlap"
0.0433870944885096,-0.315104120066463,0.401878309043483,-0.173926775082064,-0.6059576614807,0.258104111316573,1.00000000099802,-0.120589907390284,-0.514354551698402,0.269000348385374,-0.668382270893536,-1.78315499315999,0.446390451372915,TRUE,0.893006404952653,-0.704155507827941,-0.668382270893536,0.0357732369344055,0,10.879269389259,-0.543445994651009,-0.91588854143295,-0.138839068061165,1.65669347661721,-0.440417991949066,-0.66329052354791,-0.251360877353131,0.973913991935279,487,56,"Poor overlap"
0.51377528771103,0.168878641816987,0.858671933605073,1.15733004251125,0.731634349015202,1.5830257360073,1.00000000099802,0.506287484417366,0.103151368706725,0.887279362797234,0.111851265979017,-0.916486225386818,1.14018875734485,TRUE,0.892487161875327,-0.262120435731613,0.375552862817215,0.637673298548828,0.413537147373603,10.7023334971648,-0.574000076999094,-1.00382000002182,-0.19065598321756,1.66020388255533,-0.0523021472907371,-0.558447020424186,0.248000307042977,0.968429441750406,486,57,"Poor overlap"
0.042258529164266,-0.315786731446984,0.400303789775516,0.34361196298029,-0.093218790828549,0.780442716789129,1.00000000099805,0.131246219065082,-0.293746018177291,0.506248025595873,-0.366475405583619,-1.45424069125586,0.721289880088624,TRUE,0.970897108748961,-0.786955295587867,-0.366475405583619,0.420479890004248,0,7.85435295062215,-0.154744637525699,-0.742787179715832,0.13570630015318,0.9298690958347,-0.607963779551119,-0.716147659292385,-0.476774217712102,0.98051525998327,491,58,"Poor overlap"
0.0346751324610391,-0.313301571404856,0.382651836326934,-0.822206783314712,-1.23115779361854,-0.413255773010886,1.00000000099802,-0.81681316143828,-1.2035354114411,-0.440224105025699,-0.769473114118329,-1.76331731538687,0.224371087150215,TRUE,0.867166747992525,-0.124834712785436,-0.806552266707443,-0.681717553922007,0.0543907845350211,8.23570033030751,-0.365064819755198,-0.606024897178794,-0.0135030905598733,0.541709317365897,-0.162019717049543,-0.476974082965831,0.0344651767833741,0.989920713160708,495,59,"Poor overlap"
0.113651542480848,-0.235370729729019,0.462673814690715,0.780535726537783,0.364919322740464,1.1961521303351,1.00000000099805,0.154964237241173,-0.290103221690539,0.555063948163774,-0.458935807682022,-1.60753405694048,0.689662441576439,TRUE,0.828809966055598,-0.179532608533729,-0.458935807682022,-0.279403199148292,0,5.69962899418962,-0.624359744100101,-0.927384151188042,-0.239729639906235,0.68622308263318,-0.853072683001373,-1.05490012047717,-0.617815039648251,0.748448471923874,375,60,"Poor overlap"
-0.0967290686293961,-0.450090870662647,0.256632733403855,-0.450541709632768,-0.841875597155858,-0.0592078221096789,55.1724418527343,-0.402702225785656,-0.798217108732925,-0.0271109016274122,-0.593002827068022,-1.0655182061416,-0.120487447994443,TRUE,1.11107262277981,-0.807295040360585,-0.518373069305676,0.288921971054908,0.25830419711543,46.0229133526027,-1.14312473328091,-1.48832338908522,-0.599368101654038,0.29199971313251,-0.472216905038284,-0.761554639609818,-0.140177419109385,0.990427644815225,496,51,"Moderate overlap, outcome shift"
0.269690502038326,-0.0843153491657198,0.623696353242372,0.0237252287134844,-0.36954443436902,0.416994891795989,50.3658749580773,0.00204825498085129,-0.381857485725967,0.383671813484402,-0.288174684756105,-0.953160372457018,0.376811002944809,TRUE,0.988770204574139,-0.392765054193246,0.0795345249469545,0.4722995791402,0.778550788405226,41.8653406327403,-0.504967361369165,-0.917206197506231,-0.139186099241108,1.24203106522379,-0.177275346826559,-0.35044601129345,-0.0845929111308,0.705792768488751,353,52,"Moderate overlap, outcome shift"
0.0302720838600439,-0.327976527212762,0.38852069493285,-0.0853023988272933,-0.483237251326603,0.312632453672016,74.4015016015013,-0.0895050304782282,-0.491711566800122,0.303609823635481,-0.272479660872733,-0.708168891641361,0.163209569895896,TRUE,1.12009124745727,-0.231711368748269,-0.272479660872733,-0.0407682921244636,0,46.0954301800141,-0.17285077081462,-0.55227200567991,0.139384142598532,1.97209991820743,-0.318719022621114,-0.49755947768962,-0.0912046942443923,0.962012171160891,481,53,"Moderate overlap, outcome shift"
-0.0733673141037225,-0.4374312864548,0.290696658247355,-0.315741253687832,-0.722974981115995,0.0914924737403311,50.8821079920747,-0.218228772107474,-0.648424645146343,0.182017598020115,-0.289695840520714,-0.770022703999188,0.190631022957759,TRUE,0.858650083755912,-0.392014028058762,-0.289695840520714,0.102318187538048,0,42.7676994494291,-0.927001088549449,-1.42332680131787,-0.0491313402641398,1.95521352234596,-0.732383035377522,-0.958348173887627,-0.440734557287562,0.983304059562947,492,54,"Moderate overlap, outcome shift"
-0.252584702810234,-0.628285064096042,0.123115658475573,-0.473126529084748,-0.893266170120764,-0.052986888048732,39.9199099362293,-0.356044241237183,-0.767343612978246,0.0453494662165352,-0.479340610969207,-1.01749414261968,0.05881292068127,TRUE,0.881476687766911,-0.534632711575572,-0.479340610969207,0.055292100606365,0,41.5921603394954,-0.684049019661426,-1.00908314151186,-0.229128177658984,2.45487713902256,-0.604886505197215,-0.730217569608773,-0.390059862817428,0.977164734577531,489,55,"Moderate overlap, outcome shift"
0.0733345395329373,-0.296036752373261,0.442705831439135,-0.280967788026708,-0.690079398566417,0.128143822513,44.6719793917541,-0.213058918566684,-0.61975637537707,0.174358991124237,-0.491357442900636,-1.22798578861238,0.245270902811103,TRUE,0.84125972336397,-0.634456565633956,-0.203723218314314,0.430733347319642,0.667777933554961,32.7564024658839,-0.607616258905696,-0.999338574494383,-0.144037376349414,1.45455486047631,-0.158197275557016,-0.478638084945652,0.00383317772873073,0.987158593745638,494,56,"Moderate overlap, outcome shift"
0.241073774853451,-0.112707138888596,0.594854688595497,-0.0917294831544696,-0.484248241723148,0.300789275414209,42.6318475606911,-0.0803685106074817,-0.512912976867954,0.295679049061082,-0.266880960477124,-0.886365641844965,0.352603720890717,TRUE,0.868271041793905,-0.441534548796942,-0.266880960477124,0.174653588319819,0,36.3908688383912,-0.722698368910945,-1.02805646029907,-0.319447601279889,0.642879545063289,-0.553779084876375,-0.698632611411005,-0.379045961748645,0.993375722055006,498,57,"Moderate overlap, outcome shift"
0.48485831251358,0.148388165926677,0.821328459100483,0.398854260732107,0.0170133850830174,0.780695136381196,44.8324120419766,0.235510193495443,-0.164111147879506,0.600541213853185,0.33788317235233,-0.126850339676808,0.802616684381467,TRUE,0.848760529311514,0.29769856191282,0.33788317235233,0.0401846104395094,0,38.6684675564278,0.167722343951365,-0.654772728572947,0.603439758579065,2.00632285047785,-0.106037752313508,-0.317131692747936,0.0542384468238043,0.601013661499593,302,58,"Moderate overlap, outcome shift"
0.317431660908729,-0.0265430950060962,0.661406416823554,0.112269084126044,-0.272814716477008,0.497352884729096,48.5337604899778,0.101178963710415,-0.281544275525472,0.471648256146548,-0.149743490947002,-0.639452118158203,0.339965136264198,TRUE,0.886517577092571,-0.306334415746531,-0.149743490947002,0.156590924799529,0,43.8476779527182,0.0532498782680846,-0.335470168551745,0.416500606782183,1.4230542620434,-0.197358472235598,-0.559934450580374,-0.0499378867642884,0.989780769442641,496,59,"Moderate overlap, outcome shift"
-0.0401178065771647,-0.393600433326547,0.313364820172218,-0.30380502882199,-0.701706954226564,0.0940968965825837,61.2810672414503,-0.196873907380413,-0.595280410671371,0.189878590091532,-0.42349384814925,-0.963968472942763,0.116980776644263,TRUE,1.06237565665222,-0.622327556945124,-0.359730406273773,0.26259715067135,0.242818483416369,43.2438596186705,-0.394747128813918,-1.0857917982863,-0.0782296861039275,1.47388264812681,-0.490421320132522,-0.593409067020255,-0.363542415261656,0.990567889771444,496,60,"Moderate overlap, outcome shift"
0.738828398633408,0.400159777034361,1.07749702023245,-0.1890812064748,-0.621933912352922,0.243771499403321,1.00000000099801,0.0105302941728167,-0.343029225605693,0.381732078242031,NA,NA,NA,FALSE,0.702361999627653,NA,NA,NA,NA,NA,-0.430711590952782,-0.826089292298448,-0.107929472136103,0.692670520876271,-0.496754307063209,-0.685400795116596,-0.382678462394565,0.647607897670072,324,51,"Poor overlap, outcome shift"
0.480725401642699,0.144623772222848,0.81682703106255,-0.330174047510074,-0.733438243196791,0.0730901481766428,1.00000000099804,-0.381365394554877,-0.777674729271759,-0.0129040481330667,0.277155395989226,-0.555706391573075,1.11001718355153,TRUE,0.891544526154618,0.0938017022103794,0.277155395989226,0.183353693778847,0,11.3357625257045,-0.326103531422617,-0.60497838180018,-0.00712445015569002,1.55694700388855,-0.0122530689520877,-0.241717393042586,0.0876557150685939,0.953751019253449,479,52,"Poor overlap, outcome shift"
0.466804258892452,0.121178560997585,0.812429956787318,-0.789027694809526,-1.227578443635,-0.350476945984047,1.00000000099801,-0.45533141114221,-0.819323262235838,-0.0697669568570934,-1.07736919721537,-2.43497402954459,0.280235635113846,TRUE,0.892591644468104,-1.30653856577128,-0.0131825238051292,1.29335604196615,0.822810300396848,9.67792054060041,-0.796558389296302,-1.11696028225468,-0.652977220702545,0.953110942385983,-0.275729755797341,-0.335515840548877,-0.00575514436130813,0.98679378547665,494,53,"Poor overlap, outcome shift"
0.884364394053982,0.543230863319343,1.22549792478862,-0.251904718781723,-0.65586090852111,0.152051470957664,1.00000000099802,-0.10333347967788,-0.501575553087011,0.282127537753918,-0.109626219410571,-1.24625001655631,1.02699757773517,TRUE,0.847425359944191,-0.148482276808433,-0.109626219410571,0.0388560573978622,0,8.94699505894236,-0.245498341580376,-0.593162482222684,0.167916222433137,2.27172474510591,-0.283406822808145,-0.413002691074088,-0.057830084785258,0.978714640450243,490,54,"Poor overlap, outcome shift"
0.607258298616293,0.262040063982585,0.952476533250001,-0.642853727462586,-1.06631300671367,-0.219394448211505,1.00000000099801,-0.529490691817934,-0.928077412732123,-0.164871250095501,NA,NA,NA,FALSE,0.756114599209978,NA,NA,NA,NA,NA,-0.429894804694536,-1.06432163927623,-0.0595332720517316,1.88027661691085,-0.378238810861709,-0.795405930295308,-0.175473503213419,0.967010011776797,485,55,"Poor overlap, outcome shift"
0.621674803350211,0.276056761993581,0.96729284470684,-0.661446804267377,-1.07735594811718,-0.245537660417579,1.00000000099805,-0.637273137879652,-1.02094270940256,-0.267609699874207,-0.350845355774185,-1.64028939922874,0.938598687680365,TRUE,0.914633164032853,-0.863596711058527,-0.350845355774185,0.512751355284342,0,6.51846574916578,-0.501539203727104,-0.968895609083371,0.236092354457558,1.7902888793885,-0.246059297230873,-0.405048445842032,-0.134242832743816,0.985411308575172,494,56,"Poor overlap, outcome shift"
0.804461894657119,0.457401784931506,1.15152200438273,-0.670598787671561,-1.06628840801142,-0.274909167331706,1.00000000099804,-1.00512572647699,-1.40573648067734,-0.647075892072631,-0.135078383277952,-1.60499377548757,1.33483700893167,TRUE,0.922557158561379,-0.248678350495792,-0.135078383277952,0.11359996721784,0,6.8140080927175,-0.42600487826588,-0.828439549013898,-0.0906350436050138,0.99337652178031,-0.209974630318598,-0.425257911048258,0.0774335550710998,0.679284042878025,340,57,"Poor overlap, outcome shift"
0.594175645308581,0.251831866315003,0.93651942430216,1.35797433255655,0.917736139919102,1.798212525194,1.00000000099804,0.48999429637147,0.111821358153094,0.866540344545646,0.125348294139499,-0.643050118185328,0.893746706464325,TRUE,0.874551011421316,0.170288778116357,0.125348294139499,-0.0449404839768583,0,10.7401994587914,-0.271376284099614,-0.605304759683057,-0.0191767052440596,2.53695568674916,-0.156545725385485,-0.279573785801787,-0.0596997823967591,0.633618800050542,316,58,"Poor overlap, outcome shift"
0.810459110691889,0.468479765001986,1.15243845638179,0.609581086055964,0.204525672980571,1.01463649913136,1.00000000099807,0.337711394160923,-0.070275632101353,0.715124172020226,-0.187008005899669,-1.56090063029335,1.18688461849402,TRUE,1.0651864090365,-0.765376825579958,-0.187008005899669,0.578368819680289,0,6.01148179462942,0.10836608693533,-0.421098588557864,0.368068940443438,1.75667112215211,0.0475411827238745,-0.322108735279143,0.228454138563522,0.96977260648361,486,59,"Poor overlap, outcome shift"
0.491027838288253,0.141633090025067,0.840422586551439,0.0765530950260786,-0.350517871900532,0.503624061952689,2.54710664079087,0.0619610461871309,-0.362034725291063,0.448784301919125,-0.790142815614609,-1.92147396909069,0.341188337861473,TRUE,0.817084430642795,-1.07950594498232,-0.423993349261168,0.655512595721156,0.558569688429289,10.8505359483703,-0.465601448449969,-0.77934839658927,-0.0731906652545994,1.89580445941368,-0.436744663848046,-0.588045807989864,-0.225098103423838,0.44034029954126,219,60,"Poor overlap, outcome shift"
