"overlap","role","rep","id","p_exchangeable","closer_than_trial","ll_gap","time","event","X_1","X_2","X_3","X_4","X_5","X_6"
"Same margins","few_exchangeable",38,11602,0.0686221209735442,0.786666666666667,-0.0373974100122823,4.02110912065033,1,-0.0408850476994955,-0.96086979226611,0.253644865743752,1,1,1
"Same margins","few_exchangeable",38,49717,0.0142280159574277,0,-3.93535778505916,4.79504330080271,1,1.02288817174126,1.50712088972865,3.9539198971725,3,3,3
"Same margins","few_exchangeable",38,7803,0.0527978862532442,0.546666666666667,-0.464983404853135,1.1493730280625,1,-1.55438720940549,-0.971726170083596,-1.73119642516728,1,1,1
"Same margins","few_exchangeable",38,27325,0.0476019169519961,0.506666666666667,-0.738766248935183,0.238583901803235,1,0.589644272977742,0.507866416649963,0.255364334928679,2,2,1
"Same margins","few_exchangeable",38,15219,0.0865469658765827,0,0.244901571412822,0.692949581522074,1,3.30240570829011,2.27873517427625,1.49014410560229,3,3,3
"Same margins","few_exchangeable",38,16652,0.0485030300195311,0.253333333333333,-0.737112218511499,0.116284798537688,1,1.054144342277,0.0787454499525617,0.110413561181434,2,1,1
"Same margins","few_exchangeable",38,48079,0.0961881297371523,0,0.44013266194573,1.00391474324654,1,1.52658315217851,0.791737189840335,2.2369577847713,3,3,3
"Same margins","few_exchangeable",38,14099,0.0724013879967845,0.92,0.0349937769608841,4.27253874140737,1,-0.541175929410781,-0.137499067811649,-0.880780855208404,1,1,1
"Same margins","few_exchangeable",38,17197,0.0634497120567448,0.773333333333333,-0.242389864072811,1.97585240040843,1,0.199573474918271,-0.142836120219385,0.109335830453182,2,2,2
"Same margins","few_exchangeable",38,16395,0.0528074109563033,0.56,-0.383943296565684,0.656122650191501,1,-0.389106737252932,0.720993745326138,-0.77341896287376,1,1,1
"Same margins","few_exchangeable",38,29583,0.0912769806543528,0.693333333333333,0.0983496577336147,6,0,0.133945672909377,0.434284128349654,0.348467673624737,1,2,1
"Same margins","few_exchangeable",38,22736,0.1003346636191,0,0.448298847551627,0.571149286573152,1,0.791726309741938,1.46705879327074,2.20010257578684,3,3,2
"Same margins","few_exchangeable",38,31043,0.0882438256097447,0.426666666666667,0.344319477992525,0.411528257424808,1,-0.971778818745327,1.03771614683621,0.789557611996738,1,2,2
"Same margins","few_exchangeable",38,13794,0.0749124592292782,0.4,0.0900769530877792,4.95159338329275,1,-0.26163801187689,-0.896419978015888,-1.3539722971366,1,2,1
"Same margins","few_exchangeable",38,44102,0.059945779396346,0.573333333333333,-0.284693039471822,1.75825454036707,1,-1.50001706453681,-1.85145683105826,-1.6123402470746,1,1,1
"Same margins","few_exchangeable",38,30659,0.0615340540673595,0,-0.275745793611673,0.80496913372963,1,1.6449541264127,-0.347868736760066,-0.313849656740184,3,1,2
"Same margins","few_exchangeable",38,37699,0.110277049528252,0.8,0.600983620548007,6,0,-0.96790316922251,-1.83629811745045,-1.28465664300146,1,1,1
"Same margins","few_exchangeable",38,40529,0.0675845783010813,0.106666666666667,-0.0311297384077212,2.91182768599272,1,0.422549129424192,0.530542729154203,0.778953657216073,2,3,2
"Same margins","few_exchangeable",38,13909,0.0758633783818587,0.08,0.0357705220025455,1.04936778533795,1,0.434762950561618,2.25021821178915,1.3916773980706,2,2,3
"Same margins","few_exchangeable",38,46456,0.0663030458340318,0.64,-0.0304615653342994,2.41300328233849,1,0.40541494739579,0.154016524650153,0.193979615601928,1,2,1
"Same margins","few_exchangeable",38,17105,0.0512628888938479,0.0933333333333333,-0.572595483349149,1.1714673633967,1,-1.40250873925313,-2.31159932483222,-2.35412989476595,1,1,1
"Same margins","few_exchangeable",38,20841,0.0651144991938473,0.96,-0.101802747322517,2.53593973501044,1,-0.112686593844779,-0.131793808860414,-0.590622159829626,1,1,1
"Same margins","few_exchangeable",38,29337,0.0836677333836417,0.0133333333333333,0.0829892548488833,0.682022754195542,1,1.12334872632029,0.4823583198851,1.53930396738703,2,3,2
"Same margins","few_exchangeable",38,11802,0.0781509682830158,0,0.225320333504745,1.48952878693368,1,-0.446328192067873,1.10593109849849,3.06810665602882,2,2,3
"Same margins","few_exchangeable",38,12855,0.0812357505192355,0,0.206880602834011,1.33522721325876,1,3.11456015416322,1.51332874477219,1.52467868314051,3,3,3
"Same margins","few_exchangeable",38,38302,0.0705291741262721,0.293333333333333,-0.140005355788684,0.936775465896394,1,0.683079692224682,1.60591988827634,1.03729695900167,2,3,2
"Same margins","few_exchangeable",38,19705,0.0542185483152642,0.0133333333333333,-0.159256302971535,3.72253221980785,1,-0.0372665861340012,1.01763249698049,2.20203815584278,2,3,2
"Same margins","few_exchangeable",38,2950,0.0944636290092054,0.28,0.388352602244408,0.486586528481245,1,-0.105018564849122,-0.312786771997298,0.019640884627198,1,1,3
"Same margins","few_exchangeable",38,24266,0.0736066581231588,0.0533333333333333,0.0847308216123213,4.9025038307848,1,-1.64801271033727,0.502986982413289,0.404310192446758,2,2,1
"Same margins","few_exchangeable",38,13796,0.0606047430946077,0.0666666666666667,-0.401326819604872,1.39580309734816,1,1.70959954963758,1.11257753097505,-0.504503891266697,2,3,3
"Same margins","few_exchangeable",38,10994,0.0623367295965148,0.866666666666667,-0.200482747192201,2.92282311106156,1,-0.5439198854374,-1.31244676348001,-1.65471989032912,1,1,1
"Same margins","few_exchangeable",38,41513,0.0725939777805646,0.186666666666667,0.0603044549561353,2.16180191334307,1,-0.568712084154631,0.235477010825585,1.27347838980505,2,2,3
"Same margins","few_exchangeable",38,14557,0.0676728554907109,0.466666666666667,-0.129632285014205,1.95895646701655,1,0.861038840289599,0.974590020813003,0.350192328418422,2,2,3
"Same margins","few_exchangeable",38,31371,0.0888877153133867,0.106666666666667,0.3782068219675,1.10564958007309,1,-0.322432275573216,0.719242717800142,1.55882502323662,1,1,2
"Same margins","few_exchangeable",38,13630,0.0631045318639515,0.493333333333333,-0.173860886722533,3.37450969098237,1,-0.380757819411965,-0.398616307946292,0.727517095037737,1,2,2
"Same margins","few_exchangeable",38,19945,0.0690404617226201,0.826666666666667,-0.0208885052183359,3.50755735267344,1,-0.0492834628566385,0.013343759219575,0.515783458925932,1,1,1
"Same margins","few_exchangeable",38,21251,0.0736471222860332,0.4,0.0704213087192995,4.68110397028346,1,0.0176692302306518,-0.951116162564103,-1.06606469929939,1,2,1
"Same margins","few_exchangeable",38,22169,0.0703859996523174,0.52,-0.221388310949544,0.309534636078781,1,-0.827760948728339,-0.323208126890202,0.342235048410026,2,1,2
"Same margins","few_exchangeable",38,43181,0.0565626217114452,0.506666666666667,-0.484799009647466,0.849213009048924,1,0.984451955920408,-0.0625002746920373,-0.0906465540840373,2,2,2
"Same margins","few_exchangeable",38,27513,0.0692430633422917,0.666666666666667,-0.191797898083644,6,0,-1.80146854884546,-0.548357018555843,0.092413521704204,1,1,1
"Same margins","few_exchangeable",38,32765,0.0626170611250508,0.613333333333333,-0.238896922360233,4.2317541181443,1,-0.302639760906975,0.510306238806111,0.556713795940122,1,1,2
"Same margins","few_exchangeable",38,46409,0.0651186095696738,0.693333333333333,-0.130629592167532,4.33693478565732,1,-0.311952948888166,0.921979610082788,0.458390358965262,1,2,2
"Same margins","few_exchangeable",38,41571,0.0680051781962647,0.8,-0.175283341247062,3.74704259447753,0,-1.23742552485443,-0.166065700139519,0.353504029141891,1,1,1
"Same margins","few_exchangeable",38,11442,0.0643430204374884,0.613333333333333,-0.260120687719058,1.53290281350045,1,0.309091178159678,-0.591511283688818,-0.0204812055415241,2,1,2
"Same margins","few_exchangeable",38,15874,0.0690831717434264,0.0666666666666667,-0.0418379225629932,1.53574053361212,1,0.047731556586707,0.579991842329873,0.093944348640962,1,3,1
"Same margins","few_exchangeable",38,44688,0.065749969783563,0.32,-0.140793546079339,3.33911107626423,1,-0.347242135477646,0.992613399535454,0.644017810344632,2,2,1
"Same margins","few_exchangeable",38,44307,0.068235986686087,0.906666666666667,-0.0256162829187505,1.47729354741456,1,0.187057543861059,-0.191822907095709,0.0719610185933151,1,1,1
"Same margins","few_exchangeable",38,44445,0.0507019892102171,0.533333333333333,-0.640704588150605,1.79838345241642,1,0.55539140842309,-0.32923264918539,-0.610857129776552,2,1,1
"Same margins","few_exchangeable",38,46025,0.0706604393209072,0.56,-0.0433740324189742,2.16880518853582,1,0.934526679309669,0.569023072713191,0.641985418036006,2,2,3
"Same margins","few_exchangeable",38,34210,0.0743484655004454,0.266666666666667,0.198025871833485,4.1292549809441,0,0.71636327768471,1.7148144724053,1.12014104665301,2,3,2
"Same margins","few_exchangeable",38,4633,0.0629797704652658,0.0266666666666667,-0.0510224548995168,3.41710428400246,1,1.27848952897753,0.634098973401766,0.669037099387246,3,3,3
"Same margins","few_exchangeable",38,48097,0.0548712679681151,0.786666666666667,-0.342432085664599,0.653154266788738,1,-0.205967845852897,-0.0188598187698387,-0.655841438127105,1,2,1
"Same margins","few_exchangeable",38,19396,0.0727417445814247,0.08,-0.181602670115132,0.756747264076864,1,-0.354029459935219,-0.996074197258698,-0.306874366840121,2,1,3
"Same margins","few_exchangeable",38,5542,0.0739917519674985,0.653333333333333,0.0536415812781241,4.93827025294792,1,-0.424015760235592,-1.29185533875648,-1.98268460989748,1,1,1
"Same margins","few_exchangeable",38,14173,0.0728026419270626,0.4,0.00840133574533253,1.78283820636118,1,-0.0271877841585421,-0.325069048013158,1.22084175853186,2,2,2
"Same margins","few_exchangeable",38,20875,0.0639545444861808,0.0666666666666667,-0.0667642382240379,2.94374581454582,1,0.733362829166056,2.33700410581767,1.47466618171317,3,3,3
"Same margins","few_exchangeable",38,26159,0.07350284421094,0.0933333333333333,-0.177078896843049,0.441489636857335,1,-0.793531256751846,1.07622994669722,0.703606356130726,2,3,2
"Same margins","few_exchangeable",38,3192,0.0672160904425166,0.96,-0.0555433153974789,2.51701472716075,1,-0.279991433251645,-0.0389686204605822,-0.297159204497215,1,1,1
"Same margins","few_exchangeable",38,19176,0.0733859365950563,0.84,0.0689537170367327,2.05101814443442,1,-0.672424484407925,-0.358102601327105,0.632044910799312,1,1,1
"Same margins","few_exchangeable",38,39010,0.0699707025449856,0.52,-0.326281420114543,6,0,0.687870646268081,0.170064062728655,0.0394038885923486,1,1,2
"Same margins","few_exchangeable",38,33340,0.0788899690009205,0.373333333333333,0.194929078767621,0.959272480554537,1,-0.622669895453036,0.848012892480328,0.36742954745461,1,1,2
"Same margins","few_exchangeable",38,32303,0.0740204546937565,0.786666666666667,0.0675861420669901,1.58149236882186,1,-0.278971796907223,-1.14074748393974,0.245211020484808,1,1,1
"Same margins","few_exchangeable",38,30066,0.0573950607451947,0.626666666666667,-0.286867506781189,1.33516485113015,1,-1.24195637102402,0.160533990258562,-0.945531143852179,1,1,1
"Same margins","few_exchangeable",38,47425,0.0811896195118287,0.946666666666667,0.181628306307132,5.65788317977654,1,-0.408288128945058,-1.11642205270259,-1.12609852787721,1,1,1
"Same margins","few_exchangeable",38,25601,0.0961303956329997,0.546666666666667,0.208079277132122,6,0,0.590034570183716,0.0735346550580313,0.164224115076173,1,2,1
"Same margins","few_exchangeable",38,47998,0.063007336036003,0.586666666666667,-0.150923683254065,3.4464258505946,1,-0.785192384741385,0.0540826445964406,-1.49859845739771,1,1,1
"Same margins","few_exchangeable",38,8834,0.0686895642480477,0.0933333333333333,0.0138753607743696,2.60489828100227,1,1.13864195811499,1.10054426145362,0.964367668945714,3,3,3
"Same margins","few_exchangeable",38,31758,0.0477913620004222,0.213333333333333,-0.685264917242874,1.34400971783456,1,1.16799343001024,0.920583731100323,0.0390096038809488,2,2,1
"Same margins","few_exchangeable",38,22005,0.0739625160458589,0.613333333333333,0.128542269178876,5.17419039202013,1,0.191078596454303,-0.48746690227407,-0.295812788078639,2,1,2
"Same margins","few_exchangeable",38,47665,0.070905337814263,0.906666666666667,0.00142103706803898,2.87051768623049,1,-1.24179386692149,-0.821901524477229,-0.107317093510742,1,1,1
"Same margins","few_exchangeable",38,26424,0.0698692566673315,0.96,-0.0073749396497691,0.45257659221594,1,-0.534803121358879,-0.406451336984177,0.0239165534409977,1,1,1
"Same margins","few_exchangeable",38,40130,0.0578786644084023,0.253333333333333,-0.342548404812352,3.27619970469265,1,-1.14448911961564,0.18934143345171,1.29923299235893,1,2,2
"Same margins","few_exchangeable",38,3620,0.0615291556624745,0.0933333333333333,-0.248642668626375,4.54795758756081,1,-0.816034282591277,0.974760707097862,1.19718217224788,1,1,1
"Same margins","few_exchangeable",38,21020,0.06939789357185,0.0933333333333333,-0.0353875882042878,2.00017151778032,1,-0.40018980998104,0.0267143226056196,0.309507535074993,3,2,2
"Same margins","few_exchangeable",38,31850,0.068951512393297,0.573333333333333,-0.0378724672428805,3.80402294629513,1,0.118150487627279,-1.13122341832222,-0.384426455313349,1,1,2
"Same margins","few_exchangeable",38,12810,0.0764549298706605,0.36,0.16726689604172,5.53633975389426,1,0.697734207953144,0.66116834053575,0.349405278660379,2,1,2
"Same margins","few_exchangeable",38,6853,0.0650741368883901,0.32,-0.189500746323178,4.20719375108749,1,0.296883356136548,0.440753279441796,-0.542782809317562,2,1,1
"Same margins","few_exchangeable",38,43397,0.152611440205705,0,1.12548448826566,6,0,1.05791462604434,-1.21700152616389,-1.15343050999933,3,2,1
"Same margins","few_exchangeable",38,41339,0.0674266258543215,0.213333333333333,0.0701238925929268,4.61195725986652,1,0.196557798759613,0.733384874399866,0.51397965864997,2,3,2
"Same margins","few_exchangeable",38,13026,0.0885182687431718,0.693333333333333,0.259529669553298,6,0,-1.88234694813135,-1.27425723782615,-0.686291065058279,1,1,1
"Same margins","few_exchangeable",38,38690,0.0620295761904073,0.986666666666667,-0.181439361674321,1.17154695730885,1,-0.775754463783965,-0.422928720399644,-0.628523047572927,1,1,1
"Same margins","few_exchangeable",38,16342,0.0633177374066285,0.0133333333333333,-0.0748450930631708,2.90386998694787,1,0.034958214134407,1.01321377121156,1.92408997832651,2,1,3
"Same margins","few_exchangeable",38,3457,0.0736140169618405,0.546666666666667,0.00957021607266095,0.903553213517319,1,-1.16106116936736,-2.13276621038789,-0.407778352212882,1,1,1
"Same margins","few_exchangeable",38,45849,0.0697238319063612,0.546666666666667,-0.55046161231184,6,0,-0.067614165950067,1.4310030114172,0.634198904494041,1,2,2
"Same margins","few_exchangeable",38,7518,0.0935300178770088,0,0.384126138505254,1.52999628335238,0,0.756783572484044,-0.655666787052652,-2.12462743760364,2,2,1
"Same margins","few_exchangeable",38,36463,0.0763746469298586,0.0666666666666667,0.177751180962506,1.59111301202826,1,-0.718982693997947,1.30062653799189,0.493124668825443,1,2,3
"Same margins","few_exchangeable",38,18157,0.0568493976094452,0.133333333333333,-0.345928433950318,3.42947878342077,1,-1.40904643108266,-0.501478652573407,1.00534695467537,1,2,2
"Same margins","few_exchangeable",38,25349,0.044522131929654,0,-0.76684660575926,3.04569553372364,1,1.79143467710728,0.293467000252228,-2.07508820758279,3,2,1
"Same margins","few_exchangeable",38,46382,0.0627758545218077,0.0933333333333333,-0.250807801945408,2.85949456011099,1,0.139182052998787,-2.02691479315851,-0.349524463271645,2,1,1
"Same margins","few_exchangeable",38,3831,0.0660912172903284,0.106666666666667,-0.0903878987675908,2.59879592500327,1,-0.888412175584667,-0.456252181872992,0.309585126341312,1,1,3
"Same margins","few_exchangeable",38,31279,0.0705720461895391,0.96,0.00400428622368376,1.07862246189603,1,-0.797031013825784,-0.453767253117819,0.0158089673005165,1,1,1
"Same margins","few_exchangeable",38,20369,0.0658916793264881,0.613333333333333,-0.110256004563651,4.07280893764089,1,0.0754404903819836,-0.95437555186125,-1.95998743782589,1,1,1
"Same margins","few_exchangeable",38,42926,0.0728779437559192,0.413333333333333,0.16063006280883,5.8233423232141,1,1.23499380117607,0.312839122192818,0.806533223987493,2,2,2
"Same margins","few_exchangeable",38,42170,0.0688396373326296,0,0.00184202091405528,2.92041494217469,1,1.58784965858016,0.388530501452366,0.7440028806811,3,1,2
"Same margins","few_exchangeable",38,28812,0.0484946094838348,0.0133333333333333,-0.939836623650226,4.34665151120509,1,0.273179758833142,2.43924997151,1.73989496425427,1,2,3
"Same margins","few_exchangeable",38,45339,0.0927939822824254,0.693333333333333,0.175252712602888,6,0,-0.970553968544338,0.276261297023199,0.0690550684113234,1,2,1
"Same margins","few_exchangeable",38,15201,0.0660994602732117,0.546666666666667,-0.0517302230053334,2.4244420243709,1,-0.845850762909381,0.78456118413663,-0.114789280948124,1,1,1
"Same margins","few_exchangeable",38,38833,0.0582761520420884,0.88,-0.272810223340491,2.16772252226207,1,-0.694798755515403,-0.282240879397188,-1.2939548656392,1,1,1
"Same margins","few_exchangeable",38,33852,0.072085020280002,0.346666666666667,0.0390954569430564,4.2910483307467,1,-0.405005338962812,-2.38473499533421,-1.34790400339951,1,1,1
"Same margins","few_exchangeable",38,25563,0.0654662187411729,0.426666666666667,-0.125699253964703,3.40766722594357,1,-0.135376456249878,0.833365355710883,0.695091964653026,1,1,2
"Same margins","few_exchangeable",38,23417,0.0907160016323054,0.2,0.419673851365998,0.647766062511918,1,-0.777053579181819,1.5146205651381,1.32788244811934,1,2,2
"Same margins","few_exchangeable",38,12998,0.0675177462264018,0.0533333333333333,-0.012175507072437,3.08520504183762,1,0.573802734950565,-0.434023932217576,0.863050959132326,3,1,2
"Same margins","few_exchangeable",38,39215,0.0548945373215169,0.266666666666667,-0.36558112797719,2.06369499636071,1,0.0937649138851296,-0.871680167519564,-1.47160751829525,1,2,1
"Same margins","few_exchangeable",38,19490,0.077409962143538,0.546666666666667,0.142994777884597,5.91735869787622,1,-0.252276044679516,0.319965815701287,-0.807901152718764,1,2,2
"Same margins","few_exchangeable",38,14736,0.0593548067704245,0.0533333333333333,-0.300482030200796,2.8038465028806,1,-0.359489222217052,-0.165904886321951,-0.834575526785099,3,1,1
"Same margins","few_exchangeable",38,18277,0.118722115987326,0.6,0.632591216434917,6,0,-1.35216949488618,0.120031189180956,-0.930443940974395,1,1,1
"Same margins","few_exchangeable",38,26171,0.052297608342847,0.933333333333333,-0.432088597891362,0.0728059605380059,1,-0.00169965120483519,-0.67882166130251,-1.01222591510156,1,1,1
"Same margins","few_exchangeable",38,31653,0.0829535334087906,0.52,0.0201267989897138,6,0,0.26909943177432,-0.44828746873059,-0.418200511795301,1,2,2
"Same margins","few_exchangeable",38,43360,0.0636820936648876,0.173333333333333,-0.105419712639808,1.24381215315161,1,-0.95328854296183,1.0816001846893,-0.57261968376619,1,2,2
"Same margins","few_exchangeable",38,49522,0.061678603127387,0.573333333333333,-0.248616378820169,2.85843781783512,1,0.898969653285131,0.841009420605589,-0.0937643150386673,2,2,2
"Same margins","few_exchangeable",38,13653,0.0981878196884742,0.213333333333333,0.42704462318112,6,0,-0.789175094920626,-1.58451664254582,-1.5711983099985,1,1,2
"Same margins","few_exchangeable",38,500,0.0717350362993405,0.906666666666667,-0.0227705932881299,1.17366374537139,0,-1.06059878223795,-0.399458949312166,0.127973353797659,1,1,1
"Same margins","few_exchangeable",38,12543,0.0762326155100313,0.906666666666667,0.103550329452368,4.9286406341469,1,-1.10141694710612,-1.38167882699649,-1.2932792236961,1,1,1
"Same margins","few_exchangeable",38,12553,0.0726808743982394,0.906666666666667,0.0348306040522304,4.20792104246314,1,0.0452010208643438,-1.00630352379711,-0.462038503652207,1,1,1
"Same margins","few_exchangeable",38,30200,0.039623941137497,0.32,-1.15027554634681,0.627677902640425,1,-0.0599030169086522,-0.837604038207897,-1.52745865570735,2,1,1
"Same margins","few_exchangeable",38,46466,0.0476674748776323,0,-0.757794280038563,1.72117498275751,1,2.52788886734295,2.03810151410435,-0.860471194708567,2,3,2
"Same margins","few_exchangeable",38,28598,0.0731219556370098,0.853333333333333,0.0569183722123214,4.45557962106519,1,0.583301173912462,-0.50404482214518,-0.507355376081103,1,1,1
"Same margins","few_exchangeable",38,36633,0.086185667766609,0.0666666666666667,0.251199914943458,0.150141830369449,1,0.541384366587924,0.924900636330669,0.379457840410862,1,3,2
"Same margins","few_exchangeable",38,17016,0.15038642554033,0.0133333333333333,1.1281142448507,5.25243682786822,0,0.338385629004618,1.41640572377814,-0.75340006731109,2,3,1
"Same margins","few_exchangeable",38,40884,0.0405510069800114,0.0666666666666667,-0.808672967132198,4.73708043379825,1,1.88676561677151,2.16591277507834,2.20952942745044,3,3,3
"Same margins","few_exchangeable",38,13224,0.064339241087931,0.56,-0.205899660880115,2.37450865024175,1,0.0704679803470069,0.143734270076288,-0.037300315053156,2,1,2
"Same margins","few_exchangeable",38,40797,0.070745957113167,0.973333333333333,-0.00144886496161645,3.30556148042582,1,-0.793948854677345,-0.349338417968444,-0.173186879299391,1,1,1
"Same margins","few_exchangeable",38,42599,0.0698851759413338,0.506666666666667,-0.00797758498220658,2.91455384432152,1,0.205242489099332,0.723022457791775,0.720855007801421,2,2,3
"Same margins","few_exchangeable",38,37195,0.0504198050338205,0.32,-0.635380758718379,2.47334089911365,1,0.663761673862124,-0.0461013115774135,-0.941077556241047,2,1,1
"Same margins","few_exchangeable",38,28878,0.0545368753490626,0.506666666666667,-0.481075754032523,1.47257189117165,1,0.444723345241118,0.651757126182173,0.427698757658123,2,2,1
"Same margins","few_exchangeable",38,34392,0.0770108302444027,0.253333333333333,0.0290866185584047,1.01897288504214,1,0.46125753605409,0.166790873894507,1.29983504701508,2,1,2
"Same margins","few_exchangeable",38,29826,0.046854837010962,0.0533333333333333,-0.934534649765147,0.678538943879555,1,0.192923774610322,-1.2900946173912,-1.75783553849623,2,1,2
"Same margins","few_exchangeable",38,27295,0.0725486590345761,0.88,0.00670448165242689,0.055010779760778,0,-1.19300306578691,-1.16223723607206,-1.41558386492256,1,1,1
"Same margins","few_exchangeable",38,38921,0.0922126234191378,0.96,0.323871645322784,2.91938465088606,0,-0.702982680910308,-0.550645416734154,-1.07535102022465,1,1,1
"Same margins","few_exchangeable",38,36762,0.0802498653820551,0.653333333333333,-0.111618619897822,6,0,-0.10693872113862,0.0655297046753435,0.502697534180595,1,2,1
"Same margins","few_exchangeable",38,9371,0.0761643948256111,0.0133333333333333,0.166306504270727,5.46672464147991,1,-0.0660969322472142,-0.629915050315089,-0.798430797140087,3,2,2
"Same margins","few_exchangeable",38,14090,0.0743522934777586,0.48,0.0563418736065142,0.526145886749511,0,-0.418820478008722,1.24157356423151,0.47847345310366,2,2,2
"Same margins","few_exchangeable",38,10960,0.0682961124531049,0.653333333333333,-0.0550324736831893,2.77819834707358,1,0.732519839027127,0.249511015079803,0.837094922803394,2,2,2
"Same margins","few_exchangeable",38,41176,0.0698457932933879,0.0133333333333333,0.0176228812450532,1.62338754654774,1,1.15748945771829,-0.986239379953016,-0.32399753793704,1,2,2
"Same margins","few_exchangeable",38,16601,0.0672669719286785,0.0933333333333333,-0.0498644955005241,2.63030757863465,1,-1.06791125000767,-0.510180936955808,0.033917333267631,1,1,3
"Same margins","few_exchangeable",38,10353,0.046071483770026,0.08,-0.685412932739512,1.48213337191543,1,-1.45843287487124,-0.798098419189736,-2.4926007667821,1,1,1
"Same margins","few_exchangeable",38,7735,0.0765668210514773,0.32,0.149513730717254,5.51923683822378,1,-2.2188730321461,-0.732778003186302,-1.02026135687249,1,1,1
"Same margins","few_exchangeable",38,19696,0.0666845108189519,0.0666666666666667,-0.0332076773878387,2.87007135632074,1,-0.957625244501259,-1.23230416070893,-0.528239600433326,1,1,3
"Same margins","few_exchangeable",38,24235,0.0807685514670495,0.986666666666667,0.171776560576099,5.59549424900558,1,-0.50211660305139,-0.693521213585088,-0.985663587973875,1,1,1
"Same margins","few_exchangeable",38,41167,0.0659656522915043,0.0666666666666667,-0.0375051433707405,2.4084558496671,1,0.672061530669023,2.09211756586106,1.92262540980179,3,3,3
"Same margins","few_exchangeable",38,48656,0.0666564944012874,0.213333333333333,-0.131087971422885,2.07157185356039,1,1.01156118158976,0.763438977690824,0.695948556787411,2,1,2
"Same margins","few_exchangeable",38,31121,0.072540750375218,0.546666666666667,0.0360937018279692,5.34178047124271,1,-0.0103065127806598,-0.580447587967443,0.0787228024838301,1,2,1
"Same margins","few_exchangeable",38,1776,0.0705073751798356,0.253333333333333,0.0861094748975066,1.99349664950503,1,-0.685488347289118,0.814881676401785,1.22193162187355,1,2,1
"Same margins","few_exchangeable",38,20716,0.0704269589797853,0.906666666666667,-0.000647900179166605,3.26197918982807,1,-0.742455469091528,-0.0346323535054518,-0.00848942706813372,1,1,1
"Same margins","few_exchangeable",38,48119,0.0607232002934028,0.0933333333333333,-0.205904275013576,2.20767419137707,1,0.574890464151708,1.09938151205596,0.473160117824187,3,2,1
"Same margins","few_exchangeable",38,41506,0.0611814590064395,0.546666666666667,-0.124446316828277,2.22704182378948,0,0.628559000621312,0.938147066235802,1.37473647673205,2,2,3
"Same margins","few_exchangeable",38,11501,0.0877713906730292,0.36,0.108562876940252,0.226220710464136,1,1.83515997085777,1.12492801234299,1.22572276013078,2,3,3
"Same margins","few_exchangeable",38,37621,0.0674696151189729,0.693333333333333,-0.0858550427721725,3.92212915684552,1,0.162581731975222,-0.612649883093012,-0.038046750803541,1,1,2
"Same margins","few_exchangeable",38,1922,0.0679459271707719,0.32,-0.0572277896701361,2.51688887922496,1,-1.00453460819076,-0.634532861389306,0.512012505765122,2,2,2
"Same margins","few_exchangeable",38,39437,0.0772958932235886,0.866666666666667,0.135741824389167,5.37814043784977,1,-1.36042519117452,-1.5451852134062,-1.08867909585546,1,1,1
"Same margins","few_exchangeable",38,39968,0.0746889600234305,0.213333333333333,0.167319406826097,1.69976280185195,1,1.21647053877051,1.13117812881977,1.14769938195261,1,2,3
"Same margins","few_exchangeable",38,27800,0.0636131977015982,0.0933333333333333,-0.0877372307525759,2.81524011265618,1,1.09675073822449,2.51177537092279,1.80071708223225,3,3,3
"Same margins","few_exchangeable",38,28233,0.0506501344081184,0.0666666666666667,-0.692992819094752,0.936241858116355,1,1.48722242471646,-0.426981970622707,-0.885434661861218,2,1,2
"Same margins","few_exchangeable",38,22380,0.0681957648539645,0.68,-0.0562803901743352,3.43857430702788,1,-0.323015986031077,-1.14005634674789,-0.157344386916478,1,1,2
"Same margins","few_exchangeable",38,6196,0.0873476512679731,0.213333333333333,0.228710242436585,1.11994571058883,1,-0.195826672745613,0.8845025344908,1.59706417631756,2,3,3
"Same margins","few_exchangeable",38,25649,0.0731575387327192,0,0.105696537171493,1.95126341529623,1,1.5981632169667,0.265417885322003,1.38520211542781,3,3,3
"Same margins","few_exchangeable",38,8437,0.0485007811497116,0.293333333333333,-0.692152761730972,1.60651137554145,1,0.921256394321934,0.173396751942513,-0.48886227838316,2,1,1
"Same margins","few_exchangeable",38,6255,0.0560007431997461,0.0933333333333333,-0.550452641867649,0.242928792799999,1,0.890746662957215,-0.545914487267853,0.511662875506564,2,2,1
"Same margins","few_exchangeable",38,46408,0.0661784549266175,0.546666666666667,-0.0577593378379346,2.44395168905983,1,0.381643940675986,0.0794072422434971,-0.702112987493593,1,2,2
"Same margins","few_exchangeable",38,6618,0.0621565262931245,1,-0.185509294310255,1.21575691813964,1,-0.415942834542813,-0.786723998214694,-0.695091339785693,1,1,1
"Same margins","few_exchangeable",38,46157,0.0697191362056747,0.92,-0.0296060963744647,3.37492306936107,1,-1.13565366242532,-1.25737743268057,-0.956557598355042,1,1,1
"Same margins","few_exchangeable",38,48332,0.0705471928561865,0.773333333333333,-0.0109019987925438,0.823941430768075,1,-0.307245812461887,-0.711261117745356,-0.713915447840331,1,1,2
"Same margins","few_exchangeable",38,23283,0.0544085391699019,0.0533333333333333,-0.494997055508317,0.244455363657773,1,-2.62061080529285,-1.21774325950449,-1.66532456006026,1,1,1
"Same margins","few_exchangeable",38,21402,0.0657849788779877,0.533333333333333,-0.485713221061054,6,0,0.240482153422541,0.671046294743958,0.272416355176107,1,1,2
"Same margins","few_exchangeable",38,27483,0.0474804585203339,0.08,-1.06144360610252,5.00270491098961,1,-0.184662604957735,1.7355209735204,1.95325825041054,1,2,2
"Same margins","few_exchangeable",38,6889,0.077732534431806,0.466666666666667,0.123648368043342,0.716316187754273,0,0.789929219560829,-0.417854205960234,-0.179824294836963,2,1,1
"Same margins","few_exchangeable",38,7986,0.0649561616020744,0.853333333333333,-0.294622984554334,6,0,-0.646111581155472,-0.559828331592087,-0.330866770209898,1,1,2
"Same margins","few_exchangeable",38,35660,0.069941501937334,0.0933333333333333,-0.0118819798091567,3.15704996298062,1,0.929388557575238,0.928935283118705,0.525893348784692,2,1,3
"Same margins","few_exchangeable",38,49055,0.0655651597780509,0.706666666666667,-0.154099534747822,2.3792686408853,1,-0.202419202458795,0.815185353217374,0.476169736833368,2,2,2
"Same margins","few_exchangeable",38,19238,0.0681215568740414,0.08,-0.00986406408860718,1.68818506899743,1,1.23595587260552,-0.484041431238659,-0.331665681556536,1,2,2
"Same margins","few_exchangeable",38,27410,0.044352962440885,0.173333333333333,-0.841852006755794,1.00319181345102,1,1.3349148842916,0.298648496007506,-0.33828563610691,2,2,1
"Same margins","few_exchangeable",38,48567,0.0601532829185088,0.52,-0.256552887978084,3.35781346965297,1,-0.640616336092184,-1.18367653047423,-2.2033403629185,1,1,1
"Same margins","few_exchangeable",38,18924,0.0634734520233626,0.213333333333333,-0.211085921237347,4.66206798627344,1,-1.14438916703643,0.734511332914556,0.296124499724205,1,1,2
"Same margins","few_exchangeable",38,23526,0.0706470394296044,0.08,-0.000231720295201132,4.53193022998315,1,-0.363803335563126,-0.422673559038072,-0.639480706444932,3,2,1
"Same margins","few_exchangeable",38,40824,0.0697895203775259,0.693333333333333,-0.0209905671525492,2.93194915385729,1,0.171317242003589,-0.264161428020776,0.23924428520045,1,1,2
"Same margins","few_exchangeable",38,37826,0.0596565923620785,0.32,-0.298885042949885,1.85911323581441,1,-1.68613521434062,-2.08584910615681,-1.78715686290428,1,1,1
"Same margins","few_exchangeable",38,36311,0.0527566662091642,0.32,-0.403211233556317,2.31482262052129,1,0.366578320871695,-0.0776477503790396,-1.52868291018376,1,2,1
"Same margins","few_exchangeable",38,43521,0.0629521638408401,0.666666666666667,-0.150319223143002,2.20564370362573,1,-1.05320446375924,-0.295867371220304,-0.688790954714492,1,2,1
"Same margins","few_exchangeable",38,48455,0.063166299057297,0.413333333333333,-0.144399391339165,0.7318162052395,1,-0.76726306931707,0.490798419888418,-0.734205671682804,1,2,2
"Same margins","few_exchangeable",38,18211,0.0781204635319003,0.466666666666667,0.150492713891831,1.36828275981617,1,-1.51923144331724,-0.113622430706822,0.0284376130104276,1,1,2
"Same margins","few_exchangeable",38,1673,0.0681841758775464,0.773333333333333,-0.0664168907903355,3.546287744494,1,0.0858176482936022,0.0881226702238812,0.18402042345282,1,1,2
"Same margins","few_exchangeable",38,30666,0.0666203670302771,1,-0.0858229010639775,1.77143739195021,1,-0.683549473545217,-0.701021268844149,-0.458857331654963,1,1,1
"Same margins","few_exchangeable",38,46593,0.0698047270102389,0.96,-0.0184698833906327,3.3081167031005,1,-0.949058583779302,-0.33782279738458,-0.529532925047408,1,1,1
"Same margins","few_exchangeable",38,1104,0.0796029031815954,0.28,0.185368842335571,1.62436938155765,1,-1.14372767578468,-0.481084694626879,1.15129197636693,1,1,2
"Same margins","few_exchangeable",38,31814,0.0453752958554642,0.0133333333333333,-0.547484903071161,3.73137673609649,1,0.119682407878392,1.92763712155949,2.04263703027225,3,3,3
"Same margins","few_exchangeable",38,29607,0.0765883952353014,0.88,0.0728468130458831,0.941954611241868,0,-0.830136135299489,0.211854091819125,-0.535522163233197,1,1,1
"Same margins","few_exchangeable",38,22233,0.0722061632530782,0.893333333333333,0.03405407861259,4.54640948276395,1,-1.09306825567741,-1.56990485550484,-0.539080952786916,1,1,1
"Same margins","few_exchangeable",38,9696,0.0842874545541211,0.08,0.226959778199371,1.31367154777335,1,0.674006554778763,1.11517323192881,1.24262805204766,3,3,3
"Same margins","few_exchangeable",38,41625,0.0947374699254873,0.466666666666667,0.241058241643603,4.72032420802861,0,-0.613984663733853,1.22455071580677,0.141727464681603,1,2,1
"Same margins","few_exchangeable",38,8072,0.120733438503381,0.506666666666667,0.668151571124481,6,0,-0.127757172417572,-0.913381401755033,-0.941623237117204,1,2,1
"Same margins","few_exchangeable",38,24850,0.047655310677101,0.773333333333333,-0.606498308197877,0.49777863935952,1,-0.940979006066673,-0.84826798091193,-1.7498932832612,1,1,1
"Same margins","few_exchangeable",38,44712,0.0729773736099002,0.0933333333333333,-0.0870790206532641,0.806307916161269,1,1.45605919757662,0.550438950850909,0.55740799165647,2,1,3
"Same margins","few_exchangeable",38,4390,0.0617014356436895,0.386666666666667,-0.15298099767765,1.07971765727299,1,0.840726196321597,0.654916645246366,-0.587012599141325,1,2,2
"Same margins","few_exchangeable",38,29461,0.108996631519171,0.413333333333333,0.48031081218899,6,0,-0.320850868274658,-0.0296781993638347,-1.08344064082227,1,2,2
"Same margins","few_exchangeable",38,14640,0.0668727531821244,0.213333333333333,-0.0365541435108896,4.313242513012,1,0.000100450764474811,0.772477109379332,-1.35716681013112,1,1,1
"Same margins","few_exchangeable",38,5861,0.0630478177032298,0.0533333333333333,-0.183822383166316,2.92432111195076,1,-0.156343447312128,0.405192245295437,-0.243054728146981,3,1,1
"Same margins","few_exchangeable",38,14225,0.0401911330514902,0.0933333333333333,-1.03966891196484,0.878797376958826,1,1.26606758554359,-0.163021044439145,-0.910847827017418,2,2,1
"Same margins","few_exchangeable",38,11639,0.0668661474542416,1,-0.0841576230871153,1.132726479378,1,-0.705841580275034,-0.844108389264902,-0.381433492834955,1,1,1
"Same margins","few_exchangeable",38,34814,0.0757036068199418,0.853333333333333,0.0937543546916428,0.533694728361623,1,-0.0595032937929576,-0.848839061345901,0.271023980998673,1,1,1
"Same margins","few_exchangeable",38,28270,0.0702136862598628,0.653333333333333,0.0133658565200903,4.08299128996108,1,0.865020479651297,-0.299119577108827,-0.773866513136163,1,1,1
"Same margins","few_exchangeable",38,17123,0.0749015570168719,0.693333333333333,0.121247070092579,5.10706331906499,1,-0.506828019910927,0.656338312267135,-0.496350543699153,1,2,1
"Same margins","few_exchangeable",38,43221,0.0653929145035307,0.0133333333333333,-0.153782427042759,4.31853003241573,1,1.25261990561943,-0.846600862772961,-1.3458415440335,2,1,2
"Same margins","few_exchangeable",38,18986,0.0687376490051027,0.693333333333333,-0.0517614363199641,3.16422274698485,1,-0.976391317961508,-0.116460074871564,0.163286557683586,1,1,2
"Same margins","few_exchangeable",38,27234,0.0623688017692014,0.48,-0.267706309760526,3.79582207914637,1,-0.0343413444175024,0.136589806157741,-0.640434029930732,2,1,1
"Same margins","few_exchangeable",38,3479,0.0875505708282015,0.0666666666666667,0.31581943508311,1.291270462825,1,-1.14611583042868,-0.0515239023730588,0.922890392280516,1,1,3
"Same margins","few_exchangeable",38,28998,0.0666195169353834,0.2,-0.13294385956267,2.18016663215751,1,0.342239419057257,1.9331680825284,0.193960707156459,2,3,3
"Same margins","few_exchangeable",38,4724,0.0778539112808294,0.466666666666667,0.167774116093247,5.47779903371863,1,-0.426869509192778,0.728310849121667,-1.0020682995404,1,1,1
"Same margins","few_exchangeable",38,26853,0.0662813438594437,0.68,-0.0582315441803107,3.16727565330163,1,-0.971257051637935,0.23471227795604,-0.527803939203643,1,2,1
"Same margins","few_exchangeable",38,21285,0.0685633786489978,0.453333333333333,-0.0568657643421187,3.24640416144816,1,0.265564146735057,0.604030421652018,0.404098357016854,2,1,2
"Same margins","few_exchangeable",38,11306,0.0755824749295404,0.546666666666667,-0.00186371541665853,1.00706508475012,1,1.19101782248974,0.916070854951558,1.03316709467314,2,2,3
"Same margins","few_exchangeable",38,3135,0.0708501389066504,0.96,0.000907553298298502,2.75841718641299,1,-0.5715801410378,-0.839543060340487,-0.0470431300656893,1,1,1
"Same margins","few_exchangeable",38,6415,0.0692925810080006,0.866666666666667,-0.0451363746436964,3.55872959070421,1,-0.244007412556043,-0.413798997537907,-0.112927575712329,1,1,2
"Same margins","few_exchangeable",38,35808,0.0686853680127512,0.786666666666667,-0.0478131333261045,3.72500309705949,1,0.406461190259466,0.520686602620228,0.212201614397979,2,2,2
"Same margins","few_exchangeable",38,38460,0.0848845441459778,0,0.210500405274932,0.592421381990756,1,2.04063515202633,1.91043043080988,1.67821957491283,3,3,2
"Same margins","few_exchangeable",38,16485,0.0343390752551747,0.0666666666666667,-0.979234931885347,2.74787625809369,0,1.03097865264402,1.29086660658681,2.03038731903815,3,3,3
"Same margins","few_exchangeable",38,3367,0.0680038796941103,0.52,0.0153009652589229,3.8658609070637,1,0.806317524334307,0.398639611270226,-0.0323875221879036,1,2,1
"Same margins","few_exchangeable",38,21289,0.0650253558152622,0.826666666666667,-0.109632220845061,1.43553444066657,1,-1.38418392755627,-0.0871835468471654,-0.427140901164407,1,1,1
"Same margins","few_exchangeable",38,34936,0.0748844075408018,0.693333333333333,0.0904389596897737,4.80837307143523,1,-1.41623461419737,-0.243283189894008,-1.06552969284385,1,1,1
"Same margins","few_exchangeable",38,44449,0.0735390952052079,0.786666666666667,0.0619533447185148,1.69108282012994,1,-0.704692426853282,-0.213675855924419,-0.269325752548,1,1,2
"Same margins","few_exchangeable",38,21756,0.0670516055320347,0,0.0303145011731489,2.49436059484033,1,1.82837880606552,2.91441823892278,1.56996456021459,3,2,3
"Same margins","few_exchangeable",38,27504,0.0673678972994022,0.0133333333333333,-0.377779649524023,0.394861823196135,1,-0.855897892222018,0.291477336066523,-0.0122249634485176,2,3,2
"Same margins","few_exchangeable",38,46972,0.107001597361481,0,0.659021005618791,0.492926700047781,1,-0.185152772038012,1.798791339153,2.02236176334844,1,1,2
"Same margins","few_exchangeable",38,13084,0.0684826170303843,0.266666666666667,-0.192692413081492,1.32444778917561,1,-0.971717178761824,-1.4613558646228,-0.0802416509059635,2,1,2
"Same margins","few_exchangeable",38,37883,0.10462931489218,0.693333333333333,0.351061141574674,6,0,0.316176669904481,0.525665545272913,0.019937763672529,1,2,1
"Same margins","few_exchangeable",38,31994,0.0901925732896933,0.56,0.253079497774951,6,0,-0.281342194374281,-1.10161836327077,-1.11959425918622,1,1,2
"Same margins","few_exchangeable",38,2181,0.0688405166142347,0,-0.0821609379429509,1.71163440907668,1,1.69091233016541,0.430518873788708,0.258620121809059,3,3,2
"Same margins","few_exchangeable",38,43829,0.0718185008493431,0.88,0.015742525150177,3.97717802426694,1,-0.844392968926931,-1.66648682694077,-1.09489913580255,1,1,1
"Same margins","few_exchangeable",38,6712,0.0677952764176995,0,-0.0645910834066001,2.46575929813418,1,1.30659967836332,0.67468517168299,0.156363621777429,3,3,2
"Same margins","few_exchangeable",38,14645,0.060065866512062,0.36,-0.264357795885251,4.32077783819499,1,-1.50609436948665,-0.171558726926112,0.957153408777885,1,1,1
"Same margins","few_exchangeable",38,30924,0.0670924619197509,0.6,0.0319732604563203,4.27234652668689,1,-0.101247680089679,-0.436113967767009,0.663581231022737,2,1,2
"Same margins","few_exchangeable",38,16347,0.0683579543546368,0.0533333333333333,-0.0436294586905897,4.84812234190488,1,-0.904696045117684,-0.664467910518914,-2.27142464290997,1,2,1
"Same margins","few_exchangeable",38,25917,0.0761356033538645,0.786666666666667,0.138766633367678,0.882146079444187,1,-0.402411621958178,0.453680844026183,0.217025905485689,1,2,2
"Same margins","few_exchangeable",38,39017,0.0657070238840921,0.0933333333333333,-0.18124104579486,1.2215098858173,1,0.647535345745799,0.66477978378624,1.51920212659192,2,2,1
"Same margins","few_exchangeable",38,37459,0.0772153948498538,0.0133333333333333,0.0640365852644678,0.33929959964163,1,0.653739519763512,-1.9592799565382,-0.683815787035252,1,1,2
"Same margins","few_exchangeable",38,1972,0.0737664078284701,0.0933333333333333,0.0807084847461981,2.01948904334663,1,0.313407824493466,-1.32971984442904,0.190981516669846,1,1,3
"Same margins","few_exchangeable",38,18363,0.0651000873757471,0.973333333333333,-0.12210048707594,2.35099983989223,1,-0.909579559504592,-0.673172631259502,-0.8408521818343,1,1,1
"Same margins","few_exchangeable",38,30395,0.0597187549561097,0.413333333333333,-0.297640410011798,4.34984339845778,1,0.596429874643617,-0.227115034604989,0.587259808878569,1,1,2
"Same margins","few_exchangeable",38,41941,0.0702386965305741,0,0.0843234961683919,1.60906662873342,1,-1.61828757184954,1.78224094753889,0.198555959632914,1,1,2
"Same margins","few_exchangeable",38,7132,0.0735085323491407,0.08,0.0718311510621918,1.96388976878068,1,-0.129577227181177,-0.696998884738407,-0.532979019211952,1,2,3
"Same margins","few_exchangeable",38,22061,0.06506410276877,0.0533333333333333,0.0285262142506482,2.49335322602758,1,1.62449449351976,1.53510820425653,1.0182160024486,1,2,2
"Same margins","few_exchangeable",38,47113,0.0681176796613695,0.493333333333333,-0.0626865459012147,2.60954150911018,1,-0.325235099519144,-2.1852271620936,-0.894537497126412,1,1,1
"Same margins","few_exchangeable",38,39934,0.0671127556092837,0.88,-0.0921471647785119,4.99076036406349,1,-0.357799893901665,-0.910677880854135,0.282807005738981,1,1,1
"Same margins","few_exchangeable",38,21267,0.0686421392142948,0.56,-0.0227704198361462,3.51655924219778,1,1.11565724210578,0.603736141434343,0.753057545562016,2,2,2
"Same margins","few_exchangeable",38,3225,0.0652565808171547,0,-0.152774851663405,2.61971591293394,1,1.92316089135161,0.068702707852911,-0.36023040556598,2,3,3
"Same margins","few_exchangeable",38,21872,0.0544423615629492,0.0933333333333333,-0.399798663466826,2.74179185618887,0,-2.26716437992784,-1.6887020418004,0.457022727864768,1,1,1
"Same margins","few_exchangeable",38,26993,0.0654450808638505,0.08,-0.103809800159389,4.05546515637582,1,-1.59529112977368,0.911617644910499,0.81542349112709,1,1,1
"Same margins","few_exchangeable",38,23948,0.0799872195871064,0.36,0.177756444062281,1.92962589208037,0,-1.94402144933056,-2.0790748302117,-1.37061867561351,1,1,1
"Same margins","few_exchangeable",38,21386,0.0607900631664396,0.0933333333333333,-0.260326018992924,3.32299684782893,1,-1.07812262351696,-2.28588166242106,-2.50678139575082,1,1,1
"Same margins","few_exchangeable",38,23806,0.137567880073349,0.88,0.885677806390639,6,0,-0.323763308139278,-0.907172617782408,-1.60322382494415,1,1,1
"Same margins","few_exchangeable",38,24839,0.0697303493596414,0.826666666666667,0.00509535929833227,3.593331170867,1,0.165119789543345,0.369284154565669,0.154370273603715,1,1,1
"Same margins","few_exchangeable",38,7287,0.0642252409053911,0.0933333333333333,-0.210447159087728,1.63485777743644,1,0.601961587177531,0.56693721962444,1.10939349065048,2,1,1
"Same margins","few_exchangeable",38,1624,0.0696290430562803,0.853333333333333,-0.0339082804653703,3.64817746242586,1,-0.510760744753218,-0.727095098974595,-0.339196842642651,1,1,2
"Same margins","few_exchangeable",38,1865,0.0671282564146316,0.0933333333333333,-0.0322521741993627,3.45044679036071,1,0.309700716873731,-0.648056684664159,-0.411807128449826,2,1,3
"Same margins","few_exchangeable",38,16337,0.0569623294970214,0.0666666666666667,-0.382667356690191,1.12775218681072,1,0.949053102540305,1.72111982344147,1.19447363375222,2,2,1
"Same margins","few_exchangeable",38,40568,0.0617644020911592,0.386666666666667,-0.141717103993728,1.3298263847707,1,-0.649141669003815,1.01760328463994,-0.172512053833567,1,1,1
"Same margins","few_exchangeable",38,27386,0.0743429242737839,0.613333333333333,0.0773728910850496,0.891059846617281,0,0.0105473290819386,0.185789538712585,0.355862805025881,2,1,2
"Same margins","few_exchangeable",38,11023,0.0683870487842977,0.0133333333333333,-0.0261706217665163,2.56779574810111,1,0.878632727686823,0.920554351287312,0.20508433733348,1,3,1
"Same margins","few_exchangeable",38,9338,0.102839530286541,0.986666666666667,0.436261869874373,6,0,-0.917778556243417,-0.700108146297778,-0.714352095737537,1,1,1
"Same margins","few_exchangeable",38,49301,0.0652891257103505,0.0666666666666667,-0.074681615864781,3.34304589637102,1,1.24581226647833,0.504509680684626,0.892376016641373,3,1,3
"Same margins","few_exchangeable",38,29370,0.0888630430981561,0.64,0.467919219046699,6,0,0.131175103918843,-0.457045780219966,0.31217966181663,2,1,2
"Same margins","few_exchangeable",38,9331,0.0727321569273976,0.0933333333333333,0.0980517054146075,5.00140529080486,1,-1.75159534670833,0.755657786169199,-0.343564707046486,1,2,1
"Same margins","few_exchangeable",38,7023,0.0476897928244163,0.0933333333333333,-0.614578509253387,1.49058294482529,0,-0.87065815215839,-0.480329051162395,0.76291183760994,1,1,3
"Same margins","few_exchangeable",38,45695,0.074810527041146,0.96,0.0614174633890814,5.23613014188098,1,-0.203337937484151,-0.916353198502637,-0.313012006089693,1,1,1
"Same margins","few_exchangeable",38,7415,0.137298590268417,0,0.977243026412361,4.29853254463524,0,1.62155719541199,1.04916658002227,-1.02452424187735,2,3,1
"Same margins","few_exchangeable",38,3660,0.0713627715718499,0.653333333333333,-0.00263060977954765,5.40209332372505,1,-1.068006051811,-0.032656919374411,0.231468860683879,1,2,1
"Same margins","few_exchangeable",38,44036,0.0656061431278758,0,-0.345417715601749,0.158145940970392,1,0.31437078162074,-2.07008376458111,-0.909503742697584,3,1,2
"Same margins","few_exchangeable",38,8105,0.0681409492930491,0.213333333333333,-0.0690365782719651,3.95685942584979,1,-0.0929981366267375,0.635985424583467,-0.353752813837895,2,1,2
"Same margins","few_exchangeable",38,25756,0.0635227514575563,0.84,-0.359590903109307,6,0,-0.680177025642987,-0.307028125959576,-0.203869528236373,1,1,2
"Same margins","few_exchangeable",38,30913,0.0707433661499741,0.0133333333333333,0.014336236649434,0.89064172092369,0,0.191690356612217,-1.38588682933575,-0.0255218840228997,3,1,2
"Same margins","few_exchangeable",38,41382,0.0642041335519716,0.92,-0.134025000423998,2.2427135138107,1,-0.98754755521544,-0.355930217730946,-0.788223883294776,1,1,1
"Same margins","few_exchangeable",38,32491,0.0714340136235992,0.0533333333333333,0.0667588060301003,2.09653429438805,1,0.618199984531735,2.40676128745964,1.83687683254496,3,3,3
"Same margins","few_exchangeable",38,27794,0.0806272746951801,0.32,0.195011790208163,5.68427915384754,1,0.263122405991186,-1.950484091747,-1.57458184748858,1,1,1
"Same margins","few_exchangeable",38,23392,0.0660246543225208,0.0666666666666667,-0.0720316011609232,3.85966685159384,1,0.677608496779553,0.356906288847529,-0.320560165486712,2,3,2
"Same margins","few_exchangeable",38,43009,0.075730162592446,0.266666666666667,0.145787315096983,1.2699922565419,1,-0.565109923469977,1.01019234023016,0.333905897953568,1,1,2
"Same margins","few_exchangeable",38,3320,0.0601285355274081,0.24,-0.192560887418934,4.61848570692557,1,-1.91083506858333,-1.23092378225512,-0.297194493502808,1,1,2
"Same margins","few_exchangeable",38,41431,0.049421177336045,0.0133333333333333,-0.467764127307704,4.09499688882952,1,2.68412837070489,2.30312619518814,2.11814272833301,3,3,3
"Same margins","few_exchangeable",38,22667,0.0641038858020851,0.626666666666667,-0.115630387107815,1.1696105050818,1,-0.205629544532986,0.208187816273272,-0.711129428311342,1,2,2
"Same margins","few_exchangeable",38,28361,0.0681464320459365,0.56,0.022749468434474,4.05212932163278,1,0.048336249545683,-0.935401689173971,0.0916903769690043,2,1,2
"Same margins","few_exchangeable",38,26792,0.0541252090492493,0.213333333333333,-0.496183693450829,3.71613742707696,1,0.0243944605290926,0.425809723491061,1.36438821348326,1,1,2
"Same margins","few_exchangeable",38,14037,0.103339535386302,0.386666666666667,0.399098566763201,0.371079857371483,1,0.358526826358677,2.20216077124218,2.14184681460114,2,3,3
"Same margins","few_exchangeable",38,39890,0.0728668700890516,0.56,0.0249204846139182,0.59230832659761,1,-1.97133062383053,-0.517453648060053,-0.0833863782195986,1,1,1
"Same margins","few_exchangeable",38,19798,0.0715322649965651,0.213333333333333,0.0624339723415106,2.19337419886279,1,1.17815782941102,0.558863719655172,1.45477008079006,2,3,3
"Same margins","few_exchangeable",38,15236,0.0717818252181841,0.213333333333333,-0.00126516268552601,2.0116204361692,1,0.430721540120325,0.694725527272334,1.309659502279,2,1,2
"Same margins","few_exchangeable",38,25088,0.0670843157954156,0.68,-0.0598898895797277,0.684135072179341,1,-0.156567053857584,0.0849526833055268,-0.653117363052606,1,1,2
"Same margins","few_exchangeable",38,15217,0.0705753251246464,0.08,0.0150656625744918,2.33693536081556,1,-0.372148760360074,-0.588401898793751,0.519054698604241,3,2,2
"Same margins","few_exchangeable",38,39255,0.0678229000411634,0.68,-0.0867942686586245,4.20617517926214,1,-0.488369326057241,0.383038715483121,0.0313266895441097,1,1,2
"Same margins","few_exchangeable",38,48424,0.0617722291469957,0.92,-0.193443871024496,2.09674844852278,1,0.007810044361467,-0.821892861462485,-0.980521749010457,1,1,1
"Same margins","few_exchangeable",38,24542,0.0505293337501506,0.466666666666667,-0.440776260442069,0.623097315737145,1,0.298032752122361,1.14003583778276,-0.58085957189932,1,2,1
"Same margins","few_exchangeable",38,45330,0.0792234578614684,0.786666666666667,0.152323621382768,5.76747101234369,1,-1.12252956997999,0.163288709902867,-0.538581000781991,1,1,1
"Same margins","few_exchangeable",38,6364,0.0786097740155363,0.186666666666667,0.125989807421895,0.68513466976583,0,-0.879297641039115,-1.89556125054489,-2.51300668260717,1,1,1
"Same margins","few_exchangeable",38,7657,0.0742540227635407,0.906666666666667,0.062176316779031,4.58571222603004,1,-0.446337485094452,-1.42599445951179,-0.744175704811161,1,1,1
"Same margins","few_exchangeable",38,22453,0.0724773197770886,0.253333333333333,0.057175057887763,4.45863003962081,1,-0.560029050800756,-0.235776815654514,-1.48385708857334,1,1,2
"Same margins","few_exchangeable",38,3082,0.0570960078106341,0.44,-0.407096805977767,2.69231140785276,1,0.679675510792148,0.156702933044167,-0.269552365537572,2,1,1
"Same margins","few_exchangeable",38,22231,0.070714861435625,0.266666666666667,0.0165433108050288,4.770424269488,1,0.438054560148549,-0.880713918869122,-0.955360050818905,2,1,2
"Same margins","few_exchangeable",38,49202,0.0676591416598136,0.653333333333333,0.00486431256972208,2.36897036953135,1,0.25947334951608,1.02841527462957,0.000784009340854338,1,2,2
"Same margins","few_exchangeable",38,20761,0.0726658703841122,0.68,0.033076412068461,4.70941464886323,1,0.0211101650186162,-0.719414343039163,-0.0803918703133754,2,1,1
"Same margins","few_exchangeable",38,27738,0.0687363009505293,0.386666666666667,0.0049366898991412,2.91775515715763,1,-0.164956207701155,0.415079828222988,1.0095566161595,2,2,3
"Same margins","few_exchangeable",38,12933,0.0702310899062023,0.0266666666666667,-0.0968661379368021,1.48610790374045,1,1.71248205990235,1.13883785018274,1.10584232042097,2,3,2
"Same margins","few_exchangeable",38,18023,0.0676437252843528,0.96,-0.0488752952106242,1.61543317330934,1,-0.669865612552767,-0.187712633059069,-0.145107564435519,1,1,1
"Same margins","few_exchangeable",38,22881,0.0743344924875245,0.08,0.105756815023057,1.48416898464867,1,0.645200913592657,1.64252911051521,1.55024322862773,3,2,2
"Same margins","few_exchangeable",38,45960,0.0925915044249354,0.0666666666666667,0.383084936025847,0.183124413212045,1,0.134527545913123,1.35057453194909,1.68554128814508,1,2,1
"Same margins","few_exchangeable",38,20503,0.0406500799671645,0,-0.872873515883955,3.51345551968963,1,2.03405797972948,2.14061856957726,2.91998282325968,3,3,3
"Same margins","few_exchangeable",38,16089,0.0581914437449939,0.0666666666666667,-0.312406573383749,2.67229988176577,1,-1.68778115590045,-0.172593762990596,1.45200997319455,1,1,2
"Same margins","few_exchangeable",38,9382,0.063858367696627,0.266666666666667,-0.168790943057869,4.30475708326074,1,0.875762593343263,0.540853023021396,0.488922180035576,1,1,2
"Same margins","few_exchangeable",38,25578,0.0646950774596022,0.0933333333333333,-0.066998981682731,2.73988190621359,1,-1.28267931333026,1.09131765884785,-0.326567228228571,1,1,1
"Same margins","few_exchangeable",38,49332,0.061380410352014,0.0666666666666667,-0.396616659216819,1.35215677885408,1,-0.153267777101271,0.351144693223551,-0.300516884992573,2,3,2
"Same margins","few_exchangeable",38,41483,0.0661767192413184,0.68,-0.0578722942015537,0.54549334824802,1,-0.630302220374309,0.681119175316962,0.123663049806318,1,1,1
"Same margins","few_exchangeable",38,44734,0.0699958062488324,0.0133333333333333,-0.0168777386375059,3.33852605195677,1,-0.291564953919866,-0.0556549973323113,-0.456134826104746,1,3,1
"Same margins","few_exchangeable",38,25238,0.0514700495875319,0.16,-0.666960253450414,0.748830511593141,1,0.66805818480155,-0.813862041907748,-0.084188602276166,2,2,1
"Same margins","few_exchangeable",38,3053,0.0713746687390579,0.12,0.0776968440813255,2.10170975329271,1,-0.771664283081442,0.918045584767515,1.1866589280779,1,1,1
"Same margins","few_exchangeable",38,32120,0.0640833954927461,0.0933333333333333,-0.167200486291788,2.48804603109686,1,0.722316385665269,-0.904927307092886,-0.10432453159819,3,1,1
"Same margins","few_exchangeable",38,35207,0.0653046964805841,0.266666666666667,-0.101351072881783,3.25109078018033,1,-0.163698498297154,0.196715599768017,0.119611554022171,1,2,3
"Same margins","few_exchangeable",38,34915,0.0599058296780298,0.693333333333333,-0.323557608149962,5.10086851793429,1,-0.2460016969014,-0.0741151777710649,0.496319804623808,1,2,2
"Same margins","few_exchangeable",38,49724,0.0567375566835363,0.12,-0.483418620727675,3.24913205204595,1,-0.498377853688587,-1.91562592872679,-1.57050167778456,2,1,1
"Same margins","few_exchangeable",38,24873,0.0662612160614993,0.653333333333333,0.030587356542426,5.17796524851548,1,0.236137385443912,0.328453254228165,1.23076648138722,2,2,2
"Same margins","few_exchangeable",38,46839,0.0797106591244,0.373333333333333,0.229582310820235,1.338818967581,1,0.564153160082207,1.05649649248884,0.612899579967231,1,2,3
"Same margins","few_exchangeable",38,18258,0.071037226342542,0.773333333333333,0.00277577253806371,0.699137763310272,1,-0.0495332061722376,-0.663123361724245,-0.627503168954306,1,1,2
"Same margins","few_exchangeable",38,15580,0.0689852196049126,0.213333333333333,-0.0112779433429839,2.52704576947529,1,0.416834897748365,-0.844909344040492,-0.582714015379036,1,2,2
"Same margins","few_exchangeable",38,35326,0.0768863908260587,0.0933333333333333,0.0976592003738597,1.48211187980879,1,1.56244826712846,1.93986280584202,0.88570712093755,3,3,3
"Same margins","few_exchangeable",38,5998,0.0630799077982074,0.653333333333333,-0.192356499057445,2.19843076558351,0,-1.05929638337661,-1.490012141293,0.322221600095678,1,1,1
"Same margins","few_exchangeable",38,22631,0.0754066029721322,0.0533333333333333,0.0681964620153339,1.51772104429344,1,2.35546860321764,1.6536791824593,0.768438979767322,3,3,3
"Same margins","few_exchangeable",38,16392,0.0554676853978555,0.52,-0.386215221712106,2.45265806170202,1,-0.959329250303078,-1.28382457802408,-2.1533260087589,1,1,1
"Same margins","few_exchangeable",38,39936,0.08151351643228,0.56,0.207584200010682,1.3898471582783,1,-1.35434446196058,-0.337283390980588,0.379740366167414,1,1,2
"Same margins","few_exchangeable",38,41745,0.0692449216025129,0.08,-0.0117571790666506,2.50159023812139,1,-0.913777182455942,0.148310202823854,0.485485360770318,2,2,3
"Same margins","few_exchangeable",38,19301,0.0687818368014705,0,-0.0550952631581324,0.0914590864602283,0,3.50494386649658,2.53076039405877,3.38041294771085,3,3,3
"Same margins","few_exchangeable",38,45333,0.0696376936898124,0.346666666666667,0.0191883324364102,2.56425155377626,1,-0.347920101706078,0.957592348457445,0.00961775886930227,1,1,2
"Same margins","few_exchangeable",38,46794,0.0846457885650094,0.173333333333333,0.276080352348194,1.30384452769295,1,0.860176270133573,1.26393449233372,1.90616661507971,3,2,3
"Same margins","few_exchangeable",38,14285,0.070468027701357,0.266666666666667,0.0110025332128365,2.77278247564264,1,-0.462710515970756,-1.90527204610936,-0.616795201406172,1,1,2
"Same margins","few_exchangeable",38,22828,0.0681498691490802,0.653333333333333,0.00368575134979654,2.87626957324387,1,1.46219361824806,1.60963099152561,1.46576446715223,2,3,3
"Same margins","few_exchangeable",38,29959,0.0381666096428939,0.213333333333333,-1.52551101858414,5.68197174945023,1,0.745245863936306,0.815273891100867,1.44292440481642,1,2,3
"Same margins","few_exchangeable",38,1462,0.0559101939494016,0.88,-0.327577282545574,1.92415405348311,1,-0.332793633650856,-0.208136719569993,-1.31300997190914,1,1,1
"Same margins","few_exchangeable",38,41705,0.0882197660793985,0.0266666666666667,0.298448338577439,1.12111178594647,1,1.13816025196089,0.491070007520681,1.42439068244142,3,1,3
"Same margins","few_exchangeable",38,20020,0.138825311170973,0.52,0.88175857175731,6,0,-0.734458284107319,-0.135229581359692,-1.30692516647375,1,2,1
"Same margins","few_exchangeable",38,4564,0.0868788550478339,0.866666666666667,0.174141146334077,6,0,-1.58994469224574,-0.516656536340665,-0.346620973625735,1,1,1
"Same margins","few_exchangeable",38,42782,0.0964347830836872,0.0666666666666667,0.423970436312101,2.03729046043009,0,1.1136575727084,1.66843582201487,-0.212451383995386,2,2,1
"Same margins","few_exchangeable",38,49736,0.079983295253612,0.88,0.170305126133729,5.51255448757222,1,-0.769353721712739,-1.50769439101098,-1.37243327777283,1,1,1
"Same margins","few_exchangeable",38,15688,0.0654210158863268,0.213333333333333,0.0040393187540686,2.89014283820478,1,0.658898581313156,1.8890187942556,0.618791407263869,1,2,2
"Same margins","few_exchangeable",38,24388,0.0475438574957049,0.52,-0.783068049716208,0.120611828122494,1,0.618145239167074,-0.136483963868358,-0.107706677500208,2,1,1
"Same margins","few_exchangeable",38,48662,0.0685034812466841,0.0133333333333333,-0.0172541585406258,2.72389135894581,1,1.4870919588874,-0.537011045731717,0.246378050573465,3,1,2
"Same margins","few_exchangeable",38,8596,0.0619812738853231,0.373333333333333,-0.234866031627377,4.64191730554539,1,-0.360178461960687,1.58184641965965,0.81019503452575,1,2,2
"Same margins","few_exchangeable",38,10980,0.0733605920054984,0.626666666666667,0.0715962557917527,4.83297336228295,1,-1.99209093396285,-0.9003080207233,-0.732874778769302,1,1,1
"Same margins","few_exchangeable",38,42446,0.0677103398495587,0.52,-0.0340425144415368,3.21709830160311,1,-0.469443930925662,-0.630070719623793,0.402096360200349,2,2,2
"Same margins","few_exchangeable",38,27040,0.123853869229961,0.906666666666667,0.732207213956591,6,0,-1.04528272346325,-0.861858554702268,-1.3286188500716,1,1,1
"Same margins","few_exchangeable",38,33481,0.0668545972995523,0.213333333333333,0.0117077682175304,3.84278901244234,1,-0.937618149528122,-1.18630394142735,0.737964472371782,2,1,1
"Same margins","few_exchangeable",38,13467,0.0666790189284525,0.32,-0.14236020509873,2.29673031946813,1,-0.13046766287253,0.0850222293309614,0.931556169789936,2,1,1
"Same margins","few_exchangeable",38,11884,0.0517137070225222,0.106666666666667,-0.586441778977271,1.9162958022207,0,0.898903256452287,0.717211893240395,0.879227244821225,1,1,3
"Same margins","few_exchangeable",38,2859,0.044736892626289,0.253333333333333,-0.9025253979936,5.54624917411519,1,-0.762647721669154,-0.526294408932144,1.00381699862195,1,2,2
"Same margins","few_exchangeable",38,36851,0.0914992917859002,0.693333333333333,0.306737556160731,2.670975027468,0,-0.682503974274398,0.184952433393668,-0.792327325763075,1,2,1
"Same margins","few_exchangeable",38,567,0.0581976427252889,0.2,-0.395793399092754,2.41644891763468,1,-0.303464556482093,-0.879657384256626,-0.940388730389639,2,2,2
"Same margins","few_exchangeable",38,28684,0.0651842637860066,0.28,-0.056800005205772,1.76145192947464,1,1.1539323765427,0.499341644165552,-0.341498037472742,1,2,2
"Same margins","few_exchangeable",38,20409,0.0523420250235677,0.0933333333333333,-0.75586585359517,0.860823324288859,1,-0.372348115361986,-2.24831161412201,-0.996861698829169,2,1,1
"Same margins","few_exchangeable",38,44057,0.0700821796614363,0.626666666666667,0.024393265632852,4.21460980108503,1,0.379621662877566,-0.37769584144267,0.150417751668782,2,2,2
"Same margins","few_exchangeable",38,9587,0.0629747968503723,0.213333333333333,-0.290586600479788,1.77207811132365,1,0.460401791997025,-1.21979725614029,0.323145062201713,2,1,1
"Same margins","few_exchangeable",38,28012,0.0553404801454385,0.466666666666667,-0.454966635496744,2.37529226645591,1,0.762178957366601,0.198443944505002,-0.0591273886652763,2,2,1
"Same margins","few_exchangeable",38,35853,0.0860698933831446,0.373333333333333,0.256053678041492,1.34448199903823,1,0.843507493804895,1.62326680009512,2.36686451584533,2,3,3
"Same margins","few_exchangeable",38,13070,0.0643078974718813,0.96,-0.149386255000498,2.3922076931426,1,-0.920910564394114,-1.07621670583295,-1.09153122125933,1,1,1
"Same margins","few_exchangeable",38,48404,0.0624837953067024,0.0933333333333333,-0.233018804533712,3.06571235548979,1,-1.13396252634073,-0.449408089611934,-0.875241543958899,2,1,2
"Same margins","few_exchangeable",38,3499,0.0756590936196702,0,0.0783478085905233,0.366074575643393,0,1.25263701541516,0.083981880514427,-0.937603163659076,2,3,1
"Same margins","few_exchangeable",38,3946,0.041155896788207,0.0933333333333333,-0.771751963692962,0.881186466322329,1,0.456037186114517,0.702424496325325,-1.67152235406505,1,2,1
"Same margins","few_exchangeable",38,18988,0.0628768848428702,0.626666666666667,-0.271356089593467,1.81426997527641,1,0.271594615439427,-0.414458919695783,0.0167521466664731,2,2,2
"Same margins","few_exchangeable",38,40651,0.0674425578589985,0.0133333333333333,0.0194897849853846,2.3369266887906,1,0.400829071689674,2.4557906169789,0.955403579888141,1,3,1
"Same margins","few_exchangeable",38,18683,0.0575540731606743,0.0933333333333333,-0.334921905300156,4.11029561885552,1,-0.257207227240963,0.0747024312594495,1.56714139467287,1,2,1
"Same margins","few_exchangeable",38,48076,0.0683871428235761,0.866666666666667,-0.0641773915252208,1.70317994424095,1,-0.365381441643144,-1.64206634387458,-0.532351082704323,1,1,1
"Same margins","few_exchangeable",38,3197,0.0593641003687852,0.0933333333333333,-0.249108685038626,1.18342981995462,1,0.529166409417678,-0.610302115911377,-1.26330949575532,1,2,2
"Same margins","few_exchangeable",38,42159,0.0701491306125869,0.186666666666667,-0.0337996702831116,1.65389297146617,1,-2.09252756084973,-2.39137390080002,-0.77550347203817,1,1,1
"Same margins","few_exchangeable",38,9709,0.107086768278885,0.786666666666667,0.6413895882448,6,0,0.630371246880026,0.562039713543051,0.448110308492228,2,2,2
"Same margins","few_exchangeable",38,7945,0.0707981849950317,0.653333333333333,-0.00602075634184995,1.66346695041119,1,-0.98389952533795,-0.77802700499991,-0.806807653382501,1,1,2
"Same margins","few_exchangeable",38,16751,0.0763707477718768,0.906666666666667,0.106857825088925,5.01092510448012,1,0.112195451318894,-0.0770743771938087,-0.603796560953185,1,1,1
"Same margins","few_exchangeable",38,16935,0.0636127726945887,0.906666666666667,-0.122972147575252,1.05237124500139,1,-0.417239047999913,0.14769833687,-0.231674742533629,1,1,1
"Same margins","few_exchangeable",38,26983,0.0746271908105765,0.826666666666667,0.0737494910348384,1.67714713489704,1,-0.748921861893042,-0.633826368896109,-0.305870545290191,1,1,2
"Same margins","few_exchangeable",38,46697,0.0692137046232818,0.36,-0.0217821987657296,3.47410326919582,1,1.09995282218455,1.28039486859161,0.385656805513554,2,2,3
"Same margins","few_exchangeable",38,42624,0.0622950249337099,0.626666666666667,-0.228441471019747,1.23478997831399,1,-1.83856517931448,-1.55951416757293,-1.19953024460027,1,1,1
"Same margins","few_exchangeable",38,41080,0.06822423981576,0,0.0182207704392208,3.91786769335437,1,0.218151699440502,2.00687440725028,1.19448388071972,3,3,1
"Same margins","few_exchangeable",38,31064,0.0703687024464527,0.32,0.0453693016265735,0.686338223628577,1,0.0898744672742178,1.10408246909549,0.617183161355936,1,1,1
"Same margins","few_exchangeable",38,48591,0.0721690859191388,0.0933333333333333,0.045500330175285,4.92804013725559,1,1.29387219038682,-0.394777645706145,-0.718387252340338,2,1,2
"Same margins","few_exchangeable",38,14426,0.0601186187497009,0.213333333333333,-0.427109033594408,0.45052638097856,1,1.29409922494559,-0.28678281086714,0.037067165213438,2,1,2
"Same margins","few_exchangeable",38,21453,0.0651275517870748,0.0933333333333333,-0.0981454890110758,3.38356681751374,1,-1.34470098409481,-0.727834944122055,-0.349810982173887,2,2,2
"Same margins","few_exchangeable",38,37584,0.0745485923226617,0.0933333333333333,0.0670870607156382,5.27197323575831,1,-0.635086975599497,-2.27710222955543,-2.58635927377261,1,1,1
"Same margins","few_exchangeable",38,17631,0.0514637754697415,0.32,-0.63973420983735,1.65121019740243,1,-0.741291282830218,-0.501780209359258,-0.567198302969357,2,2,1
"Same margins","few_exchangeable",38,43650,0.0537071012297889,0.346666666666667,-0.384759153918491,0.779785690459219,1,0.717857819502986,-0.480810610611699,-0.810202934008901,1,2,1
"Same margins","few_exchangeable",38,2643,0.0681593929873175,0.08,-0.0839372125885671,0.58509774852291,1,1.79603612144572,0.749450065226672,0.713641126142521,3,2,2
"Same margins","few_exchangeable",38,1712,0.0896379051606568,0.12,0.203674233168195,0.676768911644243,1,-0.209937984182415,0.0664727573531048,1.15790643255464,2,1,3
"Same margins","few_exchangeable",38,741,0.0649421257531407,0.253333333333333,0.0233904191768621,4.902696869956,1,0.400055481683396,0.155294871148498,0.492585723399441,2,1,3
"Same margins","few_exchangeable",38,22135,0.0756689965684286,0.0933333333333333,0.204457223747675,5.75614810501823,1,-1.38700968565721,0.202034048763831,-0.310304026642381,2,2,2
"Same margins","few_exchangeable",38,24468,0.0643482223967308,0.2,0.000242293909362701,3.49907576935848,1,0.347940811122979,-1.04129948116464,0.8903340817568,2,1,2
"Same margins","few_exchangeable",38,32907,0.0591119558701807,0.546666666666667,-0.360435079903346,3.27931569146368,1,0.464505255408588,-0.201355074630373,-0.623145015500437,2,1,1
"Same margins","few_exchangeable",38,28124,0.0700867480426204,0.973333333333333,-0.0116914645137953,1.91759436156793,1,-0.47052749303105,-0.798301010723888,-0.108035190454691,1,1,1
"Same margins","few_exchangeable",38,22897,0.0695834953942447,0.64,-0.0366664078410501,4.42380130103944,1,0.339729568773677,-0.719818435847137,-0.397241360093127,1,1,2
"Same margins","few_exchangeable",38,19017,0.134180186690058,0.4,0.895588848268463,6,0,-1.62534071608388,-1.51944928388421,-1.9312836796154,1,1,1
"Same margins","few_exchangeable",38,24693,0.0654658059553288,0.106666666666667,-0.270000315085918,1.45363450920683,1,0.924792751936665,0.740607271308394,-0.28208608464174,2,3,3
"Same margins","few_exchangeable",38,20940,0.0646983283423142,0,-0.0273667223874181,3.56941003027277,1,-3.57186450619664,-1.99777724984766,-1.58390883825597,1,1,1
"Same margins","few_exchangeable",38,7126,0.0646380805637536,0.466666666666667,-0.288334940622137,1.23393976471307,1,-0.502721382062057,-0.996916648961857,0.475980651699109,2,1,1
"Same margins","few_exchangeable",38,41029,0.069693490637346,0.213333333333333,0.00331086302453132,3.95253179994718,1,-1.18188206208,-0.909235744880358,-0.714974929670162,1,2,2
"Same margins","few_exchangeable",38,37131,0.05569616283398,0.32,-0.33920400764038,0.352134415478012,1,0.281005083422781,0.125598150645712,-1.15157283514679,1,2,2
"Same margins","few_exchangeable",38,15432,0.124159697193903,0.866666666666667,0.747173566024886,6,0,-0.175369657392714,-1.47325597515584,-1.39909399397301,1,1,1
"Same margins","few_exchangeable",38,32740,0.0700839638446331,0.6,-0.00626574879625696,3.02957253188471,1,0.487640448857986,-0.585807647236861,-0.0975689123644355,1,1,2
"Same margins","few_exchangeable",38,11301,0.0697297722301662,0.866666666666667,-0.0428075245760715,1.18439411800037,1,-1.60118051884384,-1.21495826430966,-0.436068183064868,1,1,1
"Same margins","few_exchangeable",38,11649,0.0624259690072866,0.0933333333333333,-0.133730134454429,2.74021945839953,1,-1.68587308080701,-1.59522090768028,0.530810353714946,1,1,2
"Same margins","few_exchangeable",38,612,0.0668612052668593,0.28,-0.193685412083038,1.30396768696628,1,-0.785768492164587,0.38717572999332,0.381433477030105,2,1,2
"Same margins","few_exchangeable",38,20047,0.0690649568139532,0.506666666666667,-0.220408562744608,0.0652879854901565,1,0.612607302802,0.789674138159283,0.399924412410894,2,2,3
"Same margins","few_exchangeable",38,25371,0.0561262740114944,0.12,-0.373853272277721,3.10572177363028,1,0.0143602694864013,-1.63790073233491,-2.51447462931508,1,1,1
"Same margins","few_exchangeable",38,3578,0.0830809429878494,0.0933333333333333,0.0196802195566155,0.640471026964908,1,1.01888900785662,0.00754643463502631,0.639508455789389,2,3,3
"Same margins","few_exchangeable",38,24832,0.0975120350461214,0.466666666666667,0.551547294999135,6,0,-1.0309370981935,0.230612503472799,0.338225518718747,2,2,2
"Same margins","few_exchangeable",38,2283,0.0719253560118313,0.906666666666667,0.0231047626019918,1.46793590894868,1,-0.460093802934851,-0.95113602949428,0.0286175969777949,1,1,1
"Same margins","few_exchangeable",38,26711,0.0705358659483312,0.706666666666667,-0.00313123786905756,3.14220597066489,1,-0.894085333263646,-0.19111083486044,-0.364518367582381,1,1,2
"Same margins","few_exchangeable",38,14964,0.0762874385535233,0.0133333333333333,0.152335278389929,5.40477055699779,1,1.35710917667207,0.508387585019118,0.402721776722211,3,1,1
"Same margins","few_exchangeable",38,33505,0.0553665342791495,0.08,-0.44769284133848,3.37305997354376,1,0.864113485556599,0.625811692155772,-1.29614644616593,2,2,2
"Same margins","few_exchangeable",38,10780,0.117399962718562,0.546666666666667,0.827729313613682,6,0,0.329925318474344,-0.530032116396261,-0.400146477883904,2,1,2
"Same margins","few_exchangeable",38,44149,0.0676309834461716,0.0533333333333333,-0.0365038158868041,4.27089011747523,1,0.378487237439115,0.710627424985852,-0.102078719551132,1,3,2
"Same margins","few_exchangeable",38,160,0.0761006598265379,0.293333333333333,0.0344803128766396,1.32120788830789,1,0.338919733952689,-0.101892653911749,1.26152630302111,2,1,2
"Same margins","few_exchangeable",38,6778,0.0705998853208642,0.0533333333333333,0.140303432228046,5.27191666348057,1,0.595078130047848,0.154595060278574,-0.201955452024146,2,3,2
"Same margins","few_exchangeable",38,1037,0.0652855124193612,0.08,-0.157603220602953,2.39702590350389,1,-0.208644401273081,0.176109669555227,0.0754021398273871,2,3,2
"Same margins","few_exchangeable",38,19694,0.0609926856749262,0.693333333333333,-0.363323390801834,0.0570952969154192,1,0.730175448275727,0.919844847890781,0.675755693833601,2,2,2
"Same margins","few_exchangeable",38,19559,0.0790251957890949,0.213333333333333,0.192127817536334,0.589655565365229,1,1.0495946932393,0.472371129745531,0.348219899695096,1,1,2
"Same margins","few_exchangeable",38,26220,0.0675786819692694,0.693333333333333,-0.234267734284394,0.580804422904381,1,-0.309289024931777,-0.217708081629487,0.498448112271062,2,2,2
"Same margins","few_exchangeable",38,19769,0.0752420549113868,0.64,0.101195984536174,4.90675863053078,1,-1.399864769185,-0.045692952631755,-1.00938566843942,1,1,1
"Same margins","few_exchangeable",38,6647,0.104096989167793,0,0.533617887440764,0.699087428476244,1,-1.4234375054793,-2.11077152223775,0.194346532986228,1,1,3
"Same margins","few_exchangeable",38,35047,0.0640924137983364,0.32,-0.0969019084345084,3.51822374750262,1,1.00835366002017,0.579889732392302,1.04038184585823,3,2,3
"Same margins","few_exchangeable",38,194,0.071465637569684,0.68,-0.0214004194833533,5.38520467938956,1,0.342857643650257,-0.082988729531935,-0.376997935452236,1,1,2
"Same margins","few_exchangeable",38,1254,0.0974559196647931,0.0666666666666667,0.34171354313525,0.4829023175396,1,0.961113892973274,0.778160667343475,1.06956670079446,3,3,3
"Same margins","few_exchangeable",38,15106,0.0786756193644753,0.52,0.139866428254175,5.56310395250145,1,0.152684600697366,0.761000216949792,0.120102340948774,2,2,1
"Same margins","few_exchangeable",38,16895,0.0703129776969729,0.0266666666666667,0.0272378779164217,1.92685112051063,1,-1.00715035267842,1.09429155223543,1.40970015942667,1,2,3
"Same margins","few_exchangeable",38,49606,0.0782838647649839,0.106666666666667,0.13503588554098,1.5634071131699,0,0.76245929331801,-0.17746063374397,-0.173183017142412,3,2,2
"Same margins","few_exchangeable",38,3956,0.075907289778575,0.693333333333333,0.0360424147946874,1.87576131429523,0,-0.783431883666033,0.430757380959531,0.21248480431807,1,2,1
"Same margins","few_exchangeable",38,11090,0.0662337621083856,0.0666666666666667,-0.0475742429870059,1.91008769972755,1,0.504864144617196,1.76404015086197,2.0993527135147,1,2,3
"Same margins","few_exchangeable",38,27348,0.0745207533203579,0.933333333333333,0.0423578093200124,0.687936949543655,0,-0.255021987657552,-1.17224426215235,-0.634740525186725,1,1,1
"Same margins","few_exchangeable",38,36484,0.0508680005117137,0.653333333333333,-0.910029050735542,6,0,-0.253458296899634,0.379254559707364,0.542909010794618,1,1,2
"Same margins","few_exchangeable",38,20441,0.0691522356995526,0.693333333333333,-0.00964732269340951,3.17536887288341,1,-0.223284824327972,0.662368798520544,1.08024156343772,2,2,2
"Same margins","few_exchangeable",38,9947,0.0828297411971737,0.173333333333333,0.230205708911264,2.08381052632981,0,1.64554338014102,1.62326200944331,0.779987609785225,2,2,2
"Same margins","few_exchangeable",38,2942,0.0646431383864481,0.0266666666666667,-0.0817888559689575,3.60625946207069,1,-0.849587647477336,0.607186240463795,0.17408480907189,1,3,2
"Same margins","few_exchangeable",38,29080,0.0596477209596341,0.08,-0.192949983673027,3.56365848587782,1,-0.00858894900678515,0.73150614332029,0.182933525049477,1,3,3
"Same margins","few_exchangeable",38,26321,0.14555635280088,0,0.937922897814545,0.262257758554269,1,1.17212202052922,0.612127001941747,2.69281654159901,3,3,3
"Same margins","few_exchangeable",38,6672,0.0427308063743451,0,-1.18219131650039,4.91783550308296,1,0.376972354566268,2.32834311877847,2.08767731231966,1,3,2
"Same margins","few_exchangeable",38,33595,0.0701479562175839,0.826666666666667,-0.00765349348560429,2.82000553858035,1,-0.0445621706468027,-1.35510022179018,-0.243584148192398,1,1,1
"Same margins","few_exchangeable",38,38182,0.0542259761229685,0.52,-0.438323482181146,1.65797290958906,1,-0.68115834000256,-1.87890595011122,-1.99294341648772,1,1,1
"Same margins","few_exchangeable",38,14036,0.0806582779103151,0.0133333333333333,0.203833110746297,1.47767357289187,1,-0.913633082887838,-0.171337210256394,1.58048376357813,2,1,3
"Same margins","few_exchangeable",38,11337,0.065453015348754,0.906666666666667,-0.134395361115204,1.17317705108621,1,-1.45055102989857,-1.15325573250589,-0.725101238882017,1,1,1
"Same margins","few_exchangeable",38,2603,0.0563809781727338,0,-0.433489219535884,1.35847882887126,1,-2.66245596358668,-2.2619249645494,-2.16764019851941,1,1,1
"Same margins","few_exchangeable",38,40680,0.0796271958500085,0.466666666666667,0.0845107772751423,1.02623879530853,1,0.376307333269792,1.2210416078965,1.31956501878986,2,2,3
"Same margins","few_exchangeable",38,48377,0.0741201774129071,0.213333333333333,0.139010762609909,6,0,0.377140268094017,0.827335038387656,1.15572414887289,2,1,2
"Same margins","few_exchangeable",38,13681,0.0686588778991299,0.0133333333333333,0.0492897910392971,4.53062039116462,1,0.346754738384492,1.99284492430841,-0.436403158383446,1,3,2
"Same margins","few_exchangeable",38,47651,0.0585518230791806,0.426666666666667,-0.385100804453064,1.90297612966579,1,0.893554555711434,-0.241530549390136,-0.312513904127765,2,2,2
"Same margins","few_exchangeable",38,7766,0.0843977136439607,0.08,0.172701359652023,0.921312787871162,1,-0.63652305397036,0.589134510906777,1.77747341768363,2,1,2
"Same margins","few_exchangeable",38,12144,0.0667310686218918,0.613333333333333,-0.056885697391309,4.41323680313206,1,0.645981358120441,0.965629855110485,0.287756455537107,1,2,2
"Same margins","few_exchangeable",38,22507,0.0683195720509312,0.213333333333333,-0.0290499480940434,3.07034173707114,1,1.0672581923542,0.392631273178191,0.288007399672675,3,2,2
"Same margins","few_exchangeable",38,39222,0.0677127968282494,0.213333333333333,-0.0472838359953665,3.40779653904577,1,-1.90432872863004,-2.30559207656495,-1.49288020543401,1,1,1
"Same margins","few_exchangeable",38,27604,0.0610916955020033,0.773333333333333,-0.191181441396624,2.14986212674183,1,-1.04808831807047,0.148990429430868,-0.894103885379801,1,1,1
"Same margins","few_exchangeable",38,3627,0.0698091022612744,0.48,0.0080308974547787,2.78651205177967,1,-1.19339484815809,-1.89040776655649,0.1277350745139,1,1,1
"Same margins","few_exchangeable",38,7449,0.0754863118582406,0.466666666666667,0.124993002305168,0.464728525173483,1,0.159906935619657,0.676310391522077,0.894898978470453,1,2,1
"Same margins","few_exchangeable",38,12989,0.0597934788742163,0.653333333333333,-0.359860038116942,2.36238804806933,1,0.134526965888691,-0.799234693486123,-0.179450963721168,2,1,1
"Same margins","few_exchangeable",38,44828,0.0547107307774991,0,-0.579547071196969,3.59532739673842,1,-0.614831350575946,-2.39812879685213,-2.28649076851203,2,1,1
"Same margins","few_exchangeable",38,7232,0.0574335513914313,0.613333333333333,-0.481967651269787,0.881921942873645,1,-0.380843618844722,-0.218074589632354,-0.298944556535753,2,2,2
"Same margins","few_exchangeable",38,9515,0.134688982262328,0.546666666666667,1.04133389813587,6,0,-0.881565587460303,-1.25874717982599,-0.598929890589982,2,1,1
"Same margins","few_exchangeable",38,11439,0.0658272914445436,0.626666666666667,-0.145539558478872,1.47263488998003,1,-1.48390211655927,-2.0641899468986,-1.05034039638674,1,1,1
"Same margins","few_exchangeable",38,2282,0.0689271451452097,0.173333333333333,0.0886699082553681,4.89896602295652,1,-1.51544246493089,0.224756189665062,0.480941141434454,2,2,2
"Same margins","few_exchangeable",38,33272,0.074565892552453,0.36,0.0610039524455905,0.519950846738066,0,1.49195402157946,0.580038519776818,0.43068146550893,2,2,2
"Same margins","few_exchangeable",38,48370,0.0725359132788425,0.0933333333333333,-0.0710692785752658,0.93087341879968,1,1.33362904749062,2.15078698437966,1.46717235191804,2,3,2
"Same margins","few_exchangeable",38,25965,0.0653273488190252,0.266666666666667,-0.00731646533731434,3.18241192521675,1,-1.10148674165298,-1.17343114830744,0.425045895027692,2,1,2
"Same margins","few_exchangeable",38,5391,0.0725919349669108,0.52,-0.0698437949712627,2.40367539533163,0,-0.473044920842851,0.925349991796582,0.73649298080809,1,2,1
"Same margins","few_exchangeable",38,47722,0.0639333562683151,0.0666666666666667,-0.0551238898881929,3.51641543343039,1,0.241012879805863,1.62284764429393,-0.461221955694707,1,1,1
"Same margins","few_exchangeable",38,11918,0.0685940895383045,0.32,-0.00835823223381471,2.74722047241817,1,0.94898114377309,0.518254412955456,1.08247335836629,3,2,3
"Same margins","few_exchangeable",38,27125,0.0821390612190542,0.386666666666667,0.13954352596885,6,0,-0.258464485244896,-1.58011806365887,-1.06569943547983,1,1,2
"Same margins","few_exchangeable",38,18781,0.0702853311174265,0.546666666666667,-0.00854856719459032,0.43545600585516,0,0.429144143245352,0.247968962611604,0.936497951390015,2,2,3
"Same margins","few_exchangeable",38,34041,0.0634456417516709,0,-0.00843011058184917,3.37096233422337,1,1.55042151746954,0.569635956159554,1.57324364441621,2,3,2
"Same margins","few_exchangeable",38,49595,0.0587575239455385,0.146666666666667,-0.234918543108339,0.747835803758199,1,1.24651720201746,0.623691668518562,-0.725647255922737,1,2,2
"Same margins","few_exchangeable",38,10263,0.0722862134317086,0.546666666666667,0.0943823081131883,4.94720579283944,1,-0.420115640475212,-0.537197989124803,-0.471536383167086,2,1,2
"Same margins","few_exchangeable",38,22013,0.072335183508539,0.506666666666667,0.00452655883345831,0.0738430242262348,0,0.121955175216628,1.53219519039947,1.10245771615676,2,2,2
"Same margins","few_exchangeable",38,41675,0.080577723718551,0.693333333333333,0.181815762927303,1.36921712285872,1,-1.05953101413939,-0.720482993274117,0.126865169581662,1,1,2
"Same margins","few_exchangeable",38,21171,0.0788170009277883,0.32,0.125993096658209,1.49553801705414,1,0.879978222751461,1.51702678374616,1.78989318996818,2,2,3
"Same margins","few_exchangeable",38,26807,0.0987615014214155,0.88,0.410391952548513,3.20900261250359,0,-0.230998790120238,-0.0249881227131484,-1.10764341841122,1,1,1
"Same margins","few_exchangeable",38,7482,0.0631432840576644,0.693333333333333,-0.12773045738591,2.79500985103289,1,-0.720972696722542,0.250933286459358,-0.703360380508206,1,2,1
"Same margins","few_exchangeable",38,34034,0.095529903642725,0.426666666666667,0.321720891569393,4.55199319093325,0,-0.113335243955074,0.130867048979604,-1.07842950553191,1,1,2
"Same margins","few_exchangeable",38,27632,0.0691973378015451,0.68,-0.029739805464063,1.94399332320212,1,0.0119754860996041,-0.750993033910802,-0.819924170983263,1,1,2
"Same margins","few_exchangeable",38,39736,0.0453948499468576,0.373333333333333,-0.726203932517675,0.357454275012348,1,-1.34046771364508,-1.29335580949825,-2.1529650296453,1,1,1
"Same margins","few_exchangeable",38,18324,0.0824807572466963,0.186666666666667,0.254668741846219,1.43125224214152,1,-0.526517375268596,0.408436872000707,1.24357370148353,1,2,3
"Same margins","few_exchangeable",38,18722,0.0870164428188851,0.0666666666666667,0.277858355948647,1.17661321981329,1,2.15581167763452,1.53549922339628,1.67567446715749,3,3,3
"Same margins","few_exchangeable",38,31522,0.0680013707838622,0.773333333333333,-0.0481207223905655,3.70753658228375,1,-0.708656150268269,0.240770912700382,0.0942952881466319,1,2,2
"Same margins","few_exchangeable",38,39348,0.0651958216620084,0.36,-0.116032421102366,4.28099388747538,1,-1.93157144787897,-0.194408983538237,0.487898585074681,1,1,1
"Same margins","few_exchangeable",38,15364,0.0585197140158546,0.28,-0.319207195861636,2.42869946111055,1,-1.48838016392337,-1.91604211998855,-2.10238299380228,1,1,1
"Same margins","few_exchangeable",38,44533,0.0727400138721621,0.613333333333333,0.040543522967087,2.2114104405961,1,-0.913128833181412,-0.606194612638136,0.676339164278538,1,1,2
"Same margins","few_exchangeable",38,18237,0.058790224221892,0.693333333333333,-0.225004696409021,2.44036976353205,1,-0.0780281495063051,0.361151936477059,-0.863231384515283,1,2,1
"Same margins","few_exchangeable",38,10249,0.0660638092740316,0.08,0.0785756811391369,5.62957777660578,1,-0.271809419381399,0.502961479796513,0.314836659607886,2,1,3
"Same margins","few_exchangeable",38,34891,0.0694376788153532,0.0666666666666667,0.0241089529312442,2.24732608385824,1,-1.43220133785746,0.264472146663847,1.56624938094994,1,1,1
"Same margins","few_exchangeable",38,32420,0.0673252306246529,0.693333333333333,-0.0424234952477773,3.18101816192256,1,0.271958164813116,0.359403241324944,0.50285780172053,1,2,2
"Same margins","few_exchangeable",38,24661,0.0696580307578233,0.92,-0.0301576743852503,3.00817555666522,1,-1.18030310914556,-1.26165285776963,-0.707307522843742,1,1,1
"Same margins","few_exchangeable",38,17586,0.0671664853514727,0.693333333333333,-0.0282310467545486,1.4547016022784,1,0.036804725332208,0.633838010223478,-0.285692027343315,1,2,2
"Same margins","few_exchangeable",38,7250,0.067174634162871,0.0133333333333333,-0.106724307147258,4.69536371837048,1,1.3850118389142,2.06047800918078,-0.166845045594046,2,3,1
"Same margins","few_exchangeable",38,45878,0.0819694549953647,0.2,0.162574093099465,1.36626485413693,1,0.521713663479665,-0.215895998391097,1.31763340680523,2,1,3
"Same margins","few_exchangeable",38,39098,0.0889108603511261,0.0133333333333333,0.293012039540507,0.971107030614864,1,2.56168256434412,1.46586630768655,1.56435090119054,3,3,3
"Same margins","few_exchangeable",38,45172,0.0783047103188477,0.853333333333333,0.145516868432141,5.54222527824844,1,-0.289731520222713,-1.70086676525675,-0.957216177884483,1,1,1
"Same margins","few_exchangeable",38,19632,0.0657531139483955,0.266666666666667,-0.10105566821299,3.86705953986012,1,0.643285601263413,0.890406970220862,0.463260184750077,1,1,2
"Same margins","few_exchangeable",38,31007,0.064935855527816,0.653333333333333,-0.0851450434452552,1.90208876351102,1,0.817271935131842,-0.117657514075283,-0.165165418252409,1,1,1
"Same margins","few_exchangeable",38,35552,0.0757329619013491,0.786666666666667,0.0550321298889421,0.846635690388149,0,-0.0037508903161641,0.551676883269153,-0.23017467171787,1,1,1
"Same margins","few_exchangeable",38,34264,0.0529119652968623,0.266666666666667,-0.52806757545587,2.60562438052148,0,-1.30900931560625,-0.576174050676153,0.59456516251082,1,2,2
"Same margins","few_exchangeable",38,17050,0.0659421989437108,0.6,-0.130453329862886,2.2740921764352,1,0.639802707039095,1.41157164318748,0.881640927081868,2,2,2
"Same margins","few_exchangeable",38,43991,0.0785470015516229,0.68,0.147578253041722,5.67893071189115,1,-0.356185457354223,-0.678558597118637,-0.501785042896009,1,2,1
"Same margins","few_exchangeable",38,26693,0.0670882836526147,0.706666666666667,-0.0911946808981372,3.27537630721755,1,-0.375964883058574,0.383886036785456,0.16011619928156,2,2,2
"Same margins","few_exchangeable",38,41052,0.0539129257451544,0.92,-0.403067442985291,1.00938655526614,1,-0.57275381598821,-0.839834394500223,-1.34088204527933,1,1,1
"Same margins","few_exchangeable",38,36079,0.0889098965411939,0.0933333333333333,0.307358528360085,0.291846050792063,1,0.122350351269393,1.34716267815159,0.618426845531638,1,3,2
"Same margins","few_exchangeable",38,30573,0.0686862046275844,0.693333333333333,-0.0438336611161521,0.892564083106525,1,-0.0685493480304147,-0.615009118022126,-0.770913283018335,1,1,2
"Same margins","typical",2,4616,0.747060034449811,0.706666666666667,-0.00612833580009897,1.8640147469815,1,0.51916475347362,0.276322084509574,0.487545028024182,2,1,2
"Same margins","typical",2,48190,0.747778626318792,0.226666666666667,0.0482789516608451,3.88890055659198,1,-0.413516775621028,0.543095383445343,1.09726412424085,2,1,3
"Same margins","typical",2,8527,0.723981047231965,0.0666666666666667,-0.0748877309327778,3.72993469590755,1,1.80279525057251,0.586448552520905,-1.08890974833671,2,2,2
"Same margins","typical",2,38353,0.741851474763207,0.16,0.000721208233778192,3.11384988367883,1,0.310451967151942,-0.886969727348155,-0.104125342768691,1,2,1
"Same margins","typical",2,49951,0.772407704798622,0.973333333333333,0.248267514188558,5.2679903172355,1,-1.5475897558657,-0.974191236244043,-1.26350642360592,1,1,1
"Same margins","typical",2,23564,0.738905734267312,0.426666666666667,-0.00358346195814274,4.4884376019606,1,1.23215518868278,1.39163969090074,0.618012792705184,2,2,3
"Same margins","typical",2,39021,0.710862492841826,1,-0.240733182354054,2.01171137561214,1,-0.624290339891055,-0.776621837795449,-0.949164053069826,1,1,1
"Same margins","typical",2,23061,0.752772685040804,0.213333333333333,0.0530516589874632,1.97609797734841,1,1.34206279882693,0.898994696441262,0.632396144538258,3,3,2
"Same margins","typical",2,14001,0.844485248231561,0.88,0.888207586447451,6,0,0.0772311068663458,-0.292368147243527,-0.550716199847947,1,1,1
"Same margins","typical",2,15335,0.728531686727412,0.253333333333333,-0.116308591897546,2.27018662268062,1,1.17346303082716,-0.42176024621728,-0.524301579515909,2,1,1
"Same margins","typical",2,33311,0.769240085327109,0.84,0.233147409287557,5.19134766105958,1,-1.33244864105999,0.118825968429878,0.122001547343949,1,1,1
"Same margins","typical",2,12408,0.745618915140646,0.346666666666667,0.0245172324793934,3.52576210612234,1,-1.16485455338621,-2.42751852705308,-0.727610882072036,1,1,1
"Same margins","typical",2,8974,0.741435122733839,0.2,-0.0191962162592652,2.86275651518208,1,0.837800913397106,0.0441495280352733,0.438878413931277,2,2,1
"Same margins","typical",2,31171,0.71708552575684,0.106666666666667,-0.109779935402966,4.18508387837066,1,-1.08455829136185,-0.797111520751857,-0.149058357869959,2,2,2
"Same margins","typical",2,33764,0.752407974181255,0.106666666666667,0.0884005229162121,4.64927225814819,1,1.30288601118638,-0.349162047241582,-0.5139908003219,2,2,1
"Same margins","typical",2,45894,0.750300213149091,0,0.081739992370923,4.53830351713508,1,0.306293569025853,-0.460854406455545,-0.418448664214779,2,3,1
"Same margins","typical",2,27262,0.744618840722231,0,-0.0348046459684987,0.424214977162473,1,-0.803461499567268,0.978235216585641,0.414635020039615,1,3,2
"Same margins","typical",2,10257,0.685376198632985,0.866666666666667,-0.417553755765602,1.48754911567881,1,-1.6306789274879,-0.548439606371878,-1.27515394875382,1,1,1
"Same margins","typical",2,48069,0.760597921449017,0.28,0.0879841948075188,1.56111792129727,1,1.16919373472781,-0.103311380230643,-0.707382858607465,2,2,2
"Same margins","typical",2,15993,0.737623447949923,0.6,-0.0208019630025071,3.98240786604379,1,1.08973574271778,1.58566911276105,0.985317809170139,2,2,2
"Same margins","typical",2,23353,0.739319613511902,0.08,-0.0119960212520422,3.22465200158809,1,0.794351992737583,0.807734436480046,-0.0394072527558811,1,3,1
"Same margins","typical",2,21349,0.743486627400174,0.8,-0.00935790608392859,0.158501373237978,0,0.448203755264865,0.287229332998389,0.152265618941936,2,2,2
"Same margins","typical",2,37809,0.758446179021146,0.693333333333333,0.045382757145273,0.373334962506699,1,0.00646933020476419,-0.581275495376493,0.0971040944438198,2,1,2
"Same margins","typical",2,9784,0.823235188853715,0.106666666666667,0.678448917713672,6,0,-0.050779342409177,0.756922334504152,1.1398186576662,2,2,1
"Same margins","typical",2,44649,0.745543835535007,0.64,-0.0135351515083639,2.33279744539363,1,-0.19508208232685,-0.444855949786172,-0.480202338878597,1,1,2
"Same margins","typical",2,19068,0.722450723495992,0.426666666666667,-0.156790755785801,1.71858405177669,1,0.384877839976978,0.0227292065207115,0.197444901302555,1,2,1
"Same margins","typical",2,49517,0.746551594578959,0.6,-0.0140605663025823,1.6821217989563,1,0.532725929584041,0.991037017236054,-0.474121895623375,1,2,2
"Same margins","typical",2,21555,0.71934534758367,0.36,-0.122838482460046,3.15041218905905,1,0.416192573915838,0.3140567662533,0.775056087801894,3,2,2
"Same margins","typical",2,16846,0.71458194662148,0.106666666666667,-0.214823129481965,1.42342527687072,1,0.357410454571556,0.52809263564295,-0.446102950701067,1,3,1
"Same margins","typical",2,29565,0.762895520600111,0.4,0.188032391591582,4.91394344704244,1,-2.24186127962764,-0.618997505769269,0.254368843740662,1,1,1
"Same margins","typical",2,24246,0.746689899030716,0.506666666666667,-0.00114600394526421,1.85110065337679,1,-0.27019920356825,1.07348903673293,0.770239964651512,2,2,2
"Same margins","typical",2,44400,0.74391296052938,0.08,-0.0118930072034971,2.62863845561112,1,0.925688014432253,0.0583152321503015,-0.964432405096203,3,2,1
"Same margins","typical",2,26841,0.742131226031928,0.16,0.0020721484684616,3.18151161000485,1,1.22990834909219,0.359002178421257,-0.534473700370066,2,1,2
"Same margins","typical",2,10242,0.753641130118438,0.586666666666667,0.123518261585374,2.73959555197507,0,-0.0974353382464212,0.0634637881365098,-0.378718556008084,1,1,2
"Same margins","typical",2,48245,0.852128052646733,0.893333333333333,0.951394603956355,6,0,-0.0582129076110682,0.0424794975209871,-0.28811875805039,1,1,1
"Same margins","typical",2,10436,0.744688653003525,0.44,-0.0603640199639468,0.13463915498773,1,-0.344466381519433,-0.736841457170085,-1.04941176153861,1,1,2
"Same margins","typical",2,48528,0.740036889133019,0.6,-0.0287341784633459,3.0727086443304,1,0.250296261952297,0.290580824053972,-0.546371952792599,2,2,1
"Same margins","typical",2,32323,0.721927763088257,0.773333333333333,-0.166821467970041,2.00275473987821,1,0.371776565966526,0.163988555101555,-0.93678221557906,1,2,1
"Same margins","typical",2,18591,0.835757953905451,0.84,0.824182190335978,6,0,-0.887700904077299,-1.57361157658454,-1.95085580405599,1,1,1
"Same margins","typical",2,19740,0.709390367794377,0,-0.25172248389845,0.467153981976342,1,-0.0182836345437539,0.470898608398151,0.555562930259651,2,3,1
"Same margins","typical",2,28205,0.776118747562447,0.0666666666666667,0.19013218240229,1.14058412755834,1,-0.579061109005307,-0.427687117919022,0.652956411193026,3,2,2
"Same margins","typical",2,33302,0.683003113281921,0.986666666666667,-0.433041792520152,1.255531287534,1,-1.05170565445341,-0.267383163628446,-0.716703955099566,1,1,1
"Same margins","typical",2,34003,0.741612272953123,0.76,-0.00426870032605065,3.46188877371559,1,0.461099750352615,0.622303335823638,-0.734918858260127,1,2,1
"Same margins","typical",2,6903,0.718182528956144,0.973333333333333,-0.172689442840655,2.81413615849191,1,-0.863499578873386,0.00393538009810783,-0.361155108791573,1,1,1
"Same margins","typical",2,43653,0.661223801992851,0.24,-0.580347932021458,0.752776909236696,1,0.461651064117262,1.14218067547213,-0.381760072346339,1,1,1
"Same margins","typical",2,18645,0.789440179884452,0.2,0.2646093964331,0.727934267400495,1,1.15056125892664,0.895265674773329,0.651182294911242,3,3,2
"Same margins","typical",2,20068,0.77052764664999,0.973333333333333,0.223960528043996,5.15361662995079,1,-0.685280613718324,-1.1749258318834,-1.37281282786852,1,1,1
"Same margins","typical",2,28299,0.756893302291694,0.213333333333333,0.117657408396765,4.4119815559525,1,1.20797156500438,1.27162438104051,0.534981763186928,2,2,1
"Same margins","typical",2,31619,0.75257762715623,1,0.0872513533382637,4.2941613385857,1,-0.836122025906037,-0.234754042549745,-0.537605574296804,1,1,1
"Same margins","typical",2,25800,0.716866168800135,0.0266666666666667,-0.199234628886971,0.724926010349415,1,-0.313808742595036,-0.216480566322399,1.01894474225678,2,2,1
"Same margins","typical",2,6548,0.72873204882423,0.24,-0.12273179479168,1.87960063054136,1,-1.46543982277334,-1.81444133068572,-1.7097939779795,1,2,1
"Same margins","typical",2,35782,0.745189278509811,0.333333333333333,0.051795236688845,2.73078759200871,0,0.392939594231,1.09022453986051,1.08393900247367,1,2,3
"Same margins","typical",2,38049,0.701331614030081,0.853333333333333,-0.326346021055879,0.516138406302193,1,-0.0407613157382925,-0.306371273083204,-1.31782990841125,1,2,1
"Same margins","typical",2,23032,0.756509767321807,0.506666666666667,0.110064531599263,4.39863884306999,1,-0.0886314715099593,-1.20994502699782,0.0873714544516167,2,1,1
"Same margins","typical",2,47020,0.703511770194332,0.84,-0.302326342841592,0.973788010274231,1,-0.104989207858473,-0.838184236956341,-0.786223779712114,2,1,1
"Same margins","typical",2,39541,0.753321378399436,0.28,0.0312615120776825,1.41629503532659,1,-1.44686909961719,-0.79526862275503,-0.591486823763247,1,2,2
"Same margins","typical",2,48272,0.74456220227868,0.773333333333333,-0.0160512594395974,2.52676714542477,1,-0.158685907916203,-0.020284287091973,-0.00304605191973515,1,1,2
"Same margins","typical",2,38286,0.842199777065201,0.96,0.849563924044401,5.28734724033712,0,-0.661534819354128,-0.575903247222526,-1.45055802151193,1,1,1
"Same margins","typical",2,2123,0.741787724071352,0,0.00932589558556263,3.43143181866026,1,-0.31536128953413,-0.562384798545187,-2.66909145722706,1,3,1
"Same margins","typical",2,35035,0.747308435906424,0.866666666666667,0.0143762410829177,0.111694284714758,0,-0.656598282850686,-1.08022090923301,0.0898897827678041,1,1,1
"Same margins","typical",2,5483,0.741116346920054,0.04,0.0058958095603443,3.19080792897039,1,1.53749298922732,1.7021861573575,0.983636144407772,1,2,3
"Same margins","typical",2,38695,0.756186845425999,0.973333333333333,0.107864104996839,4.31609243664374,1,-0.669394859325779,-1.17531450304846,-0.466220491921081,1,1,1
"Same margins","typical",2,8865,0.746321892990131,0.773333333333333,-0.0428516408186688,0.00564636947600479,1,-0.159688278071401,-0.491140727636969,-0.139702891989929,1,1,2
"Same margins","typical",2,6937,0.786240564974394,0.426666666666667,0.341481858719049,2.81775121111423,0,0.620126856081449,0.7417789065914,0.304497048069828,1,2,1
"Same margins","typical",2,22552,0.70169056143335,0.893333333333333,-0.304106301174653,1.71220896985033,1,-1.87443182402731,-1.32331167680319,-1.05063490416442,1,1,1
"Same margins","typical",2,14697,0.746349290926203,0.2,0.0185364579247036,2.24459085860762,1,1.07258106568827,-0.643375245442806,-0.674498647999434,2,2,2
"Same margins","typical",2,3408,0.762197914635665,0.28,0.295307041975233,6,0,0.521057360363131,0.512455113993234,-0.32457198712829,1,1,2
"Same margins","typical",2,16397,0.751861167102271,0,0.0360256797488039,1.90724611318925,1,0.477659762742597,1.82118947513714,0.963612181519472,3,2,2
"Same margins","typical",2,20801,0.717488306796509,0.4,-0.213131188741868,0.420649197597861,1,0.117475247975148,-0.515881436591122,-0.525350040245511,2,2,1
"Same margins","typical",2,23846,0.714901759405408,0.773333333333333,-0.229990903897541,1.17284770125693,1,-0.115893649885412,-0.601750480083133,-1.51692555203666,1,2,1
"Same margins","typical",2,44592,0.841542249399032,0.96,0.863603602608055,6,0,-0.765911249942938,-1.1924718955881,-1.55820213242629,1,1,1
"Same margins","typical",2,44131,0.760000658510918,0.36,0.0871400786144045,1.66092727521037,1,1.21341035629018,-0.156067917151659,-0.17567080975915,2,2,2
"Same margins","typical",2,47659,0.752689684104539,0.773333333333333,0.0892321248662604,4.16353126101659,1,0.0422588223778599,-0.840910797734088,-0.0406602534538696,1,1,1
"Same margins","typical",2,14579,0.828831383000903,0.866666666666667,0.739670426517051,6,0,-0.0571363047166582,0.178912533117853,-0.495614005612023,1,2,1
"Same margins","typical",2,13337,0.786778597570312,0.106666666666667,0.253849527753796,0.968367094339749,1,1.32139121694179,0.46317085457532,0.236808068931027,3,3,2
"Same margins","typical",2,36731,0.750822320262966,0.106666666666667,0.0886114274479817,4.18672795443806,1,-0.639137826314198,0.813739961083998,1.27152490289704,1,2,1
"Same margins","typical",2,9688,0.738091733156396,0,-0.038756433409028,2.45975271405342,1,0.195571160088966,-2.7383003242636,-1.57559575643264,1,1,1
"Same margins","typical",2,3126,0.702745313663396,0.866666666666667,-0.298086980773308,1.11316772868207,1,-0.346062957576646,-1.01133469431764,-0.0882757137563402,1,1,1
"Same margins","typical",2,13306,0.751216728159656,0.773333333333333,0.00623385032630508,1.03858543533478,1,-0.382319615907618,-0.862306777460103,0.170737045427877,1,1,2
"Same margins","typical",2,13777,0.766294661529336,0.773333333333333,0.105372438321822,0.767390154825023,1,0.722388421421122,0.402813393779483,-0.0520192822069282,2,2,2
"Same margins","typical",2,15013,0.678315576125869,0.293333333333333,-0.461191376383362,1.59362228808064,1,-2.43568125788097,-0.421087764731549,-1.18579140874364,1,1,1
"Same margins","typical",2,40737,0.734230305475223,0.453333333333333,-0.00718604141266077,5.16391170775414,1,0.434313550440119,0.696722652369271,-0.151849305318619,2,2,3
"Same margins","typical",2,46395,0.768995205836381,0.626666666666667,0.124754619396753,0.707620355474303,1,-0.0880462859687714,-0.575027572674284,-0.115388213413926,1,2,2
"Same margins","typical",2,921,0.826207078687467,0.76,0.745714426199464,6,0,-0.530534350820159,-1.69418286223009,-1.78267244511511,1,1,1
"Same margins","typical",2,29728,0.759603685473573,0.0666666666666667,0.111401593464656,0.885445070600673,0,-0.720518800053,0.318996725416188,-0.449526686984945,1,3,1
"Same margins","typical",2,5845,0.739556069715399,0.36,-0.0313605087970111,0.196999008767307,0,1.42400126057221,0.975904918627642,1.43777264426439,3,2,2
"Same margins","typical",2,17462,0.72757357561163,0.64,-0.0938218634469239,3.54806992950987,1,0.46633042710075,-0.0617728609819636,0.469928161749342,2,2,2
"Same margins","typical",2,28717,0.781008873097786,0.36,0.219769327168811,1.07650310157707,1,0.851161257714766,0.368236693476909,1.59099456940761,3,2,2
"Same margins","typical",2,7063,0.743243932672106,0.186666666666667,-0.0032106724108294,2.66803491844881,1,-0.786037736796303,0.819527350100821,1.37406515612189,2,2,3
"Same margins","typical",2,49525,0.732463924128883,0.866666666666667,-0.0592129695322368,3.49184240813701,1,-1.57414856498215,-0.247557505851423,-0.0379474337423087,1,1,1
"Same margins","typical",2,1192,0.747458565610634,0.64,0.0389558754542403,4.04888718467338,1,-0.0628863999273858,-0.107391120259419,-0.365888156381052,1,1,2
"Same margins","typical",2,48685,0.661742810548868,0.266666666666667,-0.336138376837359,6,0,0.862578490251297,2.0562971439151,1.28904600126582,3,3,3
"Same margins","typical",2,44917,0.647418727992177,0,-0.529441830705579,3.90797433317069,1,2.97514465502884,-0.42683853133956,-0.0353387351954614,3,2,3
"Same margins","typical",2,15609,0.745726979604709,0.106666666666667,-0.00706697331798622,1.83668738105134,1,0.599563058061774,1.32810403210153,-0.600944553196006,1,3,2
"Same margins","typical",2,39907,0.738769664971267,0.853333333333333,-0.000197167251450026,4.50026797603732,1,0.261091614195026,0.694767051917265,-0.212697953426589,1,2,2
"Same margins","typical",2,25245,0.75999524890302,0.0666666666666667,0.129919782183802,1.23784949537367,0,-0.7123336184778,1.18695588673996,-0.0449856696116684,1,1,2
"Same margins","typical",2,5176,0.747840663143891,0,0.0132100321033366,1.20254141640434,1,0.142114147008117,1.03195587444186,1.59861255717197,1,3,3
"Same margins","typical",2,8884,0.725127682951001,0,-0.105290921342647,1.05809112755056,0,1.13725094892912,-0.0427445556568096,-0.279252741507693,2,3,3
"Same margins","typical",2,11014,0.709041865313744,0.04,-0.165077546455015,3.84228708484043,1,1.34155340030914,-0.462406578499616,-1.25052418031996,2,2,2
"Same margins","typical",2,36720,0.759319141560431,0.973333333333333,0.141322785000522,4.60845306451659,1,-1.61681169226455,-0.987277820206856,-1.20019326110439,1,1,1
"Same margins","typical",2,16421,0.740792444631864,0.693333333333333,0.01854669991706,5.03446255576337,1,0.235351301313469,-0.154830424849244,0.64934909424166,1,1,2
"Same margins","typical",2,4834,0.743639023564031,0,-0.000353657105892857,2.85456478165912,1,-0.104450064356909,0.786253891082503,1.03626474152918,1,3,3
"Same margins","typical",2,34348,0.74957173413619,0,0.0443214432261827,2.04217883984369,1,2.12080986629504,0.0805146961279648,-1.07146534353914,2,2,2
"Same margins","typical",2,37278,0.761082430053903,0.853333333333333,0.150255808351898,4.6344147956033,1,-1.62851531880001,-1.92107402760863,-1.4693372618563,1,1,1
"Same margins","typical",2,9958,0.744741479247577,0.0533333333333333,0.00551919699429204,2.51816459374997,1,0.579425353980581,1.08583735230081,1.61865275698346,2,3,3
"Same margins","typical",2,49196,0.750350523907096,0,0.0245320080659197,0.876250518024487,1,2.21977318474288,1.52196320550384,1.04352732702648,1,2,3
"Same margins","typical",2,3150,0.72517421083752,0.773333333333333,-0.145033710175415,2.09946149592675,1,0.297552087798969,-0.0825810788845426,-1.17458909362525,1,2,1
"Same margins","typical",2,39434,0.743821455226245,0,0.00354320666965546,2.25809434948816,1,-0.312705065907905,0.770832104495278,0.290093729646319,2,3,3
"Same margins","typical",2,35144,0.742401328378939,0.106666666666667,-0.00714165196515371,3.02567648246959,1,1.11239303193237,0.236386572477816,0.618944221942311,2,2,1
"Same margins","typical",2,47439,0.70908417983262,0.426666666666667,-0.278268331602884,0.150312486587154,1,0.466258158752965,-0.250299699506258,-1.27702580017925,2,2,1
"Same margins","typical",2,5203,0.819639387613454,0.773333333333333,0.61362211659936,3.66603808439025,0,-0.176186423010169,0.452656403573154,0.327397286669465,1,1,1
"Same margins","typical",2,20960,0.734091296468808,0.506666666666667,-0.0564187413978092,3.88840976162338,1,0.883186004090573,0.617974660828153,1.11460994854129,2,2,3
"Same margins","typical",2,36589,0.763553401704746,0.0666666666666667,0.180498480929051,1.89349390712609,0,-0.792286035259925,-0.37985481152435,0.604195783469234,3,1,1
"Same margins","typical",2,35072,0.771395815744786,0.213333333333333,0.160839130036518,1.39327046690951,1,1.1674189469904,0.836753341043432,1.14798086306818,3,3,2
"Same margins","typical",2,39650,0.77711026573413,0.533333333333333,0.307871939210142,5.62903548917072,1,-1.30339126832002,0.643568921402225,-0.0584915209402999,1,1,1
"Same margins","typical",2,30987,0.706593550947556,0.24,-0.283660036359248,1.54322610757266,1,-0.296278265845659,-1.36954109996507,-2.68605661557216,1,1,1
"Same margins","typical",2,38523,0.727335115368632,1,-0.115894654691914,2.92218558197263,1,-1.21395114837241,-1.01424171597856,-1.21464558071025,1,1,1
"Same margins","typical",2,6688,0.77161216911425,0.36,0.206925163752006,1.24320668252678,0,0.674817595014803,0.677004966954932,-0.411979914426311,1,1,1
"Same margins","typical",2,85,0.741611793466822,0.333333333333333,-0.0287791702531868,2.1147098520377,1,-0.0552479252235566,1.52144739756572,1.1545493048382,2,2,3
"Same margins","typical",2,9858,0.677967352414727,0,-0.338242620589211,3.3601908621849,1,1.2950954437056,-1.97216260451812,0.0680826041032087,3,1,2
"Same margins","typical",2,46423,0.743195358383086,0.106666666666667,-0.00943689600436315,2.85050297193426,1,1.1928424035612,-0.498721443554986,-0.615632176957174,2,2,1
"Same margins","typical",2,27106,0.747582568389941,0.28,0.0710188319304712,4.25452154346973,1,-1.01131782853697,0.477255515525243,1.15871870662205,1,1,1
"Same margins","typical",2,46869,0.738394845560791,0.64,-0.0709011471045735,1.2945113754386,1,-0.306086568565749,0.319301078087203,1.07454789556893,1,1,2
"Same margins","typical",2,17727,0.720074289994117,0.36,-0.150603272011389,3.25427829624171,1,-0.948498459888511,0.399866323865453,-1.52349464319973,1,1,1
"Same margins","typical",2,2996,0.700332123798631,0.36,-0.223979615880717,4.04794030516142,1,1.17154169528141,0.365152209994205,0.211171205441752,3,2,3
"Same margins","typical",2,32745,0.771144722493893,0.293333333333333,0.145857387394412,1.25740980529051,1,0.611074528792317,0.701616907145893,0.724590331944863,3,2,2
"Same margins","typical",2,24474,0.738421930376153,0.506666666666667,-0.0207870783123538,3.39624709905074,1,-0.698969406430727,0.547165966271852,0.499403970187137,1,2,1
"Same margins","typical",2,30004,0.753242101033757,0.773333333333333,0.0854329277225947,4.13470469976425,1,-0.474049649810884,-0.684880812550877,0.145897818293949,2,1,1
"Same margins","typical",2,29510,0.722713532560196,0.76,-0.145663844578796,2.59767269477461,1,-1.06704833819317,0.317808187197084,-0.271237765275646,1,2,1
"Same margins","typical",2,39397,0.714781105135313,0.64,-0.202720673592029,2.13364737175797,1,-0.316963031005557,-0.0137166943382728,0.598888072185053,2,1,1
"Same margins","typical",2,23418,0.743897875060503,0.853333333333333,0.0310926822232869,4.04574985768202,1,-1.11138468492579,0.207817863447585,0.166303621929543,1,1,1
"Same margins","typical",2,7980,0.750904857996126,0.64,-0.00158139478842712,0.963641394478336,1,-0.158830864148458,-0.835803778282013,-0.423415295966499,1,1,2
"Same margins","typical",2,40126,0.782705601595368,0.08,0.194417942359297,0.160419879771581,1,0.0742460579476799,-0.749223518988933,0.326049320285004,3,1,3
"Same margins","typical",2,12690,0.712051557453038,0.08,-0.15246599237769,1.78770634811372,0,1.13471081756601,2.14382764979727,1.13680844272272,3,3,2
"Same margins","typical",2,4036,0.738035646463012,0,0.0278036236934094,5.59654432849954,1,-1.63472204023871,-1.54355979042247,0.81653645595158,1,1,3
"Same margins","typical",2,3624,0.752338702201632,0.6,0.0189523998236405,1.1770810096862,1,-0.479368360530653,-0.752330228139572,0.0187728430065117,2,1,2
"Same margins","typical",2,25713,0.766434071823628,1,0.198674081651221,4.97109588936481,1,-1.09230695183638,-0.418920343846,-0.94996223937801,1,1,1
"Same margins","typical",2,41109,0.674494938359039,0.573333333333333,-0.488789821967605,0.0996262643277446,1,0.417870503640597,0.356827203795556,0.489061393193299,2,1,1
"Same margins","typical",2,17734,0.726819637953947,0.106666666666667,-0.112537217073857,2.50010688989672,1,-0.264232219206145,0.576965297408602,-0.0483475734716416,1,3,1
"Same margins","typical",2,36942,0.774960247415579,0.0133333333333333,0.162717516333124,0.141423071189264,1,1.30991513763617,0.8168609245817,-0.715187552405278,2,3,2
"Same margins","typical",2,14403,0.75299132656012,0.626666666666667,0.0932827898530961,4.23287283435349,1,0.458824554499674,1.01359550463826,-0.549921684648724,1,2,1
"Same margins","typical",2,3649,0.71987328656038,0.253333333333333,-0.127378853766435,2.85383253160295,1,1.79774003555025,0.4694187939678,0.707757034287748,3,3,3
"Same margins","typical",2,20129,0.727828957120295,0.76,-0.103237475887167,2.9741218949616,1,-0.882678234021516,-0.230196506109883,-0.164326746465539,2,1,1
"Same margins","typical",2,14615,0.743645004762669,0.533333333333333,-0.0165024081221992,2.6875194512582,1,-1.15351580182619,-0.502233296514438,-0.617617248484814,1,1,2
"Same margins","typical",2,22095,0.753443157607436,0.333333333333333,0.092489695388553,4.19198466527394,1,0.95661681705759,0.28192692749734,0.598521705334877,2,1,1
"Same margins","typical",2,34891,0.701933623442769,0.0666666666666667,-0.270105551403709,2.24732608385824,1,-1.43220133785746,0.264472146663847,1.56624938094994,1,1,1
"Same margins","typical",2,29533,0.728201595486571,0.586666666666667,-0.0794642058242578,3.80254175154559,1,0.514019100314504,0.0473650718944816,0.716837293434506,1,2,2
"Same margins","typical",2,49238,0.752045531935665,0.84,0.0879230798466297,4.21394405447877,1,0.202461803467881,-0.0442739111606451,0.0475619457899095,1,1,1
"Same margins","typical",2,42389,0.745730812113486,0.533333333333333,0.0245817938506656,3.5878642598061,1,0.576663091376978,-0.0474813708189255,-1.5241092404318,1,2,1
"Same margins","typical",2,4058,0.751388494396284,0.453333333333333,0.030830725186282,1.98354345444313,1,0.163292040257989,-0.0571236949000849,0.343417533869555,2,2,3
"Same margins","typical",2,11387,0.693731331760264,0.906666666666667,-0.372096308888989,0.72669129344573,1,-0.456710748463339,0.0944230175699682,-0.999880017794086,1,2,1
"Same margins","typical",2,31552,0.782137238467188,0.56,0.218122627291078,0.591426399531159,1,1.95560397601872,1.72444744469355,1.19560619648814,3,3,3
"Same margins","typical",2,10387,0.747330471869365,0.386666666666667,-0.00383277804956683,0.97269203960205,1,0.44433321706874,1.34753525975302,1.69377175722617,2,2,3
"Same margins","typical",2,26939,0.72771790999373,0.6,-0.0772745533549557,4.54305982712183,1,-0.176131934127442,0.122448939895918,1.01208668331386,1,2,2
"Same margins","typical",2,26749,0.742332026481523,0.36,-0.0254097762545127,2.26808101840208,1,-0.423636865071634,0.914444988326927,0.86338502398696,1,2,3
"Same margins","typical",2,4888,0.74215962246747,0.72,-0.00937220554972651,3.18689654153417,1,0.771331811107835,1.31535545831043,0.884547904587714,2,2,2
"Same margins","typical",2,15391,0.748116268064386,0.173333333333333,0.0112811843066518,0.811494406254159,1,0.859940026862717,1.88051663406394,1.73055324762504,2,3,3
"Same margins","typical",2,39472,0.775860995385501,0.706666666666667,0.271073414218834,5.56553569520637,1,0.0812983420223028,-0.158390557708632,0.415023378768265,2,1,1
"Same margins","typical",2,34816,0.751288618115887,0.4,0.0395074505716912,2.08587032286081,1,1.34533947410263,0.593161935442057,0.447065413961641,3,2,3
"Same margins","typical",2,31881,0.757612497058545,0.2,0.0647920349171691,0.97147075335042,1,-0.680796691419991,-1.28422788560883,1.29341008793818,1,1,2
"Same margins","typical",2,9151,0.747058123894358,0.6,-0.0233047322424345,0.782389666207214,1,-1.24122647662312,-1.05380609579177,0.239505115606675,1,1,2
"Same margins","typical",2,4774,0.732449048714765,0.866666666666667,-0.0869709995982424,2.80577233002025,1,-0.725123888337135,-1.61883173800824,-1.62010955499218,1,1,1
"Same margins","typical",2,30520,0.770270261930597,0.56,0.200846439450075,1.74009124717516,0,0.487045220601078,0.682958669537158,-0.320890548248865,2,2,1
"Same margins","typical",2,36768,0.749447907852956,0,0.0686093748294887,3.97597473222065,1,0.608475263776749,1.50353526120238,0.477859743126193,1,1,3
"Same margins","typical",2,49626,0.741005135839929,0,0.136858084469899,6,0,-0.320941188191857,-2.14600805919756,-1.29345877654243,2,2,1
"Same margins","typical",2,19971,0.7524995453436,0.72,0.0206564359417827,1.24313959974932,1,0.605396673853428,0.0157209238729011,0.648688078049561,2,1,2
"Same margins","typical",2,38549,0.768981115096357,0.413333333333333,0.230280986340351,5.16909497847596,1,-1.76215254339526,0.06593884762085,-0.374502012899244,1,2,1
"Same margins","typical",2,42063,0.781183749016447,0.08,0.230331988639363,1.18236710357115,1,1.94279758978329,-0.134444969543337,-0.143083740023121,3,2,2
"Same margins","typical",2,5532,0.742276110536426,0.613333333333333,-0.00818585808595174,0.705083137432558,0,-0.53850673751769,-0.936435756909407,0.688586992724491,1,1,2
"Same margins","typical",2,44580,0.743164723077771,0.453333333333333,0.0254581628156436,3.81875521946,1,-1.41130939743601,-0.580920620459964,0.87265425224776,1,1,1
"Same margins","typical",2,13674,0.721748908897738,0.453333333333333,-0.170660210012416,1.92585374719455,1,-0.626983150698555,-1.56510603010537,-1.65328538566333,2,1,1
"Same margins","typical",2,49588,0.772254271971152,0,0.396468150446207,6,0,1.72816358303871,-1.68273065621033,-1.19117900032523,1,1,1
"Same margins","typical",2,20871,0.81019888143869,0.573333333333333,0.557152180730509,4.7285890710568,0,-0.179524218867418,0.406204713097054,-0.210302479043504,2,2,1
"Same margins","typical",2,13494,0.754336772002135,0.106666666666667,0.0669720190676317,1.87889191891,1,1.39353626263078,0.372346806072631,0.428104286166634,3,3,2
"Same margins","typical",2,4013,0.738477044122605,0.56,-0.034483920844794,3.01985676470054,1,-0.531404878414521,-1.18830304356005,0.147925282353356,2,1,1
"Same margins","typical",2,16690,0.743554720264699,0,0.0121485289437948,3.26406782799224,1,0.227835501367171,-0.573669110672706,-0.639468519542805,2,3,1
"Same margins","typical",2,9829,0.746185833040827,0.653333333333333,-0.0168001014640167,1.59501695232525,1,0.331762927961275,-0.0796353930534972,0.417443071640629,1,1,2
"Same margins","typical",2,5663,0.728156481561406,0.773333333333333,-0.127059450655029,2.09698336771632,1,-0.46746349488526,-0.840794866317983,-1.45804312737747,1,2,1
"Same margins","typical",2,15534,0.706975640273394,0.0666666666666667,-0.276421541014167,0.775963649199303,1,1.26799724628277,1.26584022014157,-0.612621758849497,2,3,1
"Same margins","typical",2,17763,0.709535801043889,0.28,-0.177362557019578,3.21165463455328,1,0.300461117670166,-0.0367962976432224,1.23409580972854,3,2,2
"Same margins","typical",2,34908,0.739477722878907,0.72,-0.027285948300964,3.28831423071058,1,0.403874066952219,-0.272768142730734,-0.661096407116294,2,1,1
"Same margins","typical",2,4235,0.749048984347167,0.773333333333333,0.0187553926821589,2.25669065655842,1,0.126476625781423,-0.133243960861818,0.199562460042824,1,2,2
"Same margins","typical",2,7198,0.706895937112229,0.533333333333333,-0.288307126696242,0.479059289534904,1,0.675673242125596,-0.122512910614672,-1.01868582614796,1,2,1
"Same margins","typical",2,1982,0.689749404704577,0.866666666666667,-0.376304969916268,1.74130622401296,1,-1.31683943308782,0.0306040002927142,-0.0371624945976887,1,1,1
"Same margins","typical",2,46953,0.748342557029591,0.773333333333333,0.0530954570668554,3.95938510406281,1,-1.28909099254045,0.055824722532491,-0.626488342410235,1,2,1
"Same margins","typical",2,12640,0.703553722906926,0.76,-0.30193934105186,0.93918205735081,1,0.120559407909104,-1.16838775228411,-0.986632553857283,1,1,1
"Same margins","typical",2,10112,0.744597866602724,0.253333333333333,0.055742522606478,5.24122594552845,1,0.295710561294666,0.0114162370002284,0.329369972050079,2,1,3
"Same margins","typical",2,31213,0.744051704135614,0.253333333333333,0.0187303853161369,3.52635793877335,1,0.195357697603937,0.653786199586472,1.94485677175974,1,1,2
"Same margins","typical",2,38766,0.753942470913757,0.84,0.101042692920852,4.26770876493464,1,-0.079693252759442,-0.569752705959529,0.223290216046525,1,1,1
"Same margins","typical",2,3654,0.740187890035363,0.333333333333333,-0.0149788345762731,3.30788007792419,1,-0.474579309931136,-0.954928352457362,1.27125067258903,1,1,2
"Same margins","typical",2,41734,0.711740032135631,0.36,-0.0635158073756239,6,0,-1.36956049965891,-1.62451968516913,-0.110236887124442,1,1,2
"Same margins","typical",2,6088,0.744368046592055,0.853333333333333,-0.00164702665493799,2.84247973862269,1,0.486557377722362,0.653026625256141,0.169008252394958,1,2,2
"Same margins","typical",2,41367,0.74183796203012,0.36,-0.0384693286848963,1.84262144149287,1,-0.505409719006269,0.605071111200693,0.12143361353939,1,2,3
"Same margins","typical",2,47507,0.692044508873049,0.76,-0.373757511243599,0.626353333048722,1,0.314417261696945,-0.113024349997057,0.128136451384452,2,1,1
"Same margins","typical",2,20669,0.742546267363367,0.64,-0.00805385274793391,3.03989903586088,1,0.135054195703823,-0.612087794648843,0.0474183506233087,2,1,2
"Same margins","typical",2,44539,0.756051306593012,0.253333333333333,0.0562014687113956,1.72850096812418,1,1.38755229073769,1.7952780573591,1.4215420242242,3,2,3
"Same margins","typical",2,18743,0.770058068866066,0.453333333333333,0.143174180152127,1.34647971924504,1,0.870281084078232,0.141187629431106,0.324177129641061,3,2,3
"Same margins","typical",2,18258,0.748749552878483,0.586666666666667,-0.0220909033452632,0.699137763310272,1,-0.0495332061722376,-0.663123361724245,-0.627503168954306,1,1,2
"Same margins","typical",2,47471,0.776902667012981,0.0666666666666667,0.414295266625624,6,0,-0.0679950147394731,0.612208136379589,-0.110873521296826,2,1,3
"Same margins","typical",2,24301,0.735084873932846,0.0666666666666667,-0.0373242859099787,3.16297346581057,1,1.3808725199344,1.41440638604291,-0.768574920738429,1,3,1
"Same margins","typical",2,15385,0.688699561257627,1,-0.395349176839981,1.30375630175207,1,-0.842904002589587,-0.419138635496258,-0.773358301143973,1,1,1
"Same margins","typical",2,24035,0.74743197160204,0.64,0.0357425133274507,4.10915594301796,1,-1.02967566634352,-0.405711494142713,0.795105649854505,1,1,2
"Same margins","typical",2,26803,0.753014535180542,0,0.104985357199801,4.66638274991737,1,-0.309885378894442,1.2040491418944,2.44920279600401,2,1,3
"Same margins","typical",2,49088,0.739907953396115,0.266666666666667,-0.0248112557663034,3.0839481894134,1,1.44299295238101,0.916713668846653,1.46452061935106,2,2,3
"Same margins","typical",2,26989,0.722504717740322,0,-0.142184186070221,2.12108188944489,1,-2.03476843406437,-0.898492775204558,0.48746202629128,1,2,1
"Same margins","typical",2,24730,0.728722379806471,0.76,-0.109148820816891,2.40016651095776,1,-0.427347771343559,-1.51187857361694,-0.331302149055485,1,1,1
"Same margins","typical",2,26135,0.731851355820804,0.533333333333333,-0.0898452083697485,2.592996921686,1,0.774508757506816,-0.437915830059545,-0.33631084166137,2,1,1
"Same margins","typical",2,22150,0.720894742283999,0.32,-0.105943468575065,4.06190810386648,1,1.13793196323532,1.52994718926322,1.18151547899122,3,2,3
"Same margins","typical",2,22005,0.729846343175546,0.586666666666667,-0.0314437821900864,5.17419039202013,1,0.191078596454303,-0.48746690227407,-0.295812788078639,2,1,2
"Same margins","typical",2,21532,0.742719808460834,0.72,0.00778677223810131,3.68164074481869,1,-0.0205251948468302,-0.0687781180757948,0.169768054444261,2,1,2
"Same margins","typical",2,15980,0.750002696678768,0.24,0.0253144720618077,2.00846675839247,1,0.156186952584151,-1.14550489213702,-0.978759076501377,2,1,2
"Same margins","typical",2,18390,0.774328650836003,0.106666666666667,0.176739843242018,0.941398618539731,1,1.17984835853693,-0.663147042180331,-0.271154140359298,1,2,2
"Same margins","typical",2,31097,0.766563769702168,0.613333333333333,0.202483096444394,5.39131592130261,1,-0.173946425895294,-0.592053400349282,-0.395633197397318,1,2,1
"Same margins","typical",2,38802,0.740558487194954,0.213333333333333,0.00709876361551665,4.06130382153282,1,-0.442499798684841,1.28644572686165,1.52777980654055,2,2,2
"Same margins","typical",2,43109,0.747641236615569,0.84,0.0452320037093576,4.491026119446,1,-0.242621081799411,-0.0578161512733674,0.576476622527695,1,1,2
"Same margins","typical",2,20831,0.786029545311687,0.213333333333333,0.221288621104055,0.51732148567928,1,0.455378225419264,-0.498360483106286,0.624365211018352,3,1,2
"Same margins","typical",2,49635,0.749315434299329,0.24,0.0460438570706172,3.78707978152752,1,1.00118351688833,-0.175198253097992,-0.294619701659064,2,2,1
"Same margins","typical",2,44830,0.722073700197638,0.56,-0.142930611606151,2.77208626998776,1,-0.196890496231641,0.498303226039437,0.544041094033319,2,1,1
"Same margins","typical",2,18627,0.730357253926923,0.226666666666667,-0.0826373346887506,3.35789277392005,1,0.766717553661492,-0.289679669596978,0.794549008846914,2,2,3
"Same margins","typical",2,7816,0.744505857515409,0.36,-0.00497771669473135,2.9170835986451,1,-0.166003369388117,-0.0320736651810473,-0.88113149961628,1,1,2
"Same margins","typical",2,38436,0.751227978560662,0.333333333333333,0.0711057396231203,4.07396939296105,1,-1.17679484596003,0.191317675549489,-0.319660256598197,1,1,2
"Same margins","typical",2,2455,0.751864515994826,0.36,0.0802773539189294,4.19528413288028,1,0.0252548819350281,-0.943042742941338,-0.562306046463551,1,2,1
"Same margins","typical",2,43163,0.738013757569093,0.866666666666667,-0.023326557879447,3.59554387171319,1,-0.0596149779451242,0.179695293972,-0.248858404576137,1,1,1
"Same margins","typical",2,4822,0.832866172891514,0.96,0.78159012784278,6,0,-0.399558234227929,-1.03892617725794,-0.399912820995834,1,1,1
"Same margins","typical",2,13315,0.73226503303132,0.04,-0.11096900569825,1.0842947540766,1,0.543777522653706,0.462821813284743,0.359802926675892,1,1,3
"Same margins","typical",2,33702,0.781357632776999,0.453333333333333,0.215371829165315,0.619185448994291,1,0.85461326116201,1.14412465720191,1.33825959117128,3,3,3
"Same margins","typical",2,7381,0.75290204097867,0.866666666666667,0.00587566590552968,0.389477632074077,1,0.110992392935694,0.597616551078424,-0.116560041517417,1,2,2
"Same margins","typical",2,21977,0.787687347258398,0.0133333333333333,0.274850881912492,0.629352930168405,1,0.94545155307107,-0.449687277673102,1.57733404162055,2,2,2
"Same margins","typical",2,32773,0.755380912145459,0.413333333333333,0.0445284621075035,0.775438642570684,1,-0.509006053562055,0.329346959410622,1.33711125431565,1,2,2
"Same margins","typical",2,37294,0.737202254243701,0.186666666666667,-0.0924919617174933,1.16059003440255,1,0.484775031862354,-1.02912420872347,-0.515785435202474,3,1,1
"Same margins","typical",2,21726,0.848661766835088,0.6,0.949198836134624,6,0,-0.953966536474777,-1.09091707928964,-2.35206916435298,1,1,1
"Same margins","typical",2,43755,0.718021180387294,0.106666666666667,-0.211465727634429,1.22377693235724,1,-0.754458265086463,1.20623396169997,0.359683201192417,1,1,2
"Same margins","typical",2,33381,0.687815973816325,0.773333333333333,-0.416493003496842,0.0916131597930665,1,-0.598664853173258,-1.70633825057377,-1.688936024397,1,1,1
"Same margins","typical",2,23847,0.74718559997791,0.56,0.00740787940211618,2.36887605125983,1,0.592809326436284,-0.351915182300567,-0.143227956103107,2,1,2
"Same margins","typical",2,12373,0.73121814141192,0.52,-0.0861078303662794,3.11279634063752,1,-1.2973798750423,-1.46188729091512,-2.53200604844378,1,1,1
"Same margins","typical",2,327,0.755150146190658,0.453333333333333,0.0397265186295608,1.05718408092904,1,1.07215421601982,0.79494267429665,0.194296563792147,2,2,3
"Same margins","typical",2,13672,0.738684915549828,0.986666666666667,-0.026283338703684,3.40959981958986,1,-0.811798744866029,-0.801379072061763,-0.21259383510809,1,1,1
"Same margins","typical",2,44327,0.743958539228527,0.76,0.0326027702317724,4.82483604091683,1,-0.332421139185415,-0.618179131558442,-0.345676491099027,1,1,2
"Same margins","typical",2,38949,0.686275876293141,0.626666666666667,-0.419884108962266,0.362511144813672,1,0.529394353064239,-0.150526894107162,-0.671571205155597,2,1,1
"Same margins","typical",2,37810,0.735129634749251,0.866666666666667,-0.058481976841914,3.05233761332251,1,-0.119817624628505,0.353068178517318,-0.57556947020066,1,2,1
"Same margins","typical",2,8236,0.764292366230862,0.0666666666666667,0.114570447116412,0.873977679561659,1,0.699191215240002,1.11244966498977,1.44708991865399,2,3,2
"Same margins","typical",2,8605,0.745325802032986,0.56,0.00201322480616684,2.98964652081744,1,0.119816943571598,-0.433637168261718,-0.60238595238952,1,1,2
"Same margins","typical",2,38620,0.746751519657034,0.28,0.0243608208734001,3.47910566416098,1,-1.27976459772613,0.513410041496127,0.732945151136769,1,1,2
"Same margins","typical",2,46671,0.720941086927982,0.866666666666667,-0.156606614373107,2.66514719805533,1,-1.85149848785433,-1.14517323793182,-0.504215243760177,1,1,1
"Same margins","typical",2,28474,0.710610855568913,0.253333333333333,-0.244469576043134,1.92810547095715,1,0.664730533813931,-0.383800619618003,-1.73907278659884,1,1,1
"Same margins","typical",2,41884,0.724140295372955,0.84,-0.0742468052114553,5.81605454719536,1,0.246909356352154,0.559463509650028,0.744611900398613,1,2,2
"Same margins","typical",2,11292,0.725133261862356,0.186666666666667,-0.0297564644866286,5.91950836825066,1,1.05061033033817,1.40036664372582,-0.214871027220241,1,3,2
"Same margins","typical",2,39229,0.746888541764287,0.52,-0.00115232633281726,1.91302723990297,1,1.0295773734534,1.43067856348292,0.923537299471197,2,2,3
"Same margins","typical",2,9318,0.76120624140459,0.56,0.148641851875394,4.64918453590964,1,0.785812652269555,-0.248861403332851,-0.377376648609174,2,1,1
"Same margins","typical",2,3107,0.786152902313533,0.106666666666667,0.238993602385106,0.936432335171991,1,1.57015009612871,0.277003892147602,-0.358374039018745,3,2,2
"Same margins","typical",2,20706,0.737658050854061,0.586666666666667,-0.030892977521356,4.03344820275219,1,0.577137796135087,0.792029624727782,1.0784833792215,2,2,3
"Same margins","typical",2,27897,0.865260038548155,0.64,1.07407211764359,6,0,-2.1447202916521,-0.470173904910814,-0.421746329979071,1,1,1
"Same margins","typical",2,38328,0.779366660755443,0.64,0.202908830437698,0.943900170233709,1,0.869440102238996,0.473260626224431,1.5530069182283,3,2,3
"Same margins","typical",2,27466,0.744410878920563,0.08,-0.00424269096612129,2.08431120770229,1,0.870775047580483,1.301985760597,0.289223336468994,1,3,3
"Same margins","typical",2,29748,0.760610603673567,0.186666666666667,0.0871656357984176,1.19173150741592,1,1.13054031575812,1.10062136947685,0.34650352240392,2,3,2
"Same margins","typical",2,23385,0.758501634859247,0.36,0.0694206459721676,1.29519927997171,1,0.0108053974390452,-0.255148502246874,0.230349094553241,2,2,3
"Same margins","typical",2,7592,0.770258736581224,0,0.139685023869845,0.158210634972291,1,1.70066860805562,-0.45867508927107,0.793329465794779,2,1,3
"Same margins","typical",2,19075,0.865738047247338,0.84,1.08513285950713,6,0,-1.82595232002687,-0.420785701821067,-1.07682536998622,1,1,1
"Same margins","typical",2,40278,0.777711633589892,0.853333333333333,0.290237083149378,5.66165073226792,1,-0.151594011112202,-0.483451696870182,-0.767039903551335,2,1,1
"Same margins","typical",2,11723,0.741422826850974,0.453333333333333,-0.0493790534834768,1.85991862184856,1,0.242305849282121,0.197962398830665,-0.47187523438211,1,1,2
"Same margins","typical",2,7577,0.746638336082568,0.6,0.146179323886124,6,0,-1.01228689964757,-0.462909511333311,0.955833942999946,1,1,2
"Same margins","typical",2,23737,0.703151864132588,0.106666666666667,-0.131001082913492,6,0,1.12748592989883,-0.230918938496356,0.713530150904945,2,1,3
"Same margins","typical",2,46170,0.749407161626757,0.6,0.0152601710800793,1.96098386764171,1,0.406763558881169,0.572276016493126,0.466517981830172,2,2,3
"Same margins","typical",2,22188,0.749137588794328,0.76,-0.00523562162939473,0.897922703439287,1,-0.36715227432782,-0.579420512802544,0.708652063505341,1,1,2
"Same margins","typical",2,9818,0.743369693037331,0.866666666666667,-0.00554391703332696,0.434916081243375,0,-0.123985365655619,0.43144870737263,0.374250178116958,1,2,2
"Same margins","typical",2,21903,0.774970024201312,0.56,0.289073292415948,5.86314288343762,1,0.282645758141571,-0.887559752752721,0.0234563901568093,1,1,1
"Same margins","typical",2,36201,0.735371708817335,0,-0.101498866752989,0.28720888557836,1,-0.256035882763408,0.368924201802919,0.748800117739744,3,3,1
"Same margins","typical",2,5511,0.754860287106848,0.56,0.0937523066452997,4.20090869214438,1,0.104055648308887,0.464576057872698,0.00331739454325772,2,2,1
"Same margins","typical",2,15554,0.737109170617496,0.76,-0.086970510602344,1.28974039403644,1,-0.38756262301982,0.168148303300967,0.156170363750458,1,1,2
"Same margins","typical",2,28733,0.72949493020964,0.2,-0.0679273456770786,3.65743401278098,1,1.6033430257906,1.50776120851193,0.838336199056067,2,3,2
"Same margins","typical",2,49584,0.705976168940026,0.533333333333333,-0.264186737339223,2.35676053930616,1,-2.3710410962233,-1.07015583664413,-1.61204570881315,1,1,1
"Same margins","typical",2,30054,0.752491343741366,0.626666666666667,0.0498291623288902,2.00680949220957,1,1.21954250295445,0.496006165849599,1.31490828023359,3,2,3
"Same margins","typical",2,42222,0.748109023455568,0.106666666666667,-0.00201075968085185,1.78565354744629,1,1.23727253484835,-0.285720216507795,-0.51318500881444,3,2,1
"Same margins","typical",2,28422,0.677298028896918,1,-0.474154742620072,0.63365976654691,1,-0.947570443814713,-0.601750763928327,-0.452410253210641,1,1,1
"Same margins","typical",2,36047,0.752350532850057,0.706666666666667,0.0127856737157859,0.874870394852125,1,-0.260457579849783,-0.491457682622939,0.170644037271321,2,1,2
"Same margins","typical",2,46129,0.773937607460985,0.84,0.150122484019228,0.0244039253930351,1,0.769744184616609,0.542231172943859,0.367301274125644,2,2,2
"Same margins","typical",2,26503,0.747695564417051,0.36,-0.00167132048231089,1.60402236797165,1,0.707512217704835,1.2451630011481,-0.498875251138341,2,2,2
"Same margins","typical",2,36191,0.747005429207988,0.773333333333333,0.0170211682230228,3.37988544359468,1,-0.679755733145541,-0.0189974768214635,0.544689945750942,1,1,2
"Same margins","typical",2,7166,0.746358831683704,0.333333333333333,0.00219460373560931,2.46490200397931,1,-0.124648697708104,-0.0880084221173129,-0.287580967935602,1,2,3
"Same margins","typical",2,39153,0.738167437344984,0.56,-0.0260247343544204,2.76459469395232,1,1.68021877136776,2.16060075018349,1.98874197150793,3,3,3
"Same margins","typical",2,6507,0.85094832680451,0.253333333333333,0.958089958976331,6,0,0.832055093821505,0.899615070115707,-0.41251427944283,2,1,1
"Same margins","typical",2,39028,0.762279843367251,0.733333333333333,0.131604083091845,0.765620381571352,0,-2.11871295268859,-1.02874311458009,-1.49310993653116,1,1,1
"Same margins","typical",2,27338,0.730800376693817,0.0266666666666667,-0.116377211596363,1.62911300802127,1,-0.321273249082536,0.663802258455366,0.536206691380938,3,2,1
"Same margins","typical",2,28104,0.647842527581423,0.253333333333333,-0.675375567567728,0.509028048728758,1,-0.0703874939916487,1.01913171284751,-0.978470701848863,1,1,1
"Same margins","typical",2,26064,0.741778051270287,0.08,-0.00762801677392888,2.84919808126416,1,0.452318970655328,0.801603558124651,0.813514420464618,2,3,3
"Same margins","typical",2,45799,0.795737256356451,0.08,0.520176161797666,6,0,-1.49486120870985,-2.85551626124403,-0.643657434277716,1,1,1
"Same margins","typical",2,7106,0.774330500869916,0.426666666666667,0.185950799835883,1.22008749120459,1,1.75836890382638,0.66605697820337,1.84901666664804,3,2,3
"Same margins","typical",2,32405,0.781429270998258,0.2,0.21009016486574,0.093600844438854,1,0.690828800012972,-0.509495937411205,-0.164905785445298,2,2,3
"Same margins","typical",2,39568,0.749876000245298,0.8,-0.017090636070058,0.411773448797449,1,-0.0308813296143496,0.58271057618071,-0.47492026223,1,2,2
"Same margins","typical",2,40807,0.735306759707687,0,-0.0247015925978231,2.46868751348173,1,-0.371574513957801,0.0388309737598229,0.291078683046897,3,3,2
"Same margins","typical",2,23723,0.789005659657539,0.186666666666667,0.252011161825948,0.142013577424395,1,1.82904187194841,2.28001504623903,1.43082779002365,3,3,2
"Same margins","typical",2,30242,0.728495634353357,0.76,-0.0681398001420312,4.0609545157106,1,0.59587604205545,0.450240022108735,-0.175558127150282,2,2,2
"Same margins","typical",2,11043,0.757362866197777,0.16,0.0603860831367986,0.173278508427945,1,1.80319123810339,1.76769896440125,0.628191371686072,2,3,3
"Same margins","typical",2,29398,0.749683900657296,0,0.0822364959574742,4.33859969763238,1,1.55303830417299,0.340679860138149,-0.934571416186823,2,3,1
"Same margins","typical",2,25674,0.752291368688208,0,0.0257880675324116,1.45741172045892,1,1.12643636113213,1.2598114959447,1.79941541746336,3,1,3
"Same margins","typical",2,18673,0.752510286253404,0.853333333333333,0.0158522178367844,0.954038525744233,1,-0.432892666831334,0.298706878699815,0.276174920027283,1,2,2
"Same margins","typical",2,1825,0.743720389706984,0.68,0.000200899603078231,3.28345126204002,1,-0.88577247138623,0.19083081694545,0.221322228547381,1,2,2
"Same margins","typical",2,13271,0.76862485314349,0.08,0.135186632243691,1.38424773286343,1,1.31208626175536,-0.378559578438958,0.348206080205738,3,1,2
"Same margins","typical",2,12781,0.755712027464181,0.106666666666667,0.0663146457742954,1.81828367965318,1,-0.343177002860938,-0.76249293795387,0.646330024179149,3,1,2
"Same margins","typical",2,32757,0.76130172936826,0.0666666666666667,0.0742688111404637,0.943247211083507,1,-1.42594893734694,-2.44318096912687,-0.889566948762847,1,1,2
"Same margins","typical",2,29316,0.720427197748945,0.253333333333333,-0.154964819819134,2.41051272423734,1,0.997238745340004,0.061661351820861,-0.0257746755346233,1,1,1
"Same margins","typical",2,1613,0.746643965039235,0.0666666666666667,0.0200123696248329,0.40551550731481,0,1.24149091807718,-0.513960106675867,-0.183698725530282,3,1,1
"Same margins","typical",2,19906,0.739118303065043,0.76,-0.00390040767090039,3.86853384099268,1,-1.81786388446878,-0.201306380356361,-0.129972530624396,1,1,1
"Same margins","typical",2,19155,0.730990248128242,0.2,-0.118701119788391,1.21686891292661,1,-0.339066264723679,0.147062238613499,0.449546937603702,1,1,3
"Same margins","typical",2,44945,0.687718780703524,0.72,-0.40481506920507,0.383405888204003,1,-0.770698909755485,0.141525509765862,0.0531446044939402,1,2,1
"Same margins","typical",2,4748,0.85188092420173,0.853333333333333,0.957077815807599,6,0,0.193800498262351,0.156866822853891,-0.480876138226839,1,1,1
"Same margins","typical",2,37849,0.845305679415142,1,0.885730598764924,6,0,-1.0893047588088,-1.11475325796085,-1.06761265036857,1,1,1
"Same margins","typical",2,3657,0.751715436262813,0.64,0.0724625702345127,4.09477812190201,1,-0.80696310902033,-1.39812139363866,-2.24132424325576,1,1,1
"Same margins","typical",2,17166,0.709562231557712,0.84,-0.255769994656494,1.25422417088397,1,-0.333520561431803,-0.937251308133881,-0.32059212417567,2,1,1
"Same margins","typical",2,16494,0.807472688555229,0.0666666666666667,0.403580727166144,0.40391022617816,1,2.92963304719689,0.865117695439523,0.945151504005428,3,3,3
"Same margins","typical",2,13112,0.723207857382867,0.453333333333333,-0.0945551366238329,3.76373759268286,1,1.20641325159441,1.94852974199553,1.35162149894397,3,3,3
"Same margins","typical",2,30430,0.744427998265797,0.56,-0.000137285353939198,2.82101945298363,1,0.214091062434243,1.36590680753504,1.15058677770944,2,2,2
"Same margins","typical",2,46655,0.83511931034258,0.866666666666667,0.8060054695279,6,0,-0.191785716114031,0.14660186784004,-1.38934575448068,1,2,1
"Same margins","typical",2,46244,0.744062933585526,0.306666666666667,-0.0349304332070881,1.11574951734797,1,0.992089269060015,0.461395222038439,0.580555064243067,1,1,2
"Same margins","typical",2,41502,0.818798837925005,0.56,0.653223397823808,6,0,-0.877646859848919,-0.520906559009196,-0.012413352418447,1,2,1
"Same margins","typical",2,31952,0.763601331911465,0.586666666666667,0.104143772221621,1.43649367646057,1,0.626097710224566,-0.194155261253956,0.270413552229968,2,2,2
"Same margins","typical",2,35892,0.732375118872401,0.266666666666667,-0.101456133148168,1.60048915694469,1,0.288168445375404,-0.590385430861583,-0.311385365882022,2,2,1
"Same margins","typical",2,14086,0.706181591211758,0,-0.247511933658722,1.58716400626139,1,-1.70680388413381,-1.16809242044809,1.6155527935404,1,1,1
"Same margins","typical",2,26907,0.674923986844081,0.64,-0.489101094054846,0.0456951792761698,1,0.31209587507078,-0.189636253496251,0.217938255181409,1,1,1
"Same margins","typical",2,31433,0.747655654833313,0.56,-0.0144644774963336,1.19204521711464,1,-1.14541066707245,0.0230002918125582,-0.361129538907721,1,2,2
"Same margins","typical",2,7305,0.741125466121443,0,-0.0438063531394701,1.68828591960052,1,0.558490555617899,-1.74118836329203,-2.36933706340776,2,2,1
"Same margins","typical",2,48741,0.753513833810725,0.866666666666667,0.0870226671241552,4.15309371914896,1,-1.47277048730356,-1.78811733414039,-0.793258299303866,1,1,1
"Same margins","typical",2,38635,0.719776297644635,0.2,-0.21632617077108,0.580863489847412,1,0.273686296930244,-0.270013342006529,-0.033563045637283,3,1,1
"Same margins","typical",2,26743,0.735011686709079,0,-0.0645044182186885,2.21760595161877,1,1.05904967050297,-0.432398121156575,-1.7349225200121,1,3,1
"Same margins","typical",2,15433,0.785363675364749,0.0133333333333333,0.224458285029931,0.514135742404299,1,1.06967956692617,1.27661974944808,-0.122218300134807,3,3,2
"Same margins","typical",2,26725,0.737119109612635,0.84,-0.0408388893631448,3.25315329119903,1,0.0423192869750615,-0.084428032317299,-0.042108623393414,2,1,1
"Same margins","typical",2,37239,0.725931934146085,0.0133333333333333,-0.0956028658268333,3.33622102615149,1,1.73983793908126,-0.143941208329384,0.0676492655127875,2,2,3
"Same margins","typical",2,47993,0.770934957896435,0.346666666666667,0.142921272782103,0.84820924882081,1,1.12444330510503,1.58486276818533,2.15396334356683,3,2,3
"Same margins","typical",2,31803,0.705542309871765,0.36,-0.282428560474797,1.74302084906925,1,0.446529273845264,-0.405536184624141,-1.77197770741407,1,1,1
"Same margins","typical",2,1809,0.733151111568244,0.16,-0.0130886131613313,4.77075290831102,1,-1.08632276284034,-1.80880031689998,-1.49065480618162,1,1,2
"Same margins","typical",2,25230,0.763504890469337,0.133333333333333,0.104668194388778,1.2532898991241,1,-0.555448035434803,-1.92174743000642,0.00808782780410535,2,1,2
"Same margins","typical",2,13325,0.766922914636425,0.106666666666667,0.0957294836172178,0.387861528680495,1,0.442658262743593,0.322623327138319,1.16787722288437,3,1,3
"Same margins","typical",2,35098,0.733020972964811,0.64,0.0660193851782536,6,0,0.340336070598976,-0.180149068671864,0.210109655910898,1,1,2
"Same margins","typical",2,25135,0.808130926637105,0.0266666666666667,0.392691434070498,0.424773349183267,1,1.02816368081037,0.0493268318658966,0.2094353722225,3,3,2
"Same margins","typical",2,34223,0.74638953697711,0,0.0337440496036698,2.09093420087994,1,2.31328027810771,0.773979088708412,-0.37000831898294,3,2,2
"Same margins","typical",2,24514,0.864935925632629,0.866666666666667,1.0708350306296,6,0,-1.67717213470168,-0.354445478972527,-0.846163063897497,1,1,1
"Same margins","typical",2,36039,0.696179940920049,0.866666666666667,-0.359781064209817,0.562578986877326,1,-0.190769259911059,-0.0930819177579344,-1.28245993141573,1,2,1
"Same margins","typical",2,40068,0.735669232443549,0,-0.0297461125835281,2.9927428137964,1,0.465928744110994,-0.0265125597541305,-0.447203776977885,2,3,3
"Same margins","typical",2,32401,0.716242709594507,0.253333333333333,-0.207756380700866,1.03972605858575,1,0.758166501722572,-0.766232305560823,0.332459571970016,2,1,1
"Same margins","typical",2,42555,0.750036505323518,0.6,0.0218476467287831,2.01116273538061,1,1.31812553738689,1.42652493552568,0.91626239863356,2,2,2
"Same margins","typical",2,24770,0.745399678920574,0.0533333333333333,0.00988789257026057,2.41785205204921,1,1.22386404712452,0.698279613641204,0.593428419454585,2,3,3
"Same margins","typical",2,29885,0.74429706244926,0.72,-0.0039140881013619,0.158248143270612,0,0.95228957982344,1.15692674632478,0.266547330996431,2,2,2
"Same margins","typical",2,38051,0.71233252222742,0.28,-0.249931665107157,0.825906320813775,1,-0.381643231354674,-2.23099260903808,-1.82530056729951,1,1,1
"Same margins","typical",2,23025,0.784391318952552,0.346666666666667,0.246549858563159,0.910421553560882,1,1.12167794639597,0.563022503944956,1.5278477493477,3,3,3
"Same margins","typical",2,24619,0.75325618036137,0.706666666666667,0.0199292112156346,0.9292871233638,1,0.640087056688617,0.0420724746701718,0.507776605406069,2,1,2
"Same margins","typical",2,49546,0.743722559357748,0.266666666666667,0.0044711539690363,3.35380080921398,1,0.0356520089436008,0.214450863069718,-0.524528768882141,1,2,3
"Same margins","typical",2,33053,0.790920480166754,0.0133333333333333,0.439544955980576,6,0,0.656625053132931,0.206243522122373,1.21745204471935,2,2,1
"Same margins","typical",2,2198,0.754073292762108,0.28,0.0693853321188953,1.87421528429367,1,0.488286197976073,-0.430196834970428,0.451825493095998,3,2,2
"Same margins","typical",2,45095,0.74620158617994,0.08,0.0432156984501506,3.73398104236199,1,0.583498429593174,0.672261776172398,0.0170757718987768,1,3,1
"Same margins","typical",2,20165,0.74517531288369,0.346666666666667,0.00133874817898172,2.60396876536771,1,0.86761569399859,0.197076119862265,-0.157289084506938,2,2,3
"Same margins","typical",2,40409,0.762550763949087,0.453333333333333,0.0778495361740414,0.216004374536293,1,-0.653926203432513,-1.43048531047588,0.383556024231419,1,1,2
"Same margins","typical",2,29073,0.745435049845471,0.706666666666667,-0.0282430984819491,1.55675421595283,1,-0.922466167725877,-0.864017765517651,-0.347249136146391,1,1,2
"Same margins","typical",2,48877,0.694433162069657,0.333333333333333,-0.338718977801505,2.22987260078243,1,-2.44618724513052,-0.318858870553685,-0.789285684914313,1,1,1
"Same margins","typical",2,17772,0.777981684599027,0.533333333333333,0.190123037867492,0.667952589727571,1,1.18127025209591,0.11488024499547,0.520605210504204,2,2,2
"Same margins","typical",2,43765,0.732180182194974,0,-0.0154118336517608,4.73551475302068,1,1.09904419358827,1.7763624852655,2.25615723671976,1,3,3
"Same margins","typical",2,1393,0.745997669446059,0.586666666666667,0.00476101491529946,2.53084084225758,1,0.16514465364368,-0.915517406355888,0.232876712947266,2,1,2
"Same margins","typical",2,10431,0.667742851498716,0.866666666666667,-0.533454437704588,0.445555901607236,1,-1.36771777070831,-0.437718813620929,0.176179126002076,1,1,1
"Same margins","typical",2,9873,0.789660474897889,0.346666666666667,0.270583557996521,0.723229358818672,1,0.0536693017512276,-0.585239137586652,0.775771449429103,3,2,3
"Same margins","typical",2,2315,0.725083058579035,0.84,-0.133910763490581,2.64974419460533,1,-0.0898366546476984,-0.224923083003501,-0.735130290465421,2,1,1
"Same margins","typical",2,29468,0.734956930339469,0.56,-0.0499149797630065,3.00520027714443,1,-0.753454019354342,-1.25118959924771,0.457598556482985,1,1,1
"Same margins","typical",2,32910,0.763540788283628,0.76,0.0908985299974718,0.617215117313576,1,0.790767905042548,0.953081212681986,0.993935807023538,2,2,2
"Same margins","typical",2,1748,0.74441022252824,0.453333333333333,-0.00810129226797329,2.46245923117588,1,0.783468413994636,0.26274248210913,0.335346262342566,1,1,2
"Same margins","typical",2,49283,0.733802728212665,0.346666666666667,-0.0157151496440724,5.65431967038494,1,0.136309928249076,0.480252357448882,1.02460670831975,1,2,3
"Same margins","typical",2,22123,0.849199715085734,0.866666666666667,0.912097446679121,6,0,-1.5174258239345,-0.908567459211003,-0.0328619145209374,1,1,1
"Same margins","typical",2,14999,0.745272260067318,0,0.0386948184975364,3.65663436820107,1,0.284234806344222,0.773337849811131,1.38692749719569,2,3,1
"Same margins","typical",2,32533,0.766973469332404,0,0.133183281540985,0.997069298883274,1,-0.346238130651816,-0.152751485878899,0.202439732636463,2,3,2
"Same margins","typical",2,35753,0.69645077116565,0.8,-0.348538955387947,0.699821158268491,1,-1.10549939686053,-0.324037715102749,-0.490318021225776,1,2,1
"Same margins","typical",2,31027,0.754402474465692,0.786666666666667,0.0701486652529099,0.586121436208487,0,0.129053841520352,-0.633618492079936,-0.256362897343759,2,1,1
"Same margins","typical",2,25175,0.744176703721483,0.253333333333333,0.0327247176966576,4.2268010763659,1,-0.337639149287539,-0.346091876728568,0.26249509219768,2,1,3
"Same margins","typical",2,49822,0.748974303840353,0.56,0.0159298761650459,2.20145018716965,1,0.886099266765607,0.61802642152633,0.471259384230648,2,2,3
"Same margins","typical",2,42070,0.734685116009898,0.0266666666666667,-0.0824404848569633,2.00181344006106,1,0.574274274742742,-1.96229951086971,-1.65950302767038,2,1,1
"Same margins","typical",2,44162,0.860134045372275,0.426666666666667,1.01406279255067,5.68354674614966,0,-0.34243063721791,0.876549241606468,0.767199822542021,1,1,1
"Same margins","typical",2,25217,0.729758969467619,0.0666666666666667,-0.0616547860290622,2.99772618210677,1,1.51986638624151,-0.144829616195368,0.975961466241582,3,1,3
"Same margins","typical",2,4225,0.713831507582853,0.84,-0.212306574213116,2.34112054466421,1,0.220000747480025,0.00799239434856885,-0.757909532719428,1,1,1
"Same margins","typical",2,32481,0.746211442894066,0.36,0.00749675197358668,2.46650450224122,1,0.642100183885725,-0.720094521935019,-0.492875881519665,2,1,2
"Same margins","typical",2,44954,0.706016580502087,0.28,-0.272880134651477,1.25096640067026,1,-0.0215408542979212,0.930235141271257,0.650187453954074,2,2,1
"Same margins","typical",2,41451,0.744674155242814,0.72,0.023064574274362,3.69776550377786,1,-0.847300210681521,-0.598453046674006,0.167960116541178,2,1,1
"Same margins","typical",2,42479,0.684898583854704,0.106666666666667,-0.304924015035476,3.557497686779,1,1.46794031569778,-0.252124620337755,-0.303809581485859,3,2,2
"Same margins","typical",2,11552,0.719375923878164,0.32,-0.106498171609626,3.79514537138963,1,1.86649661177769,2.05481007087311,0.779789674100887,3,3,3
"Same margins","typical",2,38884,0.740847645176393,0.586666666666667,-0.00474819708794039,3.24280159059223,1,0.668047988920647,1.10837729073815,-0.210746395493938,2,2,2
"Same margins","typical",2,34134,0.73872107554895,0.64,-0.0279263373492333,3.33314712047236,1,0.394866081247386,0.596308979077625,-1.25785985193801,1,2,1
"Same margins","typical",2,4425,0.736874157499762,0.666666666666667,-0.00187579574594832,4.70101922883905,1,-0.665940294144553,0.0160740289123305,-0.688862732124381,1,2,2
"Same margins","typical",2,15338,0.765174312591483,0.76,0.195565313957601,4.93912027143436,1,-1.48663514240513,-0.558510081556861,0.449667387780487,1,1,1
"Same margins","typical",2,23922,0.820309714538253,0.106666666666667,0.665773801858561,6,0,-0.0517236955674846,0.302020283779192,-0.424460793435691,1,3,1
"Same margins","typical",2,16904,0.745081533448237,0.253333333333333,-0.00325792655480162,2.50640844947068,1,0.549686483916132,-0.0418181462496368,0.563225781594381,2,1,3
"Same margins","typical",2,4861,0.850768362610043,1,0.931048151168684,6,0,-1.47966324912807,-1.00368975649437,-0.753481339299626,1,1,1
"Same margins","typical",2,36185,0.758100652492863,0,0.167625610885019,5.5433337630713,1,1.37729677905781,2.01226345072883,1.85583331219331,2,1,3
"Same margins","typical",2,8161,0.737300196578093,0.24,-0.0575672671974696,2.51885609442761,1,1.19568067937261,0.08484362166175,-1.07343426193739,2,2,1
"Same margins","typical",2,33963,0.765393606898906,0.773333333333333,0.192861434075923,4.94201707183794,1,-1.20012245625129,-0.417005293223378,-1.69493201771829,1,2,1
"Same margins","typical",2,48035,0.763018936251209,0.786666666666667,0.0755592424538878,0.230022231291869,1,0.70787300708942,0.90449965443308,0.216275961673224,2,2,2
"Same margins","typical",2,7707,0.685303241094311,0.106666666666667,-0.406114639134608,1.18363635406899,1,-1.2147650394574,1.03696143005047,0.85606058692941,1,2,1
"Same margins","typical",2,22809,0.70686004226549,0.76,-0.266306753082599,1.94260960254893,1,-0.263315745902253,-0.0116189531964627,-0.813070497842362,2,1,1
"Same margins","typical",2,10124,0.763526136751953,0.76,0.167791074178922,4.80982806224275,1,-0.990158789434021,-2.02263150985138,-1.71076311937851,1,1,1
"Same margins","typical",2,48017,0.744201412721784,0.813333333333333,-0.00331746193281734,2.76067251647794,1,0.259816384661309,0.666708184965219,0.563827668408793,2,2,2
"Same margins","typical",2,39359,0.767297146438029,0.64,0.114295357446319,0.171091619635603,1,-0.0100464028121417,0.0807552129644829,0.856277572894214,1,2,2
"Same margins","typical",2,33613,0.706381642471209,0.16,-0.208472814877965,3.26451738844175,1,1.11829266481676,0.771630733337309,1.54360424089989,3,3,2
"Same margins","typical",2,21223,0.74221640676206,0.106666666666667,-0.0373194565277044,0.561825418855222,1,0.433543038451063,1.44291853931428,0.930674769271306,1,3,3
"Same margins","typical",2,48736,0.842403083648631,0.586666666666667,0.880650627349459,6,0,0.331810720051497,0.838365218462332,-1.29386518152458,1,2,1
"Same margins","typical",2,37282,0.741906323995396,0.333333333333333,-0.00846924384640024,3.22418656762369,1,-1.49449692031814,-1.56538424766758,-1.83571837312084,1,2,1
"Same margins","typical",2,37910,0.680340410604783,0.2,-0.32415732538017,4.58377281518303,1,1.48959788272676,1.3374144081275,0.503014200086297,3,3,2
"Same margins","typical",2,28466,0.708439360609847,0.08,-0.169871246907918,2.99011002489177,1,3.06204985160383,1.16210806780661,1.11894676993824,3,3,3
"Same margins","typical",2,43071,0.721265682568354,0.586666666666667,-0.163865979133897,1.86241388729849,1,-0.194580517140416,-1.38180691908916,-0.10008520823249,1,1,1
"Same margins","typical",2,14321,0.746194165205751,0.333333333333333,0.0583781279323681,4.8197376213542,1,0.319391190046448,0.62274179055049,1.65791367171263,1,1,2
"Same margins","typical",2,13998,0.787240281771648,0.28,0.232755050922974,0.571854095342204,1,0.967732162413164,0.892738350126182,0.662471378240022,3,2,2
"Same margins","typical",2,28565,0.740088353723325,0.64,-0.0117571655062125,3.28496001713566,1,0.993682351279558,0.8779104568525,0.240126672415625,1,2,2
"Same margins","typical",2,15995,0.742084455397167,0.84,-0.0517869246477538,1.43216011229923,1,-0.652327381508545,-0.331529931878027,0.0768458890227986,1,1,2
"Same margins","typical",2,3536,0.746085166844855,0.4,-0.0184205323371323,1.68820166473616,1,-1.52379087582611,-1.36112891551056,-0.528305478407595,1,1,2
"Same margins","typical",2,37888,0.754905821711523,0.266666666666667,0.0408666215130726,0.0378628498122954,1,-0.537214517190697,0.346912274178074,1.2062172325646,2,2,3
"Same margins","typical",2,47293,0.764580688216483,0,0.199324312250442,5.38266830002142,1,0.906845435431693,1.10706451037872,0.74406377347343,2,3,1
"Same margins","typical",2,26282,0.701302489505272,0,-0.184075569245203,4.98292857502385,1,0.72805500437794,0.368455268450351,-0.702944363158209,2,3,2
"Same margins","typical",2,5473,0.78502128642885,0.0666666666666667,0.250748071110377,1.07912045729706,1,0.970342665247562,0.125826906357888,0.860472293682545,3,3,2
"Same margins","typical",2,10560,0.746767354873987,0.533333333333333,0.0153296443400697,2.33998187938662,1,0.302622713284536,-0.195559326103521,-0.63656302159817,2,2,2
"Same margins","typical",2,45951,0.687207529633107,1,-0.41082513942583,0.823822096362329,1,-0.447812487974839,-0.711783996701064,-0.885617644565166,1,1,1
"Same margins","typical",2,6174,0.728590627319712,0,-0.105347226657757,1.64500873074681,1,1.50500422418145,1.76331191605879,1.822867769235,1,1,3
"Same margins","typical",2,35614,0.751027834892398,0.506666666666667,0.0114936373465406,1.54913434042798,1,0.2520194989452,-0.809087565049872,-0.492682856163463,1,1,2
"Same margins","typical",2,17421,0.74882971614637,0.36,0.0524394547556937,3.82456262288891,1,-0.107530097819419,-0.84234681592297,-0.297745034865221,1,2,1
"Same margins","typical",2,34101,0.68129502162551,0.533333333333333,-0.442325132277422,0.597333209966775,1,0.459861602484833,0.547523139582418,0.464844886043437,2,1,1
"Same margins","typical",2,38882,0.738271479887021,0.56,-0.0254509464780051,3.49298608525458,1,0.15613559134271,0.908582915905732,-1.36674909584165,1,2,1
"Same margins","typical",2,956,0.751560407654931,0.866666666666667,0.0795636303639453,4.25046578945465,1,-0.156941275869815,0.0112780701932308,-1.03939428607403,1,1,1
"Same margins","typical",2,43488,0.703159797627406,0.853333333333333,-0.297167189744953,1.75097860881026,1,-0.0421040797125688,-0.389468638644022,-1.33514353057128,1,1,1
"Same margins","typical",2,3975,0.715024617573329,0.36,-0.224956620041494,1.16725103566308,1,1.03576681350239,0.627816701498607,-0.597115391027118,2,2,1
"Same margins","typical",2,14865,0.735766884172341,0.0133333333333333,-0.0665686137881272,2.4389962209179,1,-0.16082195131376,-2.59963967842267,-2.26705554907652,1,1,1
"Same margins","typical",2,8775,0.742822520767159,0.626666666666667,0.000395530864198079,3.34844542001678,1,-0.794591423518459,-0.51271631126275,-0.159504187423089,1,2,1
"Same margins","typical",2,5904,0.714317219749296,0.333333333333333,-0.13156701009111,2.74811690868474,0,1.00461969671519,-0.569914307221399,-0.164023588625108,2,1,2
"Same margins","typical",2,15220,0.707167047828064,0.866666666666667,-0.254857041638347,2.2943319080478,1,-0.222301797264962,0.290746545277758,-0.342540686050134,1,1,1
"Same margins","typical",2,10816,0.760448835196047,0.4,0.157868344257073,4.71564338000818,1,-1.32112161139975,-1.17785834831872,-2.59693315961288,1,1,1
"Same margins","typical",2,23797,0.82812141839369,0.866666666666667,0.744569003864727,6,0,-1.24395648917162,-1.84285158627494,-0.925431346187236,1,1,1
"Same margins","typical",2,44292,0.75100671313449,0.266666666666667,0.0391828442205644,2.0882229525783,1,1.34083989545939,0.479513711625281,0.101894159568639,3,2,3
"Same margins","typical",2,33133,0.761345284791451,0.973333333333333,0.157741329561799,4.72453470705189,1,-0.465305920837706,-0.0361205115771411,-0.741756523552522,1,1,1
"Same margins","typical",2,36566,0.851850029592549,0.586666666666667,0.938820934108163,6,0,-1.38744045260985,0.431683595529201,-0.443292000100335,1,2,1
"Same margins","typical",2,42933,0.813105068312499,0.866666666666667,0.58890145280138,4.68279661145061,0,0.113390564221688,0.179497398612388,-1.04140756819191,1,2,1
"Same margins","typical",2,6513,0.72854860776479,0.6,-0.115519057986976,2.09268723735061,1,0.0527843719231205,-0.348196386506188,-0.236777319269612,1,2,1
"Same margins","typical",2,19246,0.739174626518664,0.24,-0.014749679077432,2.44794810886587,1,0.650411036977644,0.241141468562507,-0.0870517010847807,3,2,2
"Same margins","typical",2,32765,0.751652936722537,0.626666666666667,0.068467032822344,4.2317541181443,1,-0.302639760906975,0.510306238806111,0.556713795940122,1,1,2
"Same margins","typical",2,23006,0.679285875041105,0,-0.345277236486981,3.27843194658023,1,2.05289709917957,-0.0261863773254599,0.119817291887206,3,3,2
"Same margins","typical",2,35609,0.757124350366756,0.306666666666667,0.0655779614352163,1.61797343203953,1,1.24406041691015,0.305104619767615,0.659138048417174,2,2,3
"Same margins","typical",2,42137,0.7464826337393,0.266666666666667,0.0268912552446428,3.62541952733706,1,-0.956564142768042,-2.33725242857234,-2.4608138422293,1,1,1
"Same margins","typical",2,5614,0.737126342718592,0.773333333333333,-0.0901854816640244,0.997918298201327,1,-0.561368072503204,-0.0103672979642584,0.240489270792932,1,1,2
"Same margins","typical",2,47941,0.753966663453144,0.64,0.0952168198650192,4.68869347499304,1,-0.569912252367291,0.226362236660959,0.108196902331002,1,1,2
"Same margins","typical",2,25592,0.745313132375758,0,0.0498771322983673,4.75936056900183,1,1.12688248151675,-0.8050984513084,0.196216218176781,2,2,1
"Same margins","typical",2,46048,0.750716175343435,0.2,0.0231165566986735,1.48516803948501,1,1.33689664544716,1.52715836693344,0.197520507534657,1,3,2
"Same margins","typical",2,48577,0.723762034923809,0.866666666666667,-0.135231411113058,3.02599245920968,1,-1.54540666024383,-0.751450014932038,-1.54993747346458,1,1,1
"Same margins","typical",2,45252,0.725021184444308,0.973333333333333,-0.132609597057535,2.63545199153344,1,-0.251243677716613,-0.63279866636513,-0.432798853161579,1,1,1
"Same margins","typical",2,34349,0.780574311533281,0.386666666666667,0.30634292070174,3.24616521901899,0,0.989399231511183,0.370976854213818,-0.512192127434866,2,2,1
"Same margins","typical",2,34266,0.711772275498896,1,-0.229671989904779,2.04860603330557,1,-0.472898727403326,-0.573448725253609,-0.34672136728818,1,1,1
"Same margins","typical",2,12967,0.765684013615779,0.186666666666667,0.103730112113071,0.951989127570158,1,1.54988767888732,0.503430410482007,-0.946442984591039,2,2,2
"Same margins","typical",2,20929,0.768762192100268,0.24,0.152075938149584,1.45697133071559,1,0.961922910604113,0.319358972397117,1.54206470925822,3,3,3
"Same margins","typical",2,36932,0.713576881104384,0.76,-0.237454204863443,1.33956021023508,1,-0.737353798275125,-0.79445686085166,-1.80138899284266,1,2,1
"Same margins","typical",2,32538,0.758177719809308,0.36,0.15169685468636,4.65666951110093,1,0.594835118381178,-0.304478053996151,0.423149422410509,1,1,1
"Same margins","typical",2,48005,0.782272905704079,0.0666666666666667,0.220715180150533,0.39915605204904,1,1.25596884196015,-0.44036391397272,-0.0193704522917672,2,2,3
"Same margins","typical",2,29099,0.741325137556052,0.8,0.0352609301577287,5.7262190832465,1,-0.254710169811836,-0.578596330612078,-0.0832933713795061,1,1,2
"Same margins","typical",2,29177,0.698268191376106,0.546666666666667,-0.245596107083259,4.01680433707442,1,1.6327922912254,0.873064041237372,1.59497461426112,3,2,3
"Same margins","typical",2,30326,0.841503600270789,0.36,0.881125725656699,6,0,0.588406222437294,0.150947033775902,-1.10421023674457,2,1,1
"Same margins","typical",2,20449,0.770347164810709,0.426666666666667,0.227752066349136,5.7199850804619,1,0.864157419958278,0.342426390728068,-0.167620573064247,2,2,1
"Same margins","typical",2,28950,0.730957992016829,0.16,-0.114985669802622,0.904816015770793,1,-0.450575628192005,0.117156087678941,1.24826604017627,1,1,3
"Same margins","typical",2,19201,0.751503920479804,0.28,0.034677861444856,2.03512185371782,1,1.39477136360512,0.514724487917855,0.786493718781226,2,2,3
"Same margins","typical",2,32043,0.748517456414605,0.56,-0.00636688924241313,1.11597411094918,1,0.612114378389052,-0.0683024731767061,0.51914115053255,1,1,2
"Same margins","typical",2,1704,0.759876035265624,1,0.145840101762515,4.6414779628208,1,-1.38762787728086,-0.62625578160066,-0.603998359929454,1,1,1
"Same margins","typical",2,47217,0.696415044605503,0.773333333333333,-0.324489439524965,2.02171265748275,1,-1.29464071655454,0.132011383385857,0.33491640343435,1,1,1
"Same margins","typical",2,32080,0.742495424085337,0.0133333333333333,-0.0091002041158279,2.45210173266618,1,1.3483154404483,1.42857698708335,-1.0983246415069,1,2,2
"Same margins","typical",2,30165,0.736468469123244,0.0666666666666667,0.0273032372672053,5.92009890500897,1,-0.547644422996965,1.39391553904405,1.89230571540497,2,2,2
"Same margins","typical",2,46179,0.718529068633108,0.96,-0.187978870286005,2.13394094515471,1,-1.30342125537365,-1.61899951421319,-1.12326469215512,1,1,1
"Same margins","typical",2,35793,0.75438734105526,0,0.048739858920219,1.63205154593741,1,0.697028120657706,-1.16253226149948,-0.102732571202702,2,1,3
"Same margins","typical",2,25852,0.729242882129559,0.946666666666667,-0.100907328754988,2.84103929850182,1,-0.0261464702044329,-0.585035566507635,-0.552787330856272,1,1,1
"Same margins","typical",2,31399,0.738019124450671,0.773333333333333,0.116779102841667,6,0,-0.061014324237978,0.850614049230111,-0.297427315897815,1,2,2
"Same margins","typical",2,11260,0.682369021707556,0.36,-0.322932523101327,5.55982925900709,1,-5.90257826894344e-05,-0.758415690587389,-0.29223198790847,2,2,2
"Same margins","typical",2,11779,0.695234825448597,0.866666666666667,-0.348131911724629,1.06838458601,1,-0.0176777734719268,-0.42597815860589,0.0020842511086579,1,1,1
"Same margins","typical",2,5734,0.739278608868218,0.373333333333333,-0.0387925719304425,2.76365107148646,1,0.676829871364289,0.168881303365888,0.0121258513023393,2,2,1
"Same margins","typical",2,13706,0.77813811258354,0.6,0.372785056712545,6,0,-0.415267733900867,0.564759371618304,0.684763969418864,1,1,2
"Same margins","typical",2,48144,0.755553026713945,0.586666666666667,0.107364891614849,4.33936563801199,1,0.458232060766765,0.171345325849919,-0.696577674482716,2,1,1
"Same margins","typical",2,41214,0.737522261468571,0.866666666666667,-0.0394117111605485,3.41271374705948,1,-0.569054813877578,-0.846594894613883,-1.81448155449758,1,1,1
"Same margins","typical",2,5671,0.725578745796344,0.253333333333333,-0.123915284634096,2.16411104540466,1,0.100347225868377,0.191388793812875,0.740536141057528,1,2,1
"Same margins","typical",2,48320,0.709954865799173,0.84,-0.260478517243321,1.28281101191752,1,0.184239650666508,0.0215885896562717,-1.31171387760133,1,2,1
"Same margins","typical",2,21801,0.740543012932335,0,0.00133617162250799,3.11142173946563,1,-0.686001483756371,1.25149185338665,1.90807023972911,2,3,3
"Same margins","typical",2,35752,0.724865446771915,0.106666666666667,-0.106240786866261,0.790196028538048,0,0.832589836180981,1.18547738599043,0.762831064654595,3,3,2
"Same margins","typical",2,14245,0.747776875177541,0.106666666666667,0.0400540206861781,3.77540802979987,1,-1.4088963241561,-0.721373094430224,0.197192157449429,1,1,3
"Same margins","typical",2,15643,0.743651558944128,0.2,-0.00496945058042275,2.97081193173654,1,-0.525244381020061,0.0519106651532148,0.899868496435124,1,1,3
"Same margins","typical",2,3617,0.743122811618719,0.186666666666667,-0.0370738529699757,0.990318278659331,1,-0.726893563280837,1.24498150049546,1.06030445066406,2,2,2
"Same margins","typical",2,21618,0.706738849836764,0.16,-0.176874304201634,4.11990840283805,1,1.42351038929629,1.97755685696918,1.02799248579913,3,3,2
"Same margins","typical",2,12750,0.758557091795774,0.586666666666667,0.0578863138432575,0.368593208109777,1,0.718775066795922,0.690801892160724,0.549116971486699,2,2,3
"Same margins","typical",2,30823,0.749024913382761,0.6,0.0177663841558211,1.94944595082972,1,-0.267958975236675,0.386941815602021,-0.103370056839772,2,2,2
"Same margins","typical",2,43199,0.720886932137125,0.253333333333333,-0.110291556258722,2.70805598252484,1,1.97554930532097,0.625620920175643,1.42129805228752,3,2,2
"Same margins","typical",2,22933,0.758779808782122,0.306666666666667,0.0897165699989575,1.77518341975465,1,1.33053452908599,0.413910616043886,1.04324841111588,3,3,3
"Same margins","typical",2,46870,0.742558654237699,0.0666666666666667,-0.0605086577023566,0.167708894698143,1,0.594963020709029,-0.0672674192206121,-0.389768013922921,2,1,3
"Same margins","typical",2,12989,0.72890763935637,0.72,-0.112961421958572,2.36238804806933,1,0.134526965888691,-0.799234693486123,-0.179450963721168,2,1,1
"Same margins","typical",2,27742,0.800073050177081,0.453333333333333,0.482686025807876,3.78530138803839,0,0.230574510080682,-1.18420773115279,-1.80593726690151,1,1,1
"Same margins","typical",2,24965,0.695121864990681,0.106666666666667,-0.196019637189251,5.42569124391424,1,-0.391499253680863,0.475103372007178,0.428949057390719,3,2,3
"Same margins","typical",2,12225,0.755422542423028,0.24,0.0359636399548438,0.479737862221648,1,0.814670848527083,0.407379144055622,0.119051826750768,1,2,3
"Same margins","typical",2,17168,0.756513720392398,0.253333333333333,0.0725534218319437,1.84058099581121,1,0.542967570373565,0.605446801924159,0.82998221879957,3,3,3
"Same margins","typical",2,43406,0.709925422609151,1,-0.244840820850423,2.14534094030103,1,-1.05018951253993,-0.771159761152396,-1.04592193832293,1,1,1
"Same margins","typical",2,13758,0.73985735049131,0.04,-0.0261481880678955,2.72319117648251,1,-0.647338024895342,0.476905779376302,1.80613059225373,1,1,3
"Same margins","typical",2,11026,0.746029759413266,0.56,0.0521158471750569,4.8595896944629,1,0.00260296817785138,1.4448533238877,1.09641288286733,1,2,2
"Same margins","typical",2,26374,0.8503130485226,1,0.929912285184954,6,0,-0.579760129234176,-0.52296028637189,-0.814624303259871,1,1,1
"Same margins","typical",2,10968,0.778136040501545,0.333333333333333,0.202166865645487,1.22878483256369,1,0.679735329465103,-0.337975304490297,0.277724607282261,3,2,2
"Same margins","typical",2,8016,0.836900535293905,0.973333333333333,0.820820328153899,6,0,-0.673678474560128,-1.28665625415714,-1.33983063574472,1,1,1
"Same margins","typical",2,47945,0.78177193372307,0.453333333333333,0.221002501150789,1.02014451271395,1,0.456738018296312,-0.44566734504316,0.574942967023956,3,2,3
"Same margins","typical",2,20652,0.816647293857739,0.36,0.658699385317626,6,0,0.983531597335588,0.651065916176485,-0.862392890773462,2,2,1
"Same margins","typical",2,8710,0.746914904492947,0.68,0.00644548902187347,2.46087594822561,1,0.128368689284168,-0.388042048815359,0.929365929260972,2,1,2
"Same margins","typical",2,14716,0.743010557097646,0.386666666666667,-0.0111309018041852,2.74079267838865,1,0.390327279135697,1.85696733335271,0.579354166137659,1,2,2
"Same margins","typical",2,21876,0.744863785075846,0.36,-0.00288769701232372,2.73516748516485,1,-0.679671085334218,0.284050333241478,0.362379620269028,1,2,3
"Same margins","most_exchangeable",35,41978,0.999959103454504,0.0933333333333333,5.22617289297383,3.10185002394878,1,0.00409740983158538,0.474340976295499,0.614662334342495,2,3,1
"Same margins","most_exchangeable",35,33501,0.999978995849161,0.373333333333333,5.92752900161151,0.295991057276525,1,0.937615575541803,0.757098658372563,0.0941754424930753,1,2,1
"Same margins","most_exchangeable",35,11368,0.999971097445514,0.44,5.56739620996962,2.13655041687931,1,-0.520896545997234,0.118629776664097,0.986588671489533,2,1,2
"Same margins","most_exchangeable",35,14931,0.999959152862501,0.293333333333333,5.22869364800533,3.09429985944728,1,0.279150015863798,1.24615525635393,0.610964161822325,2,3,2
"Same margins","most_exchangeable",35,5617,0.999989366347442,0.12,6.52674780110294,0.0776838688130142,1,1.2221304322472,0.614338736931875,1.32270275434758,3,3,3
"Same margins","most_exchangeable",35,17398,0.999940903658298,0,4.87849588073603,3.92896658411755,1,1.17378434924083,1.09450401703856,1.41379245150768,2,3,1
"Same margins","most_exchangeable",35,17085,0.999968954063124,0.0933333333333333,5.50417613220085,2.33306131897612,1,1.58889039185472,0.135738766029812,-0.75382894484868,2,3,1
"Same margins","most_exchangeable",35,6654,0.999956284260318,0.293333333333333,5.16859740481367,3.10801086825776,1,0.44865566928058,0.121431639277507,1.41589948552529,3,2,3
"Same margins","most_exchangeable",35,5621,0.993413391342775,0.64,-0.607001037126898,1.56645106919402,0,-0.128582652372904,-0.4591851508506,0.296962012729032,2,1,2
"Same margins","most_exchangeable",35,23173,0.999976999094646,0.0533333333333333,5.79248389024615,1.67118021077515,1,1.67773557074109,1.75815957846796,1.8599563452989,3,3,3
"Same margins","most_exchangeable",35,27563,0.999972143335233,0.12,5.59273633700873,2.01988860337903,1,1.4179439184522,1.65209939122687,1.18795453956363,3,3,2
"Same margins","most_exchangeable",35,8139,0.999958820893618,0.893333333333333,5.21416687459802,2.9490112325493,1,-0.0499630085599647,-0.636966483757865,-1.64014867677948,1,1,1
"Same margins","most_exchangeable",35,39788,0.999980713643506,0.106666666666667,5.95042397942039,1.1339257227772,1,0.496426994156537,-0.749014145812583,-0.400322644519505,3,1,2
"Same margins","most_exchangeable",35,17921,0.999939736644589,0.813333333333333,4.82658777698581,4.63212067156888,1,-1.33195385465242,0.1918758054069,0.585750678414558,1,1,1
"Same margins","most_exchangeable",35,47639,0.987695193450568,0.546666666666667,-1.24166908273978,6,0,-0.546066412685564,0.214252220797171,-0.855788691452977,1,2,2
"Same margins","most_exchangeable",35,40087,0.999967264810413,0.0933333333333333,5.45081154985045,2.47302922904258,1,0.617420909067995,0.612732310719886,0.651567920545826,3,3,3
"Same margins","most_exchangeable",35,29739,0.999966275817701,0.4,5.4178876281238,2.54973299959772,1,-0.357146882124272,-0.691956843674497,-0.267323112514732,2,2,2
"Same margins","most_exchangeable",35,43253,0.982436179425811,0.0933333333333333,-1.57606038861498,3.82843101397157,0,0.916855048473586,1.21795522951636,1.80183663857718,3,3,3
"Same margins","most_exchangeable",35,7746,0.999941355053915,0.253333333333333,4.85107510172593,4.45270137874972,1,-0.775861796272545,0.865094485515736,-0.454434288846752,1,3,2
"Same margins","most_exchangeable",35,5702,0.99995807471954,0.493333333333333,5.1943197818329,3.08501455964635,1,-1.60175908697203,-2.71044914797998,-2.20580078464921,1,1,1
"Same margins","most_exchangeable",35,2587,0.999977916056498,0.106666666666667,5.81809620476588,1.36830644548113,1,0.535169838778852,0.311908356068157,0.308235400572057,3,1,2
"Same margins","most_exchangeable",35,9005,0.995682142737708,0.36,-0.192250355514807,1.02243872191086,0,-1.55871870652557,0.58536397703325,0.158254618534911,1,2,2
"Same margins","most_exchangeable",35,14060,0.999980914552546,0.32,6.01874739255284,0.711311455214285,1,0.98854673285729,0.607812411347319,-0.643678378574355,2,1,1
"Same margins","most_exchangeable",35,41380,0.999978326154667,0.36,5.87447480415774,0.630642613549717,1,-0.270213585132767,1.3337568728234,0.133039292464459,2,2,2
"Same margins","most_exchangeable",35,37829,0.994015503882388,0.946666666666667,-0.518510505438367,2.55218184902808,0,-1.62385445718127,-0.994712748762205,-1.23298627415101,1,1,1
"Same margins","most_exchangeable",35,24794,0.999966728882628,0.666666666666667,5.42784296174928,1.91553125414296,1,0.195747149674336,1.19812782232488,0.133328849029197,1,2,2
"Same margins","most_exchangeable",35,13863,0.999959107739504,0.213333333333333,5.23864109124561,2.96373289812713,1,0.413903756331021,-0.00182138691063626,0.938774654869005,3,1,3
"Same margins","most_exchangeable",35,33785,0.999946061628596,0.253333333333333,4.95186876131295,4.08111274882195,1,0.373576201541977,-0.114279595305073,-0.723399473758531,1,3,2
"Same margins","most_exchangeable",35,8652,0.999907816623368,0.52,4.46845381093647,4.74931513591935,1,0.759835069445134,0.0435847386167248,0.755560779212571,2,1,2
"Same margins","most_exchangeable",35,11457,0.999971484298378,0.293333333333333,5.58871513779945,2.15648527253728,1,1.59752179077704,0.137698633153587,0.718752956470694,3,2,3
"Same margins","most_exchangeable",35,8023,0.99607455106833,0.986666666666667,-0.097279665603083,0.444100401364267,0,-0.787788088414598,-0.0305195993276352,-0.329522604012091,1,1,1
"Same margins","most_exchangeable",35,40260,0.999957082573401,0.0133333333333333,5.20329383295348,2.99304198762105,1,2.36464529028834,0.967865539183301,0.562418317430115,3,3,3
"Same margins","most_exchangeable",35,14748,0.999982174404137,0.306666666666667,6.05275437210988,0.854232165991461,1,-0.67250935690717,-0.673733637210307,0.630134928165058,2,1,1
"Same margins","most_exchangeable",35,12178,0.999959840242259,0.346666666666667,5.24541441743772,3.04392731021936,1,0.509102974573323,0.774239533102298,-0.0561656085128306,2,3,2
"Same margins","most_exchangeable",35,48411,0.999981189575262,0.506666666666667,5.96515513695455,0.72580835512733,1,-0.33563382556787,-0.604864576966513,0.907605728503049,1,1,2
"Same margins","most_exchangeable",35,40533,0.99997327877908,0.213333333333333,5.65657848709181,1.99887746379943,1,-0.145640005431213,-0.643332663305207,1.20605817965581,2,2,2
"Same margins","most_exchangeable",35,43651,0.982702838637239,0.933333333333333,-1.58190135446015,6,0,0.273378792222902,-0.547486603131913,-0.873805897568691,1,1,1
"Same margins","most_exchangeable",35,22338,0.999985895716983,0.733333333333333,6.32065629918525,0.46944215758046,1,0.624466027862726,0.370536158341631,0.620420390737345,2,2,3
"Same margins","most_exchangeable",35,2017,0.999964045549918,0,5.35714426349523,2.71628649110271,1,1.41971047066448,0.221692614617607,0.900590827535019,1,2,3
"Same margins","most_exchangeable",35,5443,0.999966498998881,0.64,5.43370517115956,1.80287965443355,1,0.331648490268106,0.735836285500133,-0.847351975101113,1,1,1
"Same margins","most_exchangeable",35,35435,0.999964760052164,0.413333333333333,5.39382067950967,1.44644265014692,1,-1.55708086955768,-0.790587479019856,-1.75611495947747,1,2,1
"Same margins","most_exchangeable",35,40589,0.999950553526496,0,5.02500111222142,3.64780252378573,1,-0.624733971938331,2.31102782548124,2.03684065900172,1,3,2
"Same margins","most_exchangeable",35,6242,0.999972807441635,0.96,5.62318986308196,1.51018084540465,1,-0.350153303089476,-0.550385268008507,-0.15119216635897,1,1,1
"Same margins","most_exchangeable",35,15376,0.999956611860335,0,5.16105776850141,3.27544624551206,1,0.770403840888849,1.90795227257821,0.20452856632109,3,3,2
"Same margins","most_exchangeable",35,19151,0.966888003163783,0.0533333333333333,-2.21165411950525,6,0,0.914022594731006,0.667023222581248,0.129584053325744,3,3,3
"Same margins","most_exchangeable",35,48960,0.99998733679384,0.36,6.40261013481452,0.208959116730068,1,0.251832386398956,-0.408100264710312,0.811857074994546,2,1,1
"Same margins","most_exchangeable",35,30355,0.99997040046029,0.146666666666667,5.54482282627872,2.17779920475535,1,0.431968022571838,-0.4943815637848,0.0102600874345855,1,1,3
"Same margins","most_exchangeable",35,26329,0.999976644221805,0.253333333333333,5.80297322499253,0.777115697516595,1,0.240039128308999,1.07306084190906,1.41320206209261,1,2,1
"Same margins","most_exchangeable",35,11069,0.999983069804599,0.306666666666667,6.09345264150189,0.199256349718532,1,0.279746633946612,0.47105120588401,1.48947551403102,1,2,2
"Same margins","most_exchangeable",35,33385,0.999967773610532,0.346666666666667,5.46733497649542,2.26310443962754,1,0.661599604177174,-0.301286257236684,-0.00491392859060296,1,2,1
"Same margins","most_exchangeable",35,19548,0.999961248886125,0.0133333333333333,5.27405902212659,2.90589073171975,1,1.78358845439527,1.47601939648394,0.531658934956614,1,3,2
"Same margins","most_exchangeable",35,40798,0.99996803487573,0.146666666666667,5.49399187645916,2.31843913480229,1,1.69835599877982,0.392910105694115,-1.36275377626993,2,2,1
"Same margins","most_exchangeable",35,24638,0.999968881084386,0.293333333333333,5.50611257509951,2.3425372544397,1,0.891701303302719,-1.11994298009832,-0.802877658367171,2,1,2
"Same margins","most_exchangeable",35,32477,0.999948295139468,0.373333333333333,4.98245035794019,3.94335810642014,1,-0.627690029896875,0.340424277246499,-0.405057206858151,2,1,1
"Same margins","most_exchangeable",35,20613,0.981502706101807,0.506666666666667,-1.6425277838572,6,0,0.459983675878306,-0.163867456783242,-0.0950074043030967,1,2,1
"Same margins","most_exchangeable",35,5690,0.999949814382739,0.773333333333333,5.02192358984261,3.80118724174758,1,-0.435745726318167,-1.08789102402329,-0.537249728998387,1,1,2
"Same margins","most_exchangeable",35,41440,0.999984413924719,0.413333333333333,6.23196776186766,0.00329722862649293,1,-0.00194319671062707,0.57109588325148,0.5536707913236,2,2,1
"Same margins","most_exchangeable",35,40175,0.999922076942692,0.88,4.56749359415925,5.98331057828265,1,-1.43145736708002,-0.492354147287238,-1.68070823228036,1,1,1
"Same margins","most_exchangeable",35,28272,0.999907204124419,0.24,4.40188044432304,5.45176253327098,1,0.299540161484568,2.55471011116087,2.28957182199413,2,2,3
"Same margins","most_exchangeable",35,25273,0.999986081870053,0.706666666666667,6.32306897442868,0.115649491886369,1,0.539457675880954,-0.036357559593407,-0.0572974576330007,2,1,1
"Same margins","most_exchangeable",35,29476,0.99993518441867,0.973333333333333,4.75125362468374,4.99446394509399,1,-1.18840514370576,-0.55503620476813,-1.1242864621175,1,1,1
"Same margins","most_exchangeable",35,47131,0.999948004055006,0,4.99592011625006,3.90519515913558,1,0.245209869764142,0.804207334304624,-0.497217193218768,3,3,2
"Same margins","most_exchangeable",35,20713,0.990458307945419,0.373333333333333,-0.966091956730482,2.10345447994769,0,1.60676727003558,0.82061673797045,0.459498809964985,2,2,3
"Same margins","most_exchangeable",35,42264,0.99035925759523,0.4,-0.987199463641482,6,0,-1.21721448377653,0.22451906091156,-1.60490150650705,1,2,1
"Same margins","most_exchangeable",35,35247,0.999941236952023,0.253333333333333,4.88402100555576,4.02425439339825,1,0.533905826283424,0.423619552262681,1.12364947257441,3,2,2
"Same margins","most_exchangeable",35,23471,0.999980012368431,0.546666666666667,5.96332301934689,1.30564761941956,1,1.2860621593645,0.894131731762495,0.628642468333427,2,2,3
"Same margins","most_exchangeable",35,33911,0.999984058135906,0.773333333333333,6.18174505932671,0.410414803899923,1,0.849477559534757,0.575550142491995,-0.00195941279944228,2,2,2
"Same margins","most_exchangeable",35,34274,0.999972956810703,0.733333333333333,5.64016004293496,1.91376001263705,1,0.451413415649667,0.154724412928562,-0.212981632146786,2,2,2
"Same margins","most_exchangeable",35,17745,0.999985078755862,0.306666666666667,6.23870574941249,0.871526252519765,1,0.713178126881257,-0.688398578439839,0.154799251460199,2,1,3
"Same margins","most_exchangeable",35,48818,0.999921028629853,0.466666666666667,4.5539651682163,5.93895102127333,1,-1.35123674512407,0.174017773017693,0.424832732407005,1,2,1
"Same margins","most_exchangeable",35,27015,0.999920442032719,0,4.61249362142267,4.53504279230678,1,2.19633230059935,2.08785860322339,1.31118002616849,3,3,3
"Same margins","most_exchangeable",35,26740,0.999958661977637,0.893333333333333,5.2088214275757,3.05726776949948,1,0.299414734387467,-0.382337082639718,-1.10526305703503,1,1,1
"Same margins","most_exchangeable",35,49822,0.999970809294638,0.706666666666667,5.567033923334,2.20145018716965,1,0.886099266765607,0.61802642152633,0.471259384230648,2,2,3
"Same margins","most_exchangeable",35,38255,0.999920164908682,0.933333333333333,4.54909387743093,5.86735463428897,1,-1.60402800580797,-0.862963004889754,-0.272866757507016,1,1,1
"Same margins","most_exchangeable",35,6486,0.999949802326125,0.826666666666667,5.01437715839064,3.79013495077048,1,-0.910213676280919,-0.554956692469252,-0.553446447493498,1,2,1
"Same margins","most_exchangeable",35,15408,0.999928371677661,0.16,4.66091846571772,5.38585074358844,1,-1.22847450323227,0.952391302384263,0.531267127532887,1,2,3
"Same margins","most_exchangeable",35,41525,0.999944056853499,0.24,4.91752461007915,3.99550998832824,1,1.11853874508488,0.85325491128236,0.524194697219872,3,2,2
"Same margins","most_exchangeable",35,24768,0.999969013744604,0.28,5.50217078259689,2.34592273884806,1,1.11614373243663,0.49087757899163,1.10342799628946,3,2,2
"Same margins","most_exchangeable",35,35967,0.999954891217429,0.973333333333333,5.11670928320559,3.32854432591421,1,-0.553270412107558,0.0430097239539948,-0.376416863288756,1,1,1
"Same margins","most_exchangeable",35,34359,0.999952606437126,0.946666666666667,5.06774907971101,3.43467883343702,1,-0.900046432103916,0.208959625671144,-0.4848762414622,1,1,1
"Same margins","most_exchangeable",35,36461,0.999979850493316,0.106666666666667,5.92307109886488,1.14329631709746,1,0.208845305660009,1.57532511478414,1.2706040764695,2,3,3
"Same margins","most_exchangeable",35,8820,0.999964050140313,0,5.36420237224897,2.69475232252883,1,2.33881146794386,1.58772113791351,0.267338224237014,3,3,3
"Same margins","most_exchangeable",35,13149,0.986724673465482,0.666666666666667,-1.3062242103986,6,0,-0.743098927105665,-0.192934205093605,-0.929912675908876,1,1,2
"Same margins","most_exchangeable",35,13543,0.999976118468431,0.8,5.77663208591087,0.719927843173702,1,-0.497942220611139,-0.573898697801336,-0.362118241555413,1,2,1
"Same margins","most_exchangeable",35,32261,0.999974129520643,0.16,5.69211555828295,1.94271540597363,1,0.536980784182526,1.23443363535033,2.83183314161184,2,2,3
"Same margins","most_exchangeable",35,38609,0.999985740293507,0.16,6.25017073145283,0.512765299083474,1,-0.926241309050524,-0.744653456886766,1.30765528462878,2,1,2
"Same margins","most_exchangeable",35,37214,0.999940789427691,0.96,4.84256941199428,4.53986849664737,1,-0.578627262703635,-0.144969885356498,0.00188361617129039,1,1,1
"Same margins","most_exchangeable",35,45493,0.999975212914225,0.866666666666667,5.69504187801831,1.15118895109068,1,-0.595588681240659,-0.705017313751701,-0.58120339514985,1,1,2
"Same margins","most_exchangeable",35,17338,0.99997543191768,0.04,5.71127986084747,1.37101680351109,1,0.526631168589489,0.08480708720428,0.494578768451528,1,3,1
"Same margins","most_exchangeable",35,24393,0.999951613114621,0.28,5.04308454355389,3.63639393753112,1,-0.975717554033095,-0.0229252511708979,-0.217651596174537,1,3,2
"Same margins","most_exchangeable",35,25170,0.999982406691313,0.493333333333333,6.07615280909839,0.869574198449386,1,0.899654702733327,1.34291361263833,1.71491037908059,2,2,2
"Same margins","most_exchangeable",35,28358,0.999976219337264,0.546666666666667,5.76507112052714,1.74779504792629,1,0.549148924472927,-0.237065499324759,0.68560294573453,2,1,2
"Same margins","most_exchangeable",35,18747,0.999915193558316,0.986666666666667,4.48255717697544,5.95043284854852,1,-0.349478530213488,-0.850451585240062,-0.898000581346322,1,1,1
"Same margins","most_exchangeable",35,8828,0.999968573432584,0.533333333333333,5.49116307908318,2.37890213332384,1,0.708041808988207,-0.299518194459615,-0.114098392219998,2,1,2
"Same margins","most_exchangeable",35,6211,0.999990711642212,0.0533333333333333,6.71302916059587,0.145518865551922,1,1.75650967210913,1.05155739209871,3.1638703887479,3,2,3
"Same margins","most_exchangeable",35,35472,0.99993487347489,0.0533333333333333,4.78077417082115,4.3809022588548,1,0.27237840503898,2.0092395382919,1.50948416104587,2,3,3
"Same margins","most_exchangeable",35,31672,0.999954280253412,0.293333333333333,5.12808052390281,3.39655037035663,1,-0.111857756459598,-1.95671805597389,-0.711118724997355,1,1,2
"Same margins","most_exchangeable",35,1088,0.999977891142631,0.16,5.83706151488734,1.6122350162117,1,0.865392189721229,0.691927215108524,1.76561238037651,3,1,3
"Same margins","most_exchangeable",35,25440,0.995641289777552,0.0266666666666667,-0.198146743652711,0.749347619424375,0,-0.798578826120152,0.180924480861515,1.4469963595304,1,3,2
"Same margins","most_exchangeable",35,37876,0.999981540271987,0.2,6.01284447599784,0.998614582958663,1,1.67049993232715,0.74181150941957,0.520139175151689,3,2,2
"Same margins","most_exchangeable",35,45981,0.999903482821416,0.04,4.42326568368772,5.22204136526201,1,1.3263522718362,0.0339686438554878,-0.366346600012704,3,1,2
"Same margins","most_exchangeable",35,28813,0.999961868505452,0.493333333333333,5.29477549467583,2.88921035329527,1,0.44379969516948,-0.385569619173784,0.469738120718678,1,1,2
"Same margins","most_exchangeable",35,44391,0.999959539007461,0.0533333333333333,5.24944500475965,2.98780471741248,1,1.63947054156484,1.5035310546555,0.935957555682578,3,3,3
"Same margins","most_exchangeable",35,6529,0.999986482346153,0.106666666666667,6.28865550264582,0.0294620063973504,1,0.422023812429988,0.507293585047762,0.826017509730016,3,1,2
"Same margins","most_exchangeable",35,27619,0.999955329439707,0.986666666666667,5.12666233746532,3.39296293155244,1,-0.386391911908628,-1.0296465557949,-1.03397915576691,1,1,1
"Same margins","most_exchangeable",35,24025,0.999965018234101,0.253333333333333,5.39491220972409,2.58698814897124,1,0.138421661602838,-1.02681333075535,0.592549347482093,2,2,2
"Same margins","most_exchangeable",35,39796,0.999958040934048,0,5.24130665844356,2.93297983171968,1,1.85348457274723,2.78080469071992,3.48624536258937,3,3,3
"Same margins","most_exchangeable",35,20894,0.999965660575662,0.866666666666667,5.39655794629201,2.21440931376408,1,-0.549797737577092,-1.642456265478,-2.20325696958819,1,1,1
"Same margins","most_exchangeable",35,41243,0.999882827153628,0.0533333333333333,4.28562209474998,4.8109100839288,1,2.00916706644443,1.0141452034446,1.57514991982036,3,3,3
"Same margins","most_exchangeable",35,45179,0.999950154292166,0.0533333333333333,5.02958855402634,3.77043943291915,1,-0.77905074543528,0.266276134820645,0.00832878562635945,2,3,1
"Same margins","most_exchangeable",35,35539,0.999979952048314,0.0933333333333333,5.92278938300392,1.18406070233666,1,-0.254015828132604,-0.834484382692646,0.566908394176896,3,1,1
"Same margins","most_exchangeable",35,25287,0.999935233817168,0.573333333333333,4.78256028310248,4.36312088780417,1,-0.283397789865691,-0.329726020457488,-0.177555376569201,2,1,2
"Same margins","most_exchangeable",35,60,0.999969734806715,0.986666666666667,5.52219128804149,1.3467909097463,1,-0.999052722969283,-0.816573038952447,-1.43578475629207,1,1,1
"Same margins","most_exchangeable",35,41035,0.991414483076756,0.466666666666667,-0.860337707218458,1.95121674332768,0,1.15157039090292,0.146095726121434,0.580875348635973,2,1,2
"Same margins","most_exchangeable",35,19926,0.99996248021846,0.626666666666667,5.31780320600717,2.82114733181581,1,0.332870751195735,0.383783767374859,0.823039683354895,2,1,2
"Same margins","most_exchangeable",35,17374,0.999956431130505,0.306666666666667,5.16691866996567,3.29051046042398,1,0.484652047645815,1.19776257662394,0.338028133035818,2,3,2
"Same margins","most_exchangeable",35,29594,0.999958336343408,0.773333333333333,5.19916294527311,2.97973613520328,1,0.0854728044832771,0.932808537542938,0.0769986883853782,1,2,2
"Same margins","most_exchangeable",35,12350,0.999897926042827,0.0933333333333333,4.34929231016724,5.27843343258259,1,0.462180925656561,-0.223932818353666,1.0591692282256,3,1,1
"Same margins","most_exchangeable",35,25336,0.99997107219308,0.946666666666667,5.56199340956203,1.35704142206811,1,-0.877292971803239,-0.047098617834231,-0.0256176731180237,1,1,1
"Same margins","most_exchangeable",35,39652,0.999959657031955,0.106666666666667,5.25061984623567,3.02799337823553,1,1.11921749997995,1.65305744258233,1.42617891327668,3,3,2
"Same margins","most_exchangeable",35,14090,0.995878248562339,0.426666666666667,-0.146216654110234,0.526145886749511,0,-0.418820478008722,1.24157356423151,0.47847345310366,2,2,2
"Same margins","most_exchangeable",35,29405,0.999933923305608,0.333333333333333,4.74074122867123,5.03951254760571,1,-1.22114435648881,-1.34672796102115,-2.95747684909006,1,1,1
"Same margins","most_exchangeable",35,11726,0.999959015695286,0.666666666666667,5.21909364637792,3.100212614702,1,0.0618625795342896,-1.22983792667948,-1.25032078050036,2,1,1
"Same margins","most_exchangeable",35,25077,0.999903813298542,0.253333333333333,4.39767082516554,4.73525025444904,1,0.145841177198806,-2.36505936850262,-0.994042335505674,2,1,1
"Same margins","most_exchangeable",35,46789,0.995026524197816,0.666666666666667,-0.332559812896302,1.29582053689587,0,0.367310427329719,0.969082575307184,0.8059311894311,1,2,2
"Same margins","most_exchangeable",35,7638,0.999954511859772,0.0133333333333333,5.13348052628699,3.24724522955797,1,1.60027611494846,-0.598797467584699,-1.12323017309482,2,3,1
"Same margins","most_exchangeable",35,26190,0.999976542557394,0.0933333333333333,5.76628492066039,1.6803892137172,1,2.26867912946957,1.59111303491924,1.27848131067893,3,3,2
"Same margins","most_exchangeable",35,11098,0.999979387364515,0.493333333333333,5.95128848346287,0.879771911160887,1,0.848968775663318,0.932462975626995,0.022809919083844,2,2,1
"Same margins","most_exchangeable",35,32033,0.99996048630257,0.84,5.2564117814044,2.82484482481796,1,-0.179773025415651,-1.39066023068409,-2.19117402565343,1,1,1
"Same margins","most_exchangeable",35,6020,0.999984756856306,0.146666666666667,6.19661122866356,0.543806009869638,1,0.206450769231992,0.356126523711166,0.176902307252878,2,3,3
"Same margins","most_exchangeable",35,7246,0.999906724768048,0.253333333333333,4.48744530343907,5.20204813360523,1,-0.146017858153315,0.372379965517784,0.838157268269117,2,3,2
"Same margins","most_exchangeable",35,4208,0.999926502387103,0.293333333333333,4.64174836029742,4.58535202781055,1,0.774640477469693,0.572011831571378,0.476762922782021,3,2,3
"Same margins","most_exchangeable",35,24589,0.999983071247748,0.613333333333333,6.14591359501051,0.506034761699492,1,0.260421810674835,1.58214500271431,1.13846002092048,2,2,3
"Same margins","most_exchangeable",35,38936,0.999948519200653,0.12,4.99357400120463,3.90997434613583,1,1.05236984748305,1.47500220342052,1.21338660361992,1,1,1
"Same margins","most_exchangeable",35,31565,0.99997632244919,0.52,5.77235852721276,1.72294433781131,1,0.354953633513789,-1.2123269251628,-0.274721447044065,2,1,1
"Same margins","most_exchangeable",35,7626,0.999921591677918,0.84,4.55416076462692,5.93490752633058,1,-0.325598359471068,0.7497732566652,-0.0489080964683222,1,2,1
"Same margins","most_exchangeable",35,14755,0.999960285701416,0.746666666666667,5.24698649713305,3.00705991621142,1,0.157926093723616,-0.407982417412256,-0.139867161372809,1,1,2
"Same margins","most_exchangeable",35,18389,0.999960791405649,0.893333333333333,5.25964960338786,2.97028074672465,1,-0.287846755389776,-1.78171854996919,-1.10061563141925,1,1,1
"Same margins","most_exchangeable",35,34836,0.999983124224213,0.52,6.1502297016197,0.530432389824155,1,0.677380296547542,-0.213209694393962,-0.502223192799102,2,2,1
"Same margins","most_exchangeable",35,8069,0.999975340498308,0.106666666666667,5.73428770197312,1.76004206396383,1,1.33992441998711,0.20927175137666,0.7624897580272,3,2,1
"Same margins","most_exchangeable",35,26543,0.987199830952602,0.813333333333333,-1.27260736934274,6,0,-1.02012999877216,0.600378922420559,0.580260455626721,1,1,1
"Same margins","most_exchangeable",35,6525,0.999957809056012,0.346666666666667,5.19341114980881,3.20374859408978,1,-0.647760466255459,1.07451694672218,1.10440152711701,2,2,2
"Same margins","most_exchangeable",35,42347,0.990755099816169,0.946666666666667,-0.953022629389181,4.71680151723794,0,-0.731099010692251,0.229465082910711,-0.70127066071874,1,1,1
"Same margins","most_exchangeable",35,25643,0.999987718491192,0.0133333333333333,6.35361980594766,0.0291160340066997,1,0.577688560689989,1.04845594274904,2.1128161202242,3,3,2
"Same margins","most_exchangeable",35,28237,0.999942520833256,0.253333333333333,4.87836741406354,4.39653310336895,1,0.271951024417177,-0.0481218806173197,-1.02125895407606,1,3,1
"Same margins","most_exchangeable",35,28427,0.999989582002403,0,6.57588445454834,0.0843719374206107,1,1.14439107150069,1.55346134233418,2.38258533574671,2,3,3
"Same margins","most_exchangeable",35,33376,0.999977764407354,0.946666666666667,5.83628781011388,0.60002498974688,1,0.20219102664679,-0.107062793837144,-0.476040755102383,1,1,1
"Same margins","most_exchangeable",35,47827,0.999917117876486,0.893333333333333,4.51978102401202,5.80135886225073,1,-1.43606579987675,-1.358235892001,-0.225727740175618,1,1,1
"Same margins","most_exchangeable",35,3742,0.999983109153396,0,6.10399396986612,1.0458349083019,1,3.08902892029631,1.80828576174704,0.842751336603283,3,3,3
"Same margins","most_exchangeable",35,11218,0.999984924913656,0.146666666666667,6.21368565752602,0.397616219242273,1,0.556654968853368,1.24825404447001,0.596621739147192,2,3,3
"Same margins","most_exchangeable",35,44643,0.99996839968834,0.106666666666667,5.48289866419629,2.36740030439109,1,-0.104736027585623,0.245149879838982,1.52197281207861,3,2,2
"Same margins","most_exchangeable",35,30915,0.999963213014114,0.826666666666667,5.3161905059094,2.31281011474746,1,-2.08059421614168,-0.980213849650024,-0.317591859000263,1,1,1
"Same margins","most_exchangeable",35,24243,0.999966342121513,0.84,5.40987259468981,2.0857414271176,1,-1.61686882155768,-2.17126805628436,-1.86794298708965,1,1,1
"Same margins","most_exchangeable",35,15504,0.999981244395995,0.893333333333333,5.9926574067882,0.270377465640295,1,-0.317221727281239,-0.374223895595427,0.452792001447524,1,1,1
"Same margins","most_exchangeable",35,46160,0.999976485699469,0.68,5.79139018870389,1.6497161990017,1,0.540374024872823,1.27564320426546,1.54133814170864,2,2,3
"Same margins","most_exchangeable",35,26115,0.999961287347647,0.853333333333333,5.2701772160769,2.72863027270291,1,-0.298641624984747,0.382048997476545,0.112118129662756,1,2,2
"Same margins","most_exchangeable",35,30888,0.999967331557001,0.88,5.42926496534627,2.24651858614047,1,-0.521909013396484,-0.256552773179303,0.183923665094814,1,1,2
"Same margins","most_exchangeable",35,48523,0.999976388861307,0.106666666666667,5.77647084893538,0.874705999523295,1,-0.0233121977715205,1.02176406983882,-0.67671092249681,2,3,1
"Same margins","most_exchangeable",35,2561,0.999955301796486,0.293333333333333,5.13639050616931,3.36179179586119,1,-0.45203633182384,0.690504621184187,0.262837892508198,2,1,3
"Same margins","most_exchangeable",35,16021,0.99997242399119,0.12,5.61698002269274,2.01923443629266,1,0.618847950981366,-1.19677407659198,-0.997679685147726,3,1,1
"Same margins","most_exchangeable",35,19762,0.999942560598174,0.213333333333333,4.88149298135673,4.27421153385022,1,0.256278379708494,1.35672016926451,1.49718327767742,1,2,3
"Same margins","most_exchangeable",35,41722,0.987639873003777,0,-1.18697553133061,2.71197622641921,0,2.41530649591685,3.26539435598493,2.46818034269268,2,3,3
"Same margins","most_exchangeable",35,19503,0.999961921501707,0.933333333333333,5.29217710655152,2.38122096139404,1,-1.0271426991775,-1.0867883333599,-1.9575172897102,1,1,1
"Same margins","most_exchangeable",35,3648,0.999938873903457,0.893333333333333,4.81039110896178,4.70705248868728,1,-0.558676126148281,0.558248814337916,0.0992428727067929,1,1,1
"Same margins","most_exchangeable",35,45705,0.999977656356361,0.0933333333333333,5.80123060226616,1.42006889874516,1,1.77237547644559,1.0491669314614,-0.0264301232020458,3,3,2
"Same margins","most_exchangeable",35,3445,0.999932225696869,0.28,4.74118614100796,4.41868473390108,1,0.780008214405967,0.332119440450143,0.678681580168604,3,2,2
"Same margins","most_exchangeable",35,274,0.999979286669178,0.16,5.90918104203728,1.48110025081717,1,0.872360560208246,-0.811786720002604,0.159811765035048,3,2,3
"Same margins","most_exchangeable",35,49429,0.992897861816136,0.706666666666667,-0.68472478953311,3.29430489127308,0,-1.08036346488726,0.0798872889954872,-0.502176103380246,1,1,2
"Same margins","most_exchangeable",35,16694,0.999979853280457,0.146666666666667,5.95318501626661,0.794862311928572,1,0.665639778302756,0.0888784544447282,-0.10947658397752,1,2,3
"Same margins","most_exchangeable",35,22484,0.999978966814036,0,5.87406286228554,1.2852170566579,1,0.828169005325799,0.0966756173367009,-0.752022047777383,3,3,3
"Same margins","most_exchangeable",35,49950,0.999936804788346,0.28,4.77373594130113,4.18801870340677,1,1.41458440660041,-0.503136677571667,-1.10522680868126,2,2,1
"Same margins","most_exchangeable",35,40329,0.999938955457595,0.293333333333333,4.81390325757236,4.65313163711919,1,-1.80836927326049,-0.551771574660994,-1.28814492921128,1,1,2
"Same margins","most_exchangeable",35,2044,0.999966140479808,0.973333333333333,5.40343774945943,2.35137334127411,1,-0.362049855391299,-0.656220790123936,-0.27656345370202,1,1,1
"Same margins","most_exchangeable",35,16581,0.999949164367317,0.706666666666667,5.01359537299761,3.5788918744671,1,0.464652498421803,0.123558539470891,0.729670659140819,2,2,2
"Same margins","most_exchangeable",35,45992,0.999976422216938,0.0533333333333333,5.77425629827027,1.75505296209299,1,1.56678725260169,-0.953984590977494,-0.33424313877607,3,1,2
"Same margins","most_exchangeable",35,3594,0.99997805443803,0,5.84450997544809,1.55973120177195,1,2.67895860547012,2.16033119908253,1.26790167823596,3,3,3
"Same margins","most_exchangeable",35,49549,0.987240303523162,0.253333333333333,-1.23924098199186,6,0,-1.80427471674134,0.730670355133231,1.27029862883761,1,1,2
"Same margins","most_exchangeable",35,28718,0.999972496787684,0.346666666666667,5.62980291648633,2.0366964195806,1,1.35777852431304,-0.411273810090917,-0.875310998352094,2,1,1
"Same margins","most_exchangeable",35,48978,0.999981445166754,0.12,6.00856592464895,0.354677803040353,1,-0.44760182097025,-0.40088052039232,-1.2283598074125,2,3,1
"Same margins","most_exchangeable",35,27549,0.999984963228385,0.146666666666667,6.1897002475742,0.664908947429336,1,0.684229922898584,0.103346114845027,1.26186200322325,3,1,2
"Same margins","most_exchangeable",35,48030,0.999975915411495,0.866666666666667,5.71900905350617,0.99570778521692,1,-0.973877754298322,-0.281329668658743,0.319170117875833,1,1,2
"Same margins","most_exchangeable",35,34621,0.999981164081778,0.293333333333333,5.95299345618099,0.364765291406111,1,-1.51454449509473,-0.631891883891823,1.21735716287369,1,1,2
"Same margins","most_exchangeable",35,29376,0.986888908053573,0.466666666666667,-1.28912884540067,6,0,-1.56043015772796,-0.613259721436384,-0.151004768510295,1,2,1
"Same margins","most_exchangeable",35,21404,0.99997669780275,0.506666666666667,5.79515630072181,1.09867175294678,1,-0.206565044303635,0.925115908006517,0.0309906225196884,2,2,2
"Same margins","most_exchangeable",35,33261,0.999981439005876,0.373333333333333,6.01422666109471,1.11878579260893,1,-0.570401546350715,-0.470092751997998,0.408783724762442,2,1,3
"Same margins","most_exchangeable",35,6887,0.999957169900095,0.946666666666667,5.16851804882819,3.17606833498492,1,-1.14783093934327,-1.618648743157,-1.3889129547474,1,1,1
"Same margins","most_exchangeable",35,7324,0.999969646720014,0.12,5.50449313457598,1.68108941824054,1,-2.69233203914508,-1.532323045754,0.406355555552681,1,1,1
"Same margins","most_exchangeable",35,41117,0.999975996235108,0.88,5.76050825523256,0.24040194463788,1,-1.14522062915074,-1.53641828343009,-2.21976124508021,1,1,1
"Same margins","most_exchangeable",35,527,0.999941105451403,0.946666666666667,4.84932117495043,4.51530420497077,1,-0.665566901846607,-0.320626831342198,-1.44137523516901,1,1,1
"Same margins","most_exchangeable",35,31078,0.999936236558894,0.986666666666667,4.77118811351741,4.82378732457222,1,-0.953853683400098,-1.38691077757101,-1.10316190555911,1,1,1
"Same margins","most_exchangeable",35,23684,0.999940106643687,0.306666666666667,4.84989880969702,4.3496019451066,1,0.30198723515598,-0.767605137136751,-0.25107985466975,1,2,2
"Same margins","most_exchangeable",35,13501,0.983414104037506,0.986666666666667,-1.54503560635082,6,0,-0.581680831894232,-1.12328660226764,-0.787599370774967,1,1,1
"Same margins","most_exchangeable",35,21710,0.999960947104123,0.866666666666667,5.27203982529971,2.46615927016825,1,-0.120499145686097,0.647394188906615,-0.729718649645095,1,1,1
"Same margins","most_exchangeable",35,37561,0.999969331409363,0.506666666666667,5.51835794695384,2.2652576103162,1,0.114057902469767,-0.440132742597172,-0.27786651797136,2,2,1
"Same margins","most_exchangeable",35,30478,0.999949959207801,0.306666666666667,5.01862673097698,3.75010934581294,1,-0.753478361332287,0.928596203646166,1.08832784832769,1,2,1
"Same margins","most_exchangeable",35,43018,0.999932735706369,0.106666666666667,4.76327111944207,3.42504928200134,1,1.7155434635537,-0.403997072035616,0.855154530931553,2,1,3
"Same margins","most_exchangeable",35,43216,0.99997851079354,0.933333333333333,5.87789347859905,0.141273911575557,1,0.132274842496816,0.127461079261942,-0.69871636614402,1,1,1
"Same margins","most_exchangeable",35,19985,0.999958559447289,0.346666666666667,5.21411108145619,3.00343851309189,1,1.15446250807247,0.705112544270518,1.35183509426156,3,2,3
"Same margins","most_exchangeable",35,25940,0.999943696725221,0.96,4.89365605192032,4.31490706551559,1,-1.36106261506692,-1.03622541702706,-1.28374848780032,1,1,1
"Same margins","most_exchangeable",35,45133,0.999977355194769,0.28,5.84938240810935,0.813411929996873,1,-0.542340233819752,1.04685188976439,0.597691075691959,2,2,1
"Same margins","most_exchangeable",35,44135,0.999971751070885,0.2,5.59901351634421,2.13299290532794,1,1.1921648748234,-0.254792083359422,-0.0166683256844302,3,2,3
"Same margins","most_exchangeable",35,40098,0.999980036166131,0.306666666666667,5.95406175979252,1.42510826747448,1,0.900958199447446,-0.552617014596975,0.188280056728149,2,2,3
"Same margins","most_exchangeable",35,33539,0.999948541950139,0.8,4.98874139747779,3.90075705376153,1,0.287196339530794,0.734091235214589,-0.49926892711652,1,1,1
"Same margins","most_exchangeable",35,20340,0.999941671212815,0.946666666666667,4.85729487199461,4.49045653761191,1,-1.0762107832447,0.0711813405966151,0.0907474629551496,1,1,1
"Same margins","most_exchangeable",35,46758,0.999982613891661,0.4,6.08505448579387,1.14173847492236,1,0.703704309082319,0.314405626127492,1.25518520244146,2,1,3
"Same margins","most_exchangeable",35,19449,0.993607717542727,0.146666666666667,-0.580583103434958,1.51436938904226,0,0.970331511659371,-0.174948050132545,-0.329075520327126,2,3,1
"Same margins","most_exchangeable",35,7862,0.999968089051878,0.0933333333333333,5.46561548372319,2.32464676818114,1,-1.84836319240963,-0.997540205366478,-0.146323013220905,2,1,2
"Same margins","most_exchangeable",35,49238,0.999944701655458,0.893333333333333,4.91301884208569,4.21394405447877,1,0.202461803467881,-0.0442739111606451,0.0475619457899095,1,1,1
"Same margins","most_exchangeable",35,1576,0.999954039006398,0.0266666666666667,5.1212164780129,3.39841206828213,1,-0.7777259785114,0.460588703206886,0.675402882444054,2,3,3
"Same margins","most_exchangeable",35,30805,0.999923179030941,0.946666666666667,4.58054706977236,5.66096426030331,1,-0.383423019688481,0.232353784241671,0.11005064383547,1,1,1
"Same margins","most_exchangeable",35,13730,0.999972889041996,0.666666666666667,5.63397665896835,1.16719066777588,1,0.363406438193364,1.1556757698987,0.31491272308709,1,2,2
"Same margins","most_exchangeable",35,44600,0.999975512938489,0.466666666666667,5.73780810305009,1.78376832264461,1,-0.195802974674817,-1.81900310557697,-0.705527050634294,2,1,1
"Same margins","most_exchangeable",35,8404,0.999955085336886,0.813333333333333,5.12197752565637,3.31785496974703,1,-0.643441804718494,0.588536928328991,0.496798766499592,1,2,2
"Same margins","most_exchangeable",35,27683,0.99998955781082,0.0133333333333333,6.54156930148643,0.0591075893022434,1,0.603112838559525,-0.790889472083528,0.201164681737372,3,3,3
"Same margins","most_exchangeable",35,26274,0.999955687594033,0.946666666666667,5.13469813450955,3.3902735090209,1,-0.364099896749284,-0.562444194158066,0.145966407151581,1,1,1
"Same margins","most_exchangeable",35,7084,0.999954896843579,0.946666666666667,5.11697943677983,3.28564659610181,1,-0.695858019614373,0.338545050300519,-0.0594657857491157,1,1,1
"Same margins","most_exchangeable",35,39954,0.999972480611015,0.866666666666667,5.64887244229886,0.631027033582769,1,-0.358742279887718,0.514533283888968,-0.454634559730586,1,2,1
"Same margins","most_exchangeable",35,23198,0.999965423009104,0.146666666666667,5.39381806054385,2.56712637244193,1,-0.272218212581218,-1.8119173404561,-0.359423724124885,1,2,1
"Same margins","most_exchangeable",35,11557,0.999943500690997,0.293333333333333,4.90100629842509,4.27805261183045,1,-0.237169381459978,-1.24143128922055,-3.03310137587621,1,1,1
"Same margins","most_exchangeable",35,47208,0.9999362220333,0.88,4.76949660413937,4.87946917751149,1,-0.978441515041976,0.244039305443237,-1.13467196104216,1,1,1
"Same margins","most_exchangeable",35,29694,0.99995028794844,0.826666666666667,5.01924372415995,3.75513055796794,1,-2.06275417050791,-1.29820920054507,-0.450832799412059,1,1,1
"Same margins","most_exchangeable",35,10757,0.999980597724459,0.413333333333333,5.96975026719225,1.30733361672986,1,-0.303799870261167,-0.649717942243238,0.458383643815696,2,1,3
"Same margins","most_exchangeable",35,37841,0.999963578039017,0.773333333333333,5.34918424161162,1.98567951643591,1,-1.19177960582563,0.0654612099725839,-0.314728406256074,1,2,1
"Same margins","most_exchangeable",35,1610,0.988890022938723,0.52,-1.12796007593915,6,0,-1.24425800947378,-0.693055941818237,-1.75786133705079,1,2,1
"Same margins","most_exchangeable",35,34471,0.999947335942799,0,4.97160124638369,3.99378459243772,1,-0.577746863233119,0.375207426781913,0.273203020875829,3,2,1
"Same margins","most_exchangeable",35,31701,0.986898256979845,0.946666666666667,-1.30338217117033,6,0,-0.346336384193997,-0.236427648598689,-1.24410294952121,1,1,1
"Same margins","most_exchangeable",35,31429,0.987861316425571,0.866666666666667,-1.21947921228523,6,0,-1.72341643478315,-1.66147401558256,-2.03349981674985,1,1,1
"Same margins","most_exchangeable",35,41214,0.99995357515456,0.946666666666667,5.09142044870929,3.41271374705948,1,-0.569054813877578,-0.846594894613883,-1.81448155449758,1,1,1
"Same margins","most_exchangeable",35,29569,0.991058651773165,0.2,-0.908409220156152,6,0,-2.02109445727029,0.772661743669803,-0.503907572909689,1,2,1
"Same margins","most_exchangeable",35,49224,0.999960480188438,0.266666666666667,5.27571166972449,2.65223121421362,1,1.01856413421232,-0.385297713206036,1.25359043704455,2,1,3
"Same margins","most_exchangeable",35,7234,0.999945586390353,0.706666666666667,4.93343690108425,4.02554822172501,1,0.497879705369477,1.00084208994202,0.0710996214175462,2,2,2
"Same margins","most_exchangeable",35,22953,0.999936200690016,0.986666666666667,4.76838217901715,4.87487656841904,1,-1.11761913330607,-0.769765956877883,-0.531925659847162,1,1,1
"Same margins","most_exchangeable",35,39414,0.999981949795279,0.48,6.05110146683766,0.978740074321135,1,0.647913461505528,0.0736552191893923,0.592735506267084,2,1,1
"Same margins","most_exchangeable",35,17584,0.999932987505496,0.693333333333333,4.71852654792037,5.15894717429814,1,-0.578627137638263,0.957916727735761,0.233054198212518,1,2,1
"Same margins","most_exchangeable",35,31982,0.986002628781299,0.946666666666667,-1.36726931438725,6,0,-0.174730954671016,0.407598264344743,-0.170657596909042,1,1,1
"Same margins","most_exchangeable",35,40626,0.999879880916926,0.306666666666667,4.23708971950139,5.93077088497003,1,0.485238914812401,0.921378124460687,0.767355936334784,2,3,2
"Same margins","most_exchangeable",35,3286,0.999968282193151,0.0133333333333333,5.46233701830911,2.10233643265758,1,-0.487828205945048,2.2165978182865,1.34167931376147,2,3,2
"Same margins","most_exchangeable",35,23726,0.999953402898017,0.373333333333333,5.08991171068965,3.51872290755508,1,-0.0519264077567191,-0.839416513416964,-1.27054834592234,2,2,1
"Same margins","most_exchangeable",35,22250,0.999981572897133,0.36,5.98415525995597,0.625178637872857,1,-0.504156188722479,-0.297960687098637,1.42360408092773,1,1,2
"Same margins","most_exchangeable",35,38860,0.999943753967497,0.866666666666667,4.90031826336656,4.27069716474461,1,-0.300419697111526,0.426878294100411,-0.627332255671715,1,2,1
"Same margins","most_exchangeable",35,36298,0.999970805796601,0.146666666666667,5.55412464533998,2.17997850000278,1,0.368184078486271,-0.0987882787764117,0.444169476245801,3,1,2
"Same margins","most_exchangeable",35,18994,0.999891597755832,0.04,4.27808663562314,5.666157654219,1,1.71603353287236,0.124749140250803,-0.716400249420949,3,2,2
"Same margins","most_exchangeable",35,24600,0.999985208701463,0.36,6.24543960774606,0.687864828807984,1,0.915024080499307,0.432327551702389,1.56362798421626,2,2,2
"Same margins","most_exchangeable",35,42916,0.989371455724968,0.493333333333333,-1.08310584702754,6,0,-2.42980636409314,-0.537363702213565,-0.543493584037936,1,1,1
"Same margins","most_exchangeable",35,23175,0.999966731604363,0.32,5.43620003420263,2.49990166198923,1,-0.399831770222254,0.0174744017700446,1.43244837250333,2,1,3
"Same margins","most_exchangeable",35,16123,0.999971403141472,0.893333333333333,5.57296783817936,1.31930127810455,1,-0.896765719265971,0.186789788826127,0.354417471424114,1,1,1
"Same margins","most_exchangeable",35,4958,0.99995441930058,0.373333333333333,5.11055616217674,3.47231524716156,1,0.357320735510738,-0.439236613344482,-1.08841065863127,1,1,2
"Same margins","most_exchangeable",35,24955,0.999974846298825,1,5.70224807234452,0.728668898732606,1,-1.14052895658563,-0.981346619111641,-1.00534149019678,1,1,1
"Same margins","most_exchangeable",35,16511,0.986879553944724,0.64,-1.29189417532365,6,0,-2.11589313073112,-0.889803102797382,0.012854255234733,1,1,1
"Same margins","most_exchangeable",35,25509,0.999959212723555,0.733333333333333,5.22162364421695,3.00286803274227,1,0.402004509764927,0.402298071634758,0.897331599314633,2,2,3
"Same margins","most_exchangeable",35,45557,0.999964921825481,0.733333333333333,5.36247824491263,2.55360044518137,1,-0.59145721807248,-1.15965520553742,-0.64347548991029,1,1,2
"Same margins","most_exchangeable",35,37152,0.999969311290436,0.293333333333333,5.50646648145282,2.00758006965133,1,-0.48599776972136,0.294560635250747,0.177080148824502,1,1,3
"Same margins","most_exchangeable",35,46680,0.995095847433196,0.946666666666667,-0.319456361191794,1.40899296384305,0,-0.133670135153005,-0.249994760153502,-1.18136169596806,1,1,1
"Same margins","most_exchangeable",35,14129,0.984904822030817,0.986666666666667,-1.44933769829068,6,0,-0.434039790841389,-1.01268702436558,-1.34495422590709,1,1,1
"Same margins","most_exchangeable",35,11379,0.999964098225531,0.84,5.37218472442225,1.81857978316823,1,-0.809245572727141,-0.171444119404214,-1.26046707557132,1,2,1
"Same margins","most_exchangeable",35,12768,0.999944789224022,0.96,4.91503831352428,4.22529584273938,1,-0.480790466182577,-1.3454389052482,-1.28606938005125,1,1,1
"Same margins","most_exchangeable",35,31393,0.999947063257684,0.986666666666667,4.95491573349418,4.0229491620324,1,-1.03271384772936,-0.467047867330618,-0.937330109496609,1,1,1
"Same margins","most_exchangeable",35,32753,0.999979679051529,0.72,5.94387031504229,1.19827108013688,1,0.0707818837177345,0.487687613038861,0.512271916456045,2,2,3
"Same margins","most_exchangeable",35,46657,0.999963678476475,0.106666666666667,5.33725441653293,2.73205705087624,1,0.561216518348107,0.588933217617113,-0.134326997694794,3,3,2
"Same margins","most_exchangeable",35,18813,0.999977764532992,0.36,5.81354268390245,1.35206010970501,1,0.529589219391566,-0.690190421283879,0.325066246713095,1,1,2
"Same margins","most_exchangeable",35,6521,0.999976246403712,0.106666666666667,5.76809308465768,1.68447825716801,1,1.35416738320956,-0.838867397346134,-0.790174794220741,3,1,1
"Same margins","most_exchangeable",35,35074,0.999975549099771,0.946666666666667,5.72821562814814,0.358767619330968,1,-1.53314843403859,-0.550594658112239,-0.416988390677715,1,1,1
"Same margins","most_exchangeable",35,3960,0.999951038065147,0.88,5.03805939721832,3.3835741483458,1,-1.22695391852994,0.350618384902832,-0.815901797883922,1,1,1
"Same margins","most_exchangeable",35,1925,0.999909042961867,0.12,4.45954860880642,5.61120209130555,1,-0.631119541205344,0.714407852103682,1.9723109222316,1,1,3
"Same margins","most_exchangeable",35,1064,0.999980270760562,0.36,5.94710942812871,1.38470406774138,1,0.251348722398184,-0.954268623469365,0.592223189565831,2,1,2
"Same margins","most_exchangeable",35,38794,0.999971722140248,0.293333333333333,5.57557379858983,1.88660643806649,1,0.154917262950191,0.837216410028899,-0.412665144705058,2,3,2
"Same margins","most_exchangeable",35,14900,0.986392877332869,0.16,-1.33224063812661,6,0,0.742096592485495,1.4207816559279,-0.208131177677554,1,3,2
"Same margins","most_exchangeable",35,22510,0.999976353678707,0,5.7820163974284,1.77329377020475,1,0.944910229308394,1.07080729142268,2.70221857237092,2,3,3
"Same margins","most_exchangeable",35,43482,0.999960310637685,0.666666666666667,5.24563794779,2.76061247943962,1,-0.457835183044267,-0.0950686082496667,-0.736233629158931,1,2,2
"Same margins","most_exchangeable",35,4807,0.993286831228223,0.2,-0.625062927033518,3.75980387571775,0,-2.34455075048074,-0.712285593055287,-1.39889159798016,1,2,1
"Same margins","most_exchangeable",35,2463,0.999956632638678,0.2,5.16892601654258,3.27074629215755,1,0.727884540498661,1.16609198688912,1.2767981194301,3,2,2
"Same margins","most_exchangeable",35,3904,0.999951862849763,0.0266666666666667,5.07057617114928,3.62264096742408,1,1.14890908200021,1.63948124443155,0.188204103775888,3,3,2
"Same margins","most_exchangeable",35,13699,0.999912027274966,0.0533333333333333,4.45106942461807,5.43836876390698,1,1.37351975130261,1.05724115121819,0.769195415086929,1,2,3
"Same margins","most_exchangeable",35,25659,0.99990729079235,0.64,4.4469122201156,5.66454824438841,1,0.0709561543516906,-0.931865606719903,-0.261652573774283,1,1,2
"Same margins","most_exchangeable",35,23482,0.999985603002516,0.28,6.28958149819311,0.666463115385318,1,1.58185301134125,-0.811998633832484,-0.511146268112028,2,1,1
"Same margins","most_exchangeable",35,24681,0.999955008572081,0.493333333333333,5.12362403322812,3.16394465741629,1,1.22481279407205,1.34234440775459,1.72797971686869,2,2,3
"Same margins","most_exchangeable",35,41770,0.999927605824732,0.346666666666667,4.6561909247991,4.06952517101245,1,0.134480513301443,-0.256653305647386,1.30639905873562,2,2,3
"Same margins","most_exchangeable",35,24693,0.999977966134902,0.106666666666667,5.84078147614985,1.45363450920683,1,0.924792751936665,0.740607271308394,-0.28208608464174,2,3,3
"Same margins","most_exchangeable",35,25056,0.999972759485054,0.04,5.6258856746216,1.63788228677116,1,0.670351883968588,1.35461890553469,0.0908388573879434,3,2,2
"Same margins","most_exchangeable",35,31295,0.999961870244171,0.0533333333333333,5.30985345592369,2.81607834103265,1,1.81697243205374,1.74560730074534,1.47395110889296,3,3,3
"Same margins","most_exchangeable",35,32059,0.999953951016098,0.946666666666667,5.09498514282885,3.51127490214994,1,-0.743457889011271,-0.352865927910035,0.240568240432481,1,1,1
"Same margins","most_exchangeable",35,650,0.975654965154653,0.306666666666667,-1.90446389331144,6,0,-0.392796425823479,-0.407094160915476,-0.934136900887458,2,1,2
"Same margins","most_exchangeable",35,27167,0.999951151901377,0.733333333333333,5.03974543971072,3.62716929240021,1,-0.380621513167775,-0.866221469481235,-0.538382442654521,2,1,1
"Same margins","most_exchangeable",35,15302,0.99996145642562,0,5.28149853195861,2.87458946344417,1,1.72567711838634,2.10378524667983,1.41907198707342,1,3,2
"Same margins","most_exchangeable",35,3476,0.999954041307283,0.52,5.11189611263803,3.01839831734592,1,-0.514719348179582,0.0416138076649215,-2.00512235250969,1,1,1
"Same margins","most_exchangeable",35,1157,0.994346594851871,0.586666666666667,-0.458663666395466,1.47523388732225,0,0.130197515413201,0.343400851831147,-0.452832757197312,2,1,1
"Same margins","most_exchangeable",35,38523,0.999958456213412,0.986666666666667,5.19870970178041,2.92218558197263,1,-1.21395114837241,-1.01424171597856,-1.21464558071025,1,1,1
"Same margins","most_exchangeable",35,12729,0.999958981264673,0.84,5.21610287239081,3.11787816260551,1,-0.132894310131277,-1.90699913910831,-1.53369236206216,1,1,1
"Same margins","most_exchangeable",35,43075,0.999975453207941,0.546666666666667,5.76126038403893,1.42460371789867,1,0.160456375738432,-0.162583889408136,-0.820535338439972,2,2,1
"Same margins","most_exchangeable",35,30646,0.9999873093719,0.146666666666667,6.37873678641674,0.491066515921251,1,1.67070245494548,0.0079098609513367,1.29161245684802,3,2,2
"Same margins","most_exchangeable",35,45031,0.999958955739918,0.986666666666667,5.20919849563104,3.00723268669747,1,-1.0242475669507,-0.895580345882077,-0.525063297619598,1,1,1
"Same margins","most_exchangeable",35,632,0.99997455224757,1,5.69395618319388,0.869745301710313,1,-0.689022539113182,-0.686154031987932,-0.925275611426488,1,1,1
"Same margins","most_exchangeable",35,16619,0.992424023174581,0,-0.743322437339178,2.35921896528453,0,1.09973664117816,0.277315386235779,-0.376409027366486,1,3,3
"Same margins","most_exchangeable",35,17240,0.999975211125609,0.253333333333333,5.72035727795566,1.2152541834734,1,-0.492083276214542,0.845468007716507,0.959492198194621,1,1,3
"Same margins","most_exchangeable",35,12804,0.999945058175735,0.293333333333333,4.9312361575393,3.82038565102691,1,-2.05380879712758,0.240119969793771,-0.435647175246972,1,2,1
"Same margins","most_exchangeable",35,46727,0.99996347436411,0.773333333333333,5.3395060953907,2.76372421807141,1,0.418329178350915,0.23626497851155,0.726097799065928,2,2,2
"Same margins","most_exchangeable",35,2231,0.999917163625806,0.16,4.52437746647414,5.81512197051917,1,0.510313194802317,0.327498050921449,-0.295455056773036,1,3,1
"Same margins","most_exchangeable",35,6928,0.999923515583653,1,4.58511165701841,5.62750110493564,1,-0.530420907875395,-0.808360399298415,-1.0738380459805,1,1,1
"Same margins","most_exchangeable",35,44112,0.999961348283989,0.146666666666667,5.28636984121185,2.83497087602057,1,1.23612578191072,-0.369543965155444,-0.180497272375742,3,2,3
"Same margins","most_exchangeable",35,494,0.999937830489231,0.0533333333333333,4.80942842655703,3.95821292859884,1,1.52434567788945,-0.0295754372444632,0.922472827039519,3,2,1
"Same margins","most_exchangeable",35,6126,0.999927539718505,0.826666666666667,4.66569120890345,5.14232253870276,1,-0.258864989299433,-0.686242143037282,-0.559508879005921,1,1,2
"Same margins","most_exchangeable",35,38615,0.999958013643047,0.466666666666667,5.18661249135825,2.92379355021689,1,-2.51138246911281,-1.78427034811366,-0.905575643294114,1,1,1
"Same margins","most_exchangeable",35,11210,0.982488614512982,0.466666666666667,-1.56906081654892,5.13110359134449,0,-0.0840424749630132,-1.45570102529939,-0.737532849299286,1,1,2
"Same margins","most_exchangeable",35,15640,0.999984907907027,0,6.20045798557843,0.806078203581314,1,1.98327972222221,2.1694502561536,2.55639189240926,3,3,3
"Same margins","most_exchangeable",35,34110,0.99997723642231,0.666666666666667,5.83222792983669,0.238202909844901,1,0.478912118623377,0.0829175617507994,-1.39915222069632,1,1,1
"Same margins","most_exchangeable",35,32617,0.98425725460628,1,-1.49275683300119,6,0,-0.536884461399192,-0.611122921737303,-0.412462199738521,1,1,1
"Same margins","most_exchangeable",35,10921,0.999963513194829,0.306666666666667,5.33997729051606,2.75356723229396,1,0.916692115633757,1.01760022735241,1.31198323800253,3,2,3
"Same margins","most_exchangeable",35,32938,0.999953030771107,0.893333333333333,5.07514579838694,3.30791120060168,1,-1.63343191621622,-0.135675083516796,-0.474059530365218,1,1,1
"Same margins","most_exchangeable",35,4998,0.999974439644865,0.96,5.68792495325164,0.482109085228522,1,-1.40979135595013,-0.75173241135066,-0.984268592321699,1,1,1
"Same margins","most_exchangeable",35,7917,0.993824749258246,0.0933333333333333,-0.546347888886511,1.64855280891061,0,-0.182038240982308,-0.0384616155196102,0.462344124204127,3,1,2
"Same margins","most_exchangeable",35,3888,0.999978859722031,0.16,5.89075067776673,1.34841709740667,1,0.817608888961769,1.87495092105996,2.37982691457087,3,2,3
"Same margins","most_exchangeable",35,26871,0.999983287871599,0.253333333333333,6.10915095080317,0.346711119001662,1,0.636743521951557,0.465504086351097,1.5814750491785,1,2,2
"Same margins","most_exchangeable",35,23984,0.999934715346348,0.653333333333333,4.74296655785639,4.00709873478135,1,0.618638205775661,0.0613006863453926,0.618479865922204,2,2,3
"Same margins","most_exchangeable",35,11422,0.999956600896805,0.946666666666667,5.1593299810166,2.87878592607595,1,-1.2032936660791,-0.496708738838074,-1.49131520692113,1,1,1
"Same margins","most_exchangeable",35,24285,0.99997800818492,0.0133333333333333,5.8836296195693,0.773497931651273,1,1.26001934454871,1.18940050816673,-0.144815425108723,1,2,3
"Same margins","most_exchangeable",35,49328,0.999940468567059,0.813333333333333,4.84231940209796,4.50069978485324,1,-0.906160229790931,-0.503970995471005,-2.10952890534934,1,1,1
"Same margins","most_exchangeable",35,35951,0.999983246618039,0.146666666666667,6.10195761278295,0.886360414251599,1,2.08891551774984,1.55064906024441,0.929311933918353,2,3,2
"Same margins","most_exchangeable",35,18752,0.999973285084345,0.36,5.62318213768033,1.68552928374044,1,-1.35200683904019,-1.35323456408725,0.431618439887877,1,1,2
"Same margins","most_exchangeable",35,35787,0.98867034940689,0.826666666666667,-1.15049458902726,6,0,-1.79722912569926,-1.39409254683463,-2.04459741987993,1,1,1
"Same margins","most_exchangeable",35,42460,0.999976110916022,0.24,5.7612568407611,1.30106596599122,1,-1.46999019072776,-0.374394421083535,0.235387488724906,2,1,1
"Same margins","most_exchangeable",35,24267,0.999928361728346,0.0933333333333333,4.6778473619606,4.57007469605762,1,0.792720127748115,-0.350837398767892,0.210345909807539,1,1,3
"Same margins","most_exchangeable",35,5810,0.999973571836272,0.413333333333333,5.65064970033295,1.6169324368773,1,0.0142405122840085,0.232014735205972,1.20571922550038,1,2,2
"Same margins","most_exchangeable",35,36543,0.999967486379044,0.373333333333333,5.43935779771977,2.18658420222866,1,-1.79929178439256,-1.35452159528235,0.431426625849192,1,1,1
"Same margins","most_exchangeable",35,11516,0.999984063662378,0.0533333333333333,6.14878873447974,0.987154603857566,1,2.12198512364145,1.13577485622715,1.40049412672013,3,3,3
"Same margins","most_exchangeable",35,48639,0.999941452034652,0.906666666666667,4.85558386893797,4.49507053054742,1,-1.83669316318175,-1.13535941820157,-0.804982094918329,1,1,1
"Same margins","most_exchangeable",35,331,0.999966550237408,0.773333333333333,5.41534875027244,1.90077606484103,1,-1.95227615716347,-2.04226770882767,-1.79285048465571,1,1,1
"Same margins","most_exchangeable",35,20171,0.999933179644695,0.826666666666667,4.72850313821649,4.57057797284342,1,0.64130025243763,0.950230078045001,0.344223036903578,2,2,2
"Same margins","most_exchangeable",35,44022,0.999957396904114,0.306666666666667,5.19390315915794,3.00651446489966,1,0.808770769190831,0.311972719781048,1.66510085065576,3,2,3
"Same margins","most_exchangeable",35,22666,0.999968429287025,0.253333333333333,5.4744707682756,1.94615750885837,1,0.790416630306432,0.717595112425788,-0.656475805414048,1,1,2
"Same margins","most_exchangeable",35,19310,0.999961016266751,0.733333333333333,5.25862059650585,2.66880010472871,1,-1.94542451790638,-0.832139011180932,0.0602443550321005,1,1,1
"Same margins","most_exchangeable",35,18276,0.999964579144059,0.213333333333333,5.37041014387786,2.65454411171137,1,1.70823262864603,0.566284358070195,0.355580655472684,3,2,3
"Same margins","most_exchangeable",35,42455,0.999943439278995,0.106666666666667,4.9017742231995,4.25164256951196,1,0.250763268055731,1.42863172389381,0.846191994493753,1,1,3
"Same margins","most_exchangeable",35,48965,0.999983907976267,0.146666666666667,6.10650508273675,0.549656542523869,1,1.42312164865875,0.99940951434952,0.415828598489246,3,3,2
"Same margins","most_exchangeable",35,17053,0.984073286251202,0.733333333333333,-1.49734089722966,6,0,0.360622397753693,-0.0659654890205945,-0.592088660970458,1,2,1
"Same margins","most_exchangeable",35,9718,0.999928693707192,0,4.76750136153144,4.19130957215255,1,-0.378053408295861,-0.532192052842971,0.739508076388456,3,3,3
"Same margins","most_exchangeable",35,6629,0.999968118533756,0.173333333333333,5.4722687830568,2.35224491395697,1,0.0326904471865103,-0.530676702297826,1.14919752276822,1,2,2
"Same margins","most_exchangeable",35,24096,0.99995167512774,0.68,5.05614150980283,3.63323411114931,1,0.47683123765046,0.634380864303049,-0.326027468695765,1,2,1
"Same margins","most_exchangeable",35,32123,0.999922400104437,0.106666666666667,4.57867478566818,5.10382499434519,1,1.00636720644554,1.26637445808692,1.32341875324006,1,2,3
"Same margins","most_exchangeable",35,38279,0.999958985968638,0,5.22376857856173,3.09141285153943,1,1.12061405721199,2.69986022380056,1.66977124312359,3,3,2
"Same margins","most_exchangeable",35,32203,0.999988650043508,0.0533333333333333,6.48234964642894,0.290794368645461,1,0.548723662268685,0.392445575421008,1.56310015717259,2,3,3
"Same margins","most_exchangeable",35,24264,0.999976642758001,0.666666666666667,5.8021071065349,0.676983421769919,1,-0.417452725613035,-1.07812770668751,-1.01950284373621,1,2,1
"Same margins","most_exchangeable",35,42990,0.999954752758541,0,5.12620206541305,3.42645410575179,1,0.140644350276684,0.799016286370432,0.222569338350969,3,3,1
"Same margins","most_exchangeable",35,30550,0.999969848695745,0.146666666666667,5.52703737659165,2.23458571192457,1,0.518397281270429,-0.035491736593625,0.614525220429607,1,1,3
"Same margins","most_exchangeable",35,4615,0.999951057777701,0.946666666666667,5.03628120817871,3.75114030225355,1,-0.436583545069437,-0.957936687914433,-0.164649529457054,1,1,1
"Same margins","most_exchangeable",35,19025,0.999987182706068,0.0933333333333333,6.37529484748256,0.280228736373257,1,0.57866524161724,-0.646467837006043,-0.374381700618944,3,1,3
"Same margins","most_exchangeable",35,4634,0.999951224212057,0.946666666666667,5.0393541362446,3.49171110845395,1,-1.27052370991711,-0.215634388912308,-1.05646427303078,1,1,1
"Same margins","most_exchangeable",35,20356,0.977088680513577,0.293333333333333,-1.82005882501083,6,0,0.741889172227579,1.07061278774367,-0.415428327957274,2,1,1
"Same margins","most_exchangeable",35,31517,0.99997617962709,0.36,5.73105765216467,1.24387893269957,1,-1.30564091487486,-1.92796629439972,-0.656286045937683,1,1,2
"Same margins","most_exchangeable",35,27915,0.999968350465489,0.36,5.47934773919618,2.25632683040474,1,-0.817989763500349,0.0133783741113944,-0.0644558326376675,2,2,2
"Same margins","most_exchangeable",35,326,0.999977808699214,0.306666666666667,5.85264920692437,1.3825238033688,1,0.70427912561433,-1.18808038108546,-1.88641458554434,2,1,1
"Same margins","most_exchangeable",35,9896,0.999970925250193,0.373333333333333,5.56315616709144,1.66855265707351,1,0.570154757327712,1.61695313370721,1.34218582301351,1,2,2
"Same margins","most_exchangeable",35,29508,0.999968269902875,0.893333333333333,5.46712977503424,2.18626362570869,1,-0.456380161106111,-0.614109987504714,0.310450603513453,1,1,1
"Same margins","most_exchangeable",35,732,0.999978842358646,0.373333333333333,5.87463512499957,0.966835765446134,1,0.599105401299345,0.0086363142038109,0.568776756643544,1,2,2
"Same margins","most_exchangeable",35,36779,0.999941350036293,0.253333333333333,4.87407124380859,4.12704320937652,1,-0.119166944940621,-0.324218557114242,0.812835015813423,1,1,3
"Same margins","most_exchangeable",35,11701,0.999984485288397,0.253333333333333,6.23816600776347,0.270078556626457,1,1.28864284824731,-0.259174657671506,-1.56926262417906,2,1,1
"Same margins","most_exchangeable",35,2081,0.98705371923796,0.506666666666667,-1.29252869395825,6,0,0.0145060452737002,0.516685805932626,-0.814610223089136,1,2,2
"Same margins","most_exchangeable",35,14294,0.996399311872212,0.706666666666667,-0.0109246105401409,0.0243155751377344,0,0.711813428056721,0.654410920074297,1.18009224556476,2,2,3
"Same margins","most_exchangeable",35,4951,0.999967716490053,0.36,5.4548815673254,2.30178677109858,1,0.0202383909496342,0.292269191426964,1.33945075324689,1,2,2
"Same margins","most_exchangeable",35,39361,0.999966085789269,0.72,5.41724122185367,2.24989197296346,1,-0.0896301841266287,-0.712157977424058,-0.779274953480154,1,2,1
"Same margins","most_exchangeable",35,10339,0.990053849871496,0.466666666666667,-1.01504881924233,6,0,-0.817666319326562,0.546181792656194,-1.60567003843954,1,1,1
"Same margins","most_exchangeable",35,25462,0.999970751549089,0.146666666666667,5.55380925485444,2.09325897828847,1,0.149154716908791,0.477026611231106,0.248415829679847,2,3,1
"Same margins","most_exchangeable",35,34123,0.999936994734408,0.733333333333333,4.78808101511712,4.80057541810044,1,-0.539106127826662,0.909260313098178,0.754128994794724,1,2,2
"Same margins","most_exchangeable",35,46860,0.999935411331415,0,4.77870246606395,4.66981402767305,1,1.70141687236538,1.33314011010166,-0.641542904439971,1,3,3
"Same margins","most_exchangeable",35,15729,0.999949338788325,0.24,5.00682877794524,3.86553212032025,1,-1.07140135470433,0.452207403911548,0.0313314107152961,2,2,1
"Same margins","most_exchangeable",35,17526,0.999977512567069,0.16,5.82367840061619,1.68704480029082,1,1.03004491465301,-0.597579260455589,0.665944337064724,3,1,3
"Same margins","most_exchangeable",35,27327,0.999973221263263,0,5.63913939367883,1.49219916753113,1,1.16477227030845,1.67818461585775,0.122523091565469,1,3,3
"Same margins","most_exchangeable",35,39400,0.99996458006839,0.16,5.38262028727314,2.59427057426757,1,0.464921321499277,0.405307231318435,2.35013366022841,3,2,3
"Same margins","most_exchangeable",35,11414,0.999975176235315,0.706666666666667,5.73620515527447,1.72818984062372,1,0.074484994129507,0.988650898119137,1.12969903558388,2,2,3
"Same margins","most_exchangeable",35,8569,0.99998129812756,0.733333333333333,6.00748713867709,0.932480091617926,1,0.0644663005102656,0.14729685556957,0.54461068792774,2,2,2
"Same margins","most_exchangeable",35,19048,0.99995240086859,0.0933333333333333,5.07034073916563,3.62085026409125,1,0.577182083239504,0.50961374739201,-0.305718019286135,3,2,1
"Same margins","most_exchangeable",35,27124,0.999899109220184,0.16,4.35766526119296,5.6795412647646,1,0.342085728167842,0.110551951782469,0.30821409333264,3,2,2
"Same margins","most_exchangeable",35,4671,0.999934783079924,0.853333333333333,4.7593016180756,4.79719896526911,1,-1.38121464147487,-2.04416954198158,-0.809349085882175,1,1,1
"Same margins","most_exchangeable",35,27216,0.999898251255287,0.626666666666667,4.36729454652414,5.2812618265079,1,0.0411817870001653,0.079635759854985,0.805913350324065,2,1,2
"Same margins","most_exchangeable",35,34604,0.999972140972925,0.973333333333333,5.60363749624899,1.17905766945881,1,-0.587044449464359,0.0398324588845853,-0.25367515114012,1,1,1
"Same margins","most_exchangeable",35,38188,0.999941067979077,0.626666666666667,4.85859056074844,4.29102688436096,1,-0.0289898925217807,-0.686781886011778,0.612642856482112,1,1,1
"Same margins","most_exchangeable",35,35134,0.999984159533488,0.466666666666667,6.20469754767947,0.795956253766537,1,1.14724273548633,0.180539495984004,0.0231939250843092,2,2,3
"Same margins","most_exchangeable",35,38186,0.999977189542274,0.12,5.81310592785062,1.68311068044663,1,0.0208675750839278,-0.466880117176822,1.70280461079374,3,2,3
"Same margins","most_exchangeable",35,29850,0.999968870801261,0.773333333333333,5.52226454981059,1.32192613537803,1,-0.294916687763887,-0.312378794384533,-1.51213402130353,1,2,1
"Same margins","most_exchangeable",35,27106,0.999944507361588,0.48,4.91138006450418,4.25452154346973,1,-1.01131782853697,0.477255515525243,1.15871870662205,1,1,1
"Same margins","most_exchangeable",35,21236,0.999935005219278,0.253333333333333,4.75266982312612,4.84929031244306,1,0.00471811113846412,0.651084976329736,-0.109345477868487,1,2,3
"Same margins","most_exchangeable",35,22925,0.999942641192334,0.24,4.87820670738949,4.3969112282422,1,-0.219153379839403,0.514846893003127,-0.0385810995513738,1,3,1
"Same margins","most_exchangeable",35,41847,0.995092660111626,0.826666666666667,-0.320153444083507,1.38254746587324,0,-0.167740832240208,0.928080257315044,0.582819078035037,1,2,2
"Same margins","most_exchangeable",35,24494,0.999931685641303,0.426666666666667,4.71739013784767,5.15077913102331,1,-1.64926854520536,0.385550963195708,0.729460028887943,1,1,2
"Same margins","most_exchangeable",35,37325,0.999964175671639,0.986666666666667,5.34781534658289,2.5294384148925,1,-0.510959433462257,-1.17914461471977,-1.0320100441603,1,1,1
"Same margins","most_exchangeable",35,2913,0.99997252655221,0.293333333333333,5.60833700439811,1.89521660461643,1,0.71182098018253,0.777049950063765,-0.516586018990967,2,3,2
"Same margins","most_exchangeable",35,29113,0.999978381125892,0.0133333333333333,5.84479486939991,1.28884191974396,1,0.983927794214066,1.55635555334048,0.665968112531694,3,3,3
"Same margins","most_exchangeable",35,27534,0.999972237718004,0.733333333333333,5.58249589833366,1.52930123955898,1,-1.02069193960381,0.0615959101050762,0.803693878558575,1,1,2
"Same margins","most_exchangeable",35,2230,0.999950719161394,0.893333333333333,5.03076952091667,3.77436760058913,1,-1.03205453720549,-1.11355779970735,0.113424582242065,1,1,1
"Same margins","most_exchangeable",35,29665,0.999938419626498,0.853333333333333,4.80866921775115,4.71574495089527,1,-1.54114797615433,-1.89655449869426,-2.14934730698004,1,1,1
"Same margins","most_exchangeable",35,44245,0.999946817863236,0.96,4.95056723884411,4.0900867785324,1,-0.205400460914585,0.0127618763492181,-0.269232517149656,1,1,1
"Same margins","most_exchangeable",35,15949,0.999938503206016,0.0533333333333333,4.81134849536387,4.52146658659357,1,0.138303664013063,0.479473293603333,0.0797261271441222,3,2,1
"Same margins","most_exchangeable",35,23586,0.999969717062181,0.666666666666667,5.52518364133931,2.26550603925148,1,-0.00411118135992093,0.192887575918538,0.804014931131061,2,2,2
"Same margins","most_exchangeable",35,4047,0.999983777270799,0.306666666666667,6.11549800162498,0.522090842658877,1,0.313262328048192,-0.737960450709567,0.763944767027734,1,1,2
"Same margins","most_exchangeable",35,41169,0.999952408641686,0.24,5.09202439974506,3.45925814402647,1,1.71422160519164,1.45866839217885,0.204896658612138,2,3,2
"Same margins","most_exchangeable",35,15870,0.999985768387818,0.146666666666667,6.27261560262716,0.786259291417996,1,1.42214554721279,-0.107672926230437,0.732599198090199,3,1,3
"Same margins","most_exchangeable",35,12308,0.999926751128837,0.213333333333333,4.65448760978419,5.13242696290078,1,0.991703982612066,-0.0534059186553925,-0.973879526894361,1,1,2
"Same margins","most_exchangeable",35,42808,0.99992391655193,0.36,4.60277276677887,5.69657974792842,1,-1.35968249304876,-2.19148728468685,-2.96504768717088,1,1,1
"Same margins","most_exchangeable",35,38903,0.980504085620849,0.866666666666667,-1.69235133592402,6,0,-0.999436834260359,-1.64185113020132,-0.234418047183004,1,1,1
"Same margins","most_exchangeable",35,1042,0.999964755217023,0.706666666666667,5.36450204785207,2.6299904557925,1,0.146230472140731,-0.356909970444935,0.294838334224015,1,1,2
"Same margins","most_exchangeable",35,32810,0.999954877804152,0.413333333333333,5.1320520870335,3.30508902317592,1,0.879119528997639,0.912246085001566,-0.46748301720064,1,2,1
"Same margins","most_exchangeable",35,34674,0.999961806752369,0.146666666666667,5.29040026922178,2.81266209295472,1,0.778557244442,-0.656875413625625,0.642889831310786,2,2,1
"Same margins","most_exchangeable",35,38678,0.999990283791495,0.0133333333333333,6.62671143700514,0.232908582024277,1,2.29611329868918,0.470897392904188,1.34428221669266,3,3,3
"Same margins","most_exchangeable",35,2846,0.999953876170315,0.96,5.09556681592928,3.43524892830919,1,-0.293722653307575,-0.0127289116660247,-0.68667077412784,1,1,1
"Same margins","most_exchangeable",35,22189,0.99997297234061,0.96,5.63357886996232,1.46384442522559,1,-0.0163274533368788,-0.468067722867158,-0.482253131329147,1,1,1
"Same margins","most_exchangeable",35,33313,0.999935115549475,0.666666666666667,4.75685788757799,4.96559735097854,1,-0.826967755994879,0.976605901506756,0.559489254755548,1,2,2
"Same margins","most_exchangeable",35,49619,0.999936263081425,0.946666666666667,4.76822539857112,4.91117346373669,1,-0.517835601171004,0.415023134037821,-0.578575868545051,1,1,1
"Same margins","most_exchangeable",35,42231,0.999970217898489,0.36,5.52978469896793,2.13346615799805,1,0.491824189104962,-0.976452482143811,-0.597136091331765,1,1,2
"Same margins","most_exchangeable",35,26129,0.999922017586516,0.866666666666667,4.56186775409122,5.86091752661368,1,-0.821379017515563,-0.0405380942882272,-0.26536506047237,1,2,1
"Same margins","most_exchangeable",35,7266,0.999982396457149,0.653333333333333,6.05827717315324,0.901495020761052,1,0.556231543317443,0.11710955652548,0.199732935235698,2,1,2
"Same margins","most_exchangeable",35,13445,0.99569197137473,0.68,-0.188973917187991,0.745333653423082,0,0.0168791376654212,-0.263555538161815,-0.740540868992218,1,1,2
"Same margins","most_exchangeable",35,42826,0.983049597241079,0.866666666666667,-1.55263972673902,6,0,-1.21250766661025,-0.907454331396026,0.35254526180472,1,1,1
"Same margins","most_exchangeable",35,672,0.999970661030264,0.84,5.53205360715077,1.78857615611961,1,-0.593467498200933,-0.796350606000777,-0.732275414133251,1,1,2
"Same margins","most_exchangeable",35,33715,0.999962180187239,0.84,5.28672421161153,2.7163169946221,1,-0.691591482629586,0.318152939820846,0.672998797010653,1,1,2
"Same margins","most_exchangeable",35,7905,0.999978045345747,0.106666666666667,5.8480202247323,0.943517644984659,1,0.183984925795657,1.48085965720603,1.59835655315593,1,1,3
"Same margins","most_exchangeable",35,3735,0.999922410184855,0.0933333333333333,4.59949362563797,5.01679101773711,1,0.808979091786365,-0.0028604348268248,-0.670786000899024,3,2,2
"Same margins","most_exchangeable",35,24950,0.999954340534349,0.493333333333333,5.10887980239981,3.36457555776544,1,1.13585882030316,1.42803148005187,0.442016155572929,2,2,3
"Same margins","most_exchangeable",35,18105,0.999964923847284,0.826666666666667,5.35444257721762,2.22151051078678,1,-1.0593993771329,0.168567038348093,0.0243712063687081,1,1,2
"Same margins","most_exchangeable",35,30452,0.999932421925901,0.946666666666667,4.71603585301384,5.0028077593288,1,-1.02027661133953,-1.39690988438445,-0.666879893037424,1,1,1
"Same margins","most_exchangeable",35,4867,0.999956877741911,0.08,5.17221096589793,3.27504150761012,1,0.52341037780951,-0.207938116642729,-0.790429610994018,1,2,3
"Same margins","most_exchangeable",35,7534,0.99998097698477,0.293333333333333,5.98599010626539,1.20968813089782,1,0.831842989930867,-1.06324168939208,-1.04363719604459,2,1,2
"Same margins","most_exchangeable",35,34163,0.999941375351408,0.493333333333333,4.85636546944343,4.48860143825072,1,0.764011182038263,0.5033093689341,-0.798048313143965,1,2,1
"Same margins","most_exchangeable",35,5488,0.99994602962804,0.613333333333333,4.93933786863731,4.12921344649026,1,-0.257549923705806,0.797053414761588,0.616367348613102,1,2,1
"Same margins","most_exchangeable",35,32965,0.983413781366842,0.946666666666667,-1.54228535452641,6,0,-0.490742037116781,-0.446063144860365,0.0271517317072475,1,1,1
"Same margins","most_exchangeable",35,25316,0.999938730904268,0.893333333333333,4.81244517312067,4.51756591545708,1,0.193368638024692,-0.875080987710765,-0.488554129724144,1,1,1
"Same margins","most_exchangeable",35,44460,0.9999773781416,0.693333333333333,5.80271276712137,1.20423461679936,1,-0.690246388256339,-2.12901566569732,-0.680641502885969,1,1,1
"Same margins","most_exchangeable",35,10914,0.999969913897095,0.506666666666667,5.52871090636809,2.2591614130438,1,0.0378228236500341,-0.64632239710554,-0.531017857592307,2,1,2
"Same margins","most_exchangeable",35,12867,0.99998179776358,0.146666666666667,5.99740782898075,1.08598903560733,1,1.51962662069455,0.122955414448435,0.120282933001586,3,3,2
"Same margins","most_exchangeable",35,25345,0.999909400826456,0.16,4.43740208761668,5.57553098645115,1,-0.415108242699089,-0.0154153117976131,1.21782246666547,1,2,3
"Same margins","most_exchangeable",35,10707,0.999951602787886,0.16,5.08727396230922,3.47468285182853,1,1.42293222215742,0.686055945801274,0.264898203772578,3,3,2
"Same margins","most_exchangeable",35,38656,0.974427620804209,0.493333333333333,-1.95833609611814,6,0,-0.291545684344968,-1.22842963703054,-1.71209518742597,2,1,1
"Same margins","most_exchangeable",35,28107,0.99993226697595,0.866666666666667,4.72379542622774,5.05335586858777,1,-0.673035013048447,0.183257379882006,0.12801603803614,1,1,2
"Same margins","most_exchangeable",35,19568,0.999981045379174,0.253333333333333,6.00002807811344,1.32030880798419,1,1.76347177882742,0.1212378815869,0.667605105637104,3,2,3
"Same margins","most_exchangeable",35,29830,0.999983024701855,0.28,6.10736348766067,0.773667576911416,1,0.1128288377294,0.264898248746599,0.938446781024614,3,2,3
"Same margins","most_exchangeable",35,956,0.999944553834121,0.946666666666667,4.91030239093365,4.25046578945465,1,-0.156941275869815,0.0112780701932308,-1.03939428607403,1,1,1
"Same margins","most_exchangeable",35,4988,0.977042495677139,0,-1.82239143111561,6,0,1.84431219989862,1.30614317812212,0.807058127242215,1,3,2
"Same margins","most_exchangeable",35,47446,0.982123034243952,0.666666666666667,-1.60750704268443,6,0,0.38864247124395,0.558250462132287,0.5588363720393,1,2,2
"Same margins","most_exchangeable",35,8707,0.999951689939176,0.493333333333333,5.06598034414106,3.09820548509528,1,-1.62526776485509,-0.0792327889796307,-1.17006768077163,1,2,1
"Same margins","most_exchangeable",35,42713,0.999937593979088,0.866666666666667,4.79472880118901,4.72396109854683,1,-1.03337471885413,-0.252832399758973,0.624169472736251,1,1,1
"Same margins","most_exchangeable",35,41348,0.999943266805152,0.506666666666667,4.92287921278331,4.07141208175044,1,-0.513645815112735,-1.31473970581034,0.192098546902601,1,1,2
"Same margins","most_exchangeable",35,23623,0.999957548356501,0.306666666666667,5.18605764421263,3.23038219822455,1,0.643938500236471,1.4500310414344,0.660089238522735,2,2,1
"Same margins","most_exchangeable",35,2237,0.999955831908913,0.986666666666667,5.13815421103195,3.24070191072172,1,-0.502603371182551,0.0237052533084633,-0.411577467191851,1,1,1
"Same margins","most_exchangeable",35,35285,0.996388922643673,0.933333333333333,-0.0138922398154433,0.0692281539492559,0,-0.816566654544014,0.475957282249379,-0.305261028173936,1,1,1
"Same margins","most_exchangeable",35,47880,0.999977373805392,0.493333333333333,5.81895656088013,1.44313501418663,1,0.183015173276179,-0.553706453776461,-0.633477236477891,2,2,2
"Same margins","most_exchangeable",35,38135,0.999975717490997,0.08,5.75778664495748,1.4435125356902,1,0.397591238558484,-0.618332205997735,-0.620327123902364,1,2,3
"Same margins","most_exchangeable",35,34999,0.999970364682412,0.16,5.55627787420606,2.20726481075185,1,1.56372528744931,1.63916513837135,1.15817799823273,2,1,2
"Same margins","most_exchangeable",35,34515,0.999973749246999,0.906666666666667,5.671868708671,1.13497219328865,1,0.0580043191608706,-0.774233348430762,-1.5516974256223,1,1,1
"Same margins","most_exchangeable",35,15386,0.999983182302728,0.786666666666667,6.11767841308886,0.47633819213611,1,0.0480935778354606,0.673960771775675,0.750150092065774,2,2,2
"Same margins","most_exchangeable",35,37639,0.999948852972684,0.826666666666667,4.9992429838319,3.8455842079127,1,0.0268945464380734,-0.029022959278997,-1.16134315685293,1,2,1
"Same margins","most_exchangeable",35,17531,0.986845489639148,0.813333333333333,-1.30666672776755,6,0,-0.073484367673438,0.811479267329388,0.063962590192682,1,2,1
"Same margins","most_exchangeable",35,33913,0.999975298195696,0,5.75223493711036,1.51235009932277,1,1.65923678679544,0.578809087808089,-0.280486857131131,1,2,3
"Same margins","most_exchangeable",35,32635,0.999963402083243,0.0533333333333333,5.34187791932249,1.0797937669035,1,-2.87084480028202,-1.84625817302591,-2.93275445105638,1,1,1
"Same margins","most_exchangeable",35,2749,0.999952097518833,0.64,5.06066183142105,3.61514184989702,1,-0.0120086668812422,-0.683291540717906,-1.38227574678433,2,1,1
"Same margins","most_exchangeable",35,26015,0.995294396919864,0.293333333333333,-0.276463721584896,0.813328270352202,0,0.972718634361297,-0.349308722686409,-1.58211128509287,2,2,1
"Same margins","most_exchangeable",35,33307,0.999980789700217,0.52,5.93811281132696,0.0587146948136751,1,-1.06109947789613,0.341443992447561,1.18477359181241,1,1,2
"Same margins","most_exchangeable",35,18103,0.999939880847642,0.0133333333333333,4.87626580736908,4.3162494557695,1,-0.222477759435926,0.677811441263693,0.363625632841302,3,3,2
"Same margins","most_exchangeable",35,33678,0.99996570648515,0.906666666666667,5.39192285716838,2.50189729930193,1,-0.376348193816543,-1.65152891115855,-0.913513988156982,1,1,1
"Same margins","most_exchangeable",35,30438,0.984997321765424,1,-1.44483217211833,6,0,-0.574358566894341,-0.595911888031592,-0.611529811257107,1,1,1
"Same margins","most_exchangeable",35,12282,0.993835652915821,0.826666666666667,-0.541104286142578,2.17665783819935,0,-0.987480127010911,-0.0867799422725796,0.616121873690172,1,1,2
"Same margins","most_exchangeable",35,41810,0.987239776040692,0.893333333333333,-1.27224967862213,6,0,-1.82232870521785,-0.742534076930799,-0.279170943064453,1,1,1
"Same margins","most_exchangeable",35,21506,0.999956664542358,0.306666666666667,5.15458750465103,2.79605918541934,1,-2.784967062239,-1.12285479449012,-0.723940459747078,1,1,1
"Same margins","most_exchangeable",35,26997,0.974728229558932,0.506666666666667,-1.963432378076,6,0,0.0817431718521439,-0.113054642157585,-0.703190262524633,2,2,2
"Same margins","most_exchangeable",35,1502,0.999967342802929,0.946666666666667,5.4465287618788,1.9683092616751,1,-0.478593018084904,-1.18331889952305,-1.78495111137378,1,1,1
"Same margins","most_exchangeable",35,24402,0.999971906527662,0.253333333333333,5.59230893438441,2.02752000024809,1,0.56291861851818,0.512800387631949,0.720962679227146,3,2,2
"Same margins","most_exchangeable",35,26164,0.999954779759635,0.64,5.11765198256157,3.2579671233458,1,-0.00237749669357095,0.980537079499806,-0.28211425459955,1,2,2
"Same margins","most_exchangeable",35,40866,0.999964954405266,0.586666666666667,5.38680254832938,2.39599120742096,1,0.625184589821214,0.129767217389784,-0.367649925186789,1,2,1
"Same margins","most_exchangeable",35,12773,0.999925576534977,0.12,4.64916062392234,4.50696928174201,1,2.11869818478949,1.55338927930832,1.38187546807308,3,2,2
"Same margins","most_exchangeable",35,9532,0.999961110298466,0.293333333333333,5.28010468221873,2.9178372532362,1,1.26523334675185,2.52625705609667,1.84404242597946,2,2,3
"Same margins","most_exchangeable",35,3918,0.999965513683021,0.946666666666667,5.39206852789578,2.29539912078603,1,0.100881455769504,-0.470852803494833,-1.11902898473485,1,1,1
"Same margins","most_exchangeable",35,13487,0.999965786610385,1,5.39466706732612,2.04453707659157,1,-0.876402635863415,-0.295257837839661,-0.565622980266091,1,1,1
"Same margins","most_exchangeable",35,16230,0.99997138524706,0.706666666666667,5.56924900539416,1.70315599175992,1,-0.373956647387411,0.0243117848552168,0.533946366135086,1,2,2
"Same margins","most_exchangeable",35,3370,0.999955634584007,0.16,5.14755455538706,3.26533050046435,1,0.73075322939674,-0.483453688211311,0.154898610955831,3,1,1
"Same margins","most_exchangeable",35,41845,0.999961823243873,0.133333333333333,5.28986530397513,2.86878166529646,1,-0.0433598001754174,0.772600127722075,0.0250260594114324,2,3,1
"Same margins","most_exchangeable",35,42706,0.999955263184996,0.0666666666666667,5.1726981537454,3.00912890360438,1,2.01719941944162,0.817987021623103,1.23703687460516,3,3,3
"Same margins","most_exchangeable",35,9174,0.999934381636245,1,4.73862085020442,5.03414521893598,1,-1.04405433255112,-0.476326278710319,-0.644294091380848,1,1,1
"Same margins","most_exchangeable",35,38554,0.999944489615164,0.866666666666667,4.91135453232272,4.24561649784576,1,-0.739613913325757,-0.37923641099332,-0.67658797646745,1,2,1
"Same margins","most_exchangeable",35,13895,0.99995452368865,0,5.1335451589404,3.26871079695246,1,1.69644228106002,2.46928001816173,1.55372670027778,2,3,3
"Same margins","most_exchangeable",35,18793,0.995912918984408,0.12,-0.135669209053269,0.415884354151785,0,1.03582388488663,0.759403488415012,0.643663396429753,1,2,3
"Same margins","most_exchangeable",35,36618,0.999954583976499,0.933333333333333,5.10953460721181,3.34678398858162,1,-0.705820062478979,0.383920698043634,0.192389205480966,1,1,1
"Same margins","most_exchangeable",35,2107,0.995137622257142,0.826666666666667,-0.308006358613824,1.29505610835276,0,-1.21939520053361,-0.259245248314569,0.306162916365101,1,1,2
"Same margins","most_exchangeable",35,11071,0.999928291153471,0.106666666666667,4.67899258998006,4.84815981518752,1,-0.266276708177307,0.246592248401942,0.170230076699291,2,3,1
"Same margins","most_exchangeable",35,30258,0.999971085931583,0.96,5.57013905005261,1.4414048324097,1,-0.349393925632357,-0.840206384174428,-1.4665366768305,1,1,1
"Same margins","most_exchangeable",35,43164,0.999932214792421,0.96,4.7084606574685,5.17544861228081,1,-1.27332638919476,-1.21744510508826,-1.43305221591807,1,1,1
"Same margins","most_exchangeable",35,36025,0.999942610499946,0.666666666666667,4.88501263313807,4.36198616598941,1,0.00810364062272656,0.885539351792675,0.473021245188613,1,1,2
"Same margins","most_exchangeable",35,45323,0.999977065911722,0.546666666666667,5.78818506518532,0.880477671246287,1,-0.824774293246563,-0.118044798192959,1.05541416824213,1,1,1
"Same margins","most_exchangeable",35,43587,0.982295491995012,0.546666666666667,-1.56793602584841,6,0,-1.34486387556152,-0.667931379153169,0.66789850373317,1,1,2
"Same margins","most_exchangeable",35,26493,0.99998380851526,0.52,6.18962304809501,0.310427629070517,1,0.153967288162393,-0.281281549502315,-0.30632017546862,2,2,1
"Same margins","most_exchangeable",35,15859,0.999946625979374,0.493333333333333,4.95467271659549,4.06673658404505,1,0.760501417555163,0.973358146530598,-0.283600060214277,1,2,1
"Same margins","most_exchangeable",35,22101,0.999943287385444,0.96,4.8880556502584,4.33038929610075,1,-0.803005608517613,-0.89986673371484,-0.247604580712918,1,1,1
"Same margins","most_exchangeable",35,8597,0.999986853350037,0.8,6.40060553616628,0.180762407011929,1,0.686014990790041,0.920092530667395,0.903629132315197,2,2,3
"Same margins","most_exchangeable",35,31162,0.999940962275502,0,4.86562939712089,4.42184435582909,1,-0.656165958982402,1.54580148528166,1.25908367059474,3,2,2
"Same margins","most_exchangeable",35,29515,0.999963008208128,0.12,5.32552959412083,2.80910035971774,1,1.89281683659296,1.32712688662354,0.58163936704339,3,2,2
"Same margins","most_exchangeable",35,30063,0.992859099052876,0.0933333333333333,-0.690177170926198,2.92348905598183,0,1.23880472971876,1.48904444930242,-0.238948745909081,1,3,2
"Same margins","most_exchangeable",35,22104,0.999918190139713,0.613333333333333,4.52130246253852,4.93895320605729,1,0.563191641188883,-0.94771887734959,-1.22339637817988,2,1,1
"Same margins","most_exchangeable",35,37486,0.991182622211546,0.213333333333333,-0.882942066664183,2.20286160751393,0,-1.18139281898068,-0.244340012325363,1.21494907557049,2,1,3
"Same margins","most_exchangeable",35,43879,0.999981030104221,0.706666666666667,6.01709108859815,0.962584071837483,1,0.0275185611783614,0.891107968201543,0.898988918698472,2,2,3
"Same margins","most_exchangeable",35,23130,0.999961532583776,0.506666666666667,5.28818287561312,2.87748185683981,1,1.35634407189514,0.25588800828631,-0.0124727266263344,2,2,2
"Same margins","most_exchangeable",35,35585,0.99590316253542,0.52,-0.139104506727603,0.318688745017099,0,1.08105985723334,0.233650553582765,0.880681561500258,2,2,2
"Same margins","most_exchangeable",35,41737,0.986047005897841,0.253333333333333,-1.34935500136695,4.04686722904444,0,0.676631109402424,1.7491211905154,1.31329641919646,2,3,2
"Same margins","most_exchangeable",35,33881,0.999963701653386,0.933333333333333,5.33396008046995,2.4723540175901,1,-0.601134886318148,0.167847499437038,0.361727194692726,1,1,1
"Same margins","most_exchangeable",35,49599,0.999926296281332,1,4.62151155836083,5.5118091404202,1,-0.658487473621125,-0.321690529614038,-0.482878290623926,1,1,1
"Moderate overlap","few_exchangeable",2,24225,0.0294414767001666,0,-0.713472890078529,0.646466367193611,1,-0.166550910105373,-0.718426472068139,-2.57317376819981,2,3,1
"Moderate overlap","few_exchangeable",2,48814,0.0360179022708402,0,-0.192057573758768,1.75108904887057,1,0.391573055910969,0.663466595155918,0.249239184322387,1,3,1
"Moderate overlap","few_exchangeable",2,29406,0.0385469982456981,0,-0.0162443879505063,3.85858114039406,1,-0.686501061134784,0.374838797428105,-0.43839021955814,1,3,2
"Moderate overlap","few_exchangeable",2,33635,0.0401409398278859,0.28,-0.103835442519264,0.630219606682658,0,-0.705090175512141,0.103189691112959,1.2133627162106,1,1,2
"Moderate overlap","few_exchangeable",2,9676,0.0400054024560732,0.186666666666667,-0.0498829136892915,2.43404951980976,1,1.37543392562319,2.23985644737081,0.920952699987927,3,3,2
"Moderate overlap","few_exchangeable",2,10531,0.0380736980996823,0.226666666666667,-0.185101902819795,4.58305453740982,1,-0.0604424185468797,-1.58686766074968,-0.481806067722025,1,1,1
"Moderate overlap","few_exchangeable",2,45877,0.0530273399712476,0,0.17135928883834,0.524308333997201,1,-0.201712224980726,-0.980786358413382,-0.970339626533442,2,2,2
"Moderate overlap","few_exchangeable",2,5911,0.0416060154038182,0.546666666666667,0.0602053626951964,1.27367401773874,1,-0.67462012994302,-0.943047471201893,-0.25095306988902,1,1,1
"Moderate overlap","few_exchangeable",2,44421,0.0361608066736866,0.0266666666666667,-0.229385168462015,0.87231971919675,1,0.224549321285735,-0.153218760049653,-1.08409703150387,2,2,1
"Moderate overlap","few_exchangeable",2,41645,0.0445530248692669,0,-0.0145599217583572,1.36839861965262,1,0.195359221993048,-0.368958846832009,-1.29370409421456,2,2,2
"Moderate overlap","few_exchangeable",2,3548,0.0387625178979672,0.12,-0.0288958729187883,3.40587061293491,1,-0.132110143080743,-0.627011320764148,-0.57219558115209,1,2,2
"Moderate overlap","few_exchangeable",2,31825,0.0385796239447345,0,-0.0257600210026174,3.58961795857214,1,-1.86314373838358,-2.66103381415147,-1.25786238161509,1,1,1
"Moderate overlap","few_exchangeable",2,303,0.0375537796858412,0,-0.104864060482076,1.84264323269731,1,-0.85814783765375,-0.674163956593529,-0.801202180761339,2,2,1
"Moderate overlap","few_exchangeable",2,3371,0.0430688400352754,0.4,0.0252206803222719,4.45700171527181,1,0.221166382944049,0.798452066641665,-0.511772576430824,1,2,1
"Moderate overlap","few_exchangeable",2,3295,0.0427470378367472,0.16,-0.135977365823335,0.59110983692157,1,0.0588176808488491,1.59526471051078,1.10789103611092,1,1,3
"Moderate overlap","few_exchangeable",2,36306,0.0444920772227255,0.72,0.0262124805731236,1.78345758450339,1,0.426361760944771,0.55843286682091,-0.218379834900094,1,1,2
"Moderate overlap","few_exchangeable",2,21947,0.0409869219639604,0.0666666666666667,0.00372445950729494,3.09842444364389,1,0.906401196181573,0.868727053371026,0.727425688685975,3,2,3
"Moderate overlap","few_exchangeable",2,36232,0.0427953945675552,0.493333333333333,0.0437031237738073,2.52102523624105,1,2.0051733355736,1.47605904401538,1.47958924853984,3,2,3
"Moderate overlap","few_exchangeable",2,46194,0.0429805985607998,0.0266666666666667,0.0677615792722877,2.31004984347029,1,1.36982609948578,0.531307778162802,1.42880474791772,3,3,3
"Moderate overlap","few_exchangeable",2,9811,0.0416304260509239,0.44,0.0490367536782588,0.512064882955752,1,-0.797320116650375,-1.22653783928053,-0.642248058665766,1,1,1
"Moderate overlap","few_exchangeable",2,11769,0.0444701002091718,0.0666666666666667,0.0315031816741995,1.58250746379751,1,1.62907719705001,0.917749149381456,-0.391683450865572,1,2,2
"Moderate overlap","few_exchangeable",2,37915,0.0523068270494294,0.12,0.238670610874091,1.11275368820737,1,0.632994026441794,-0.681582011765973,-0.40367235419797,2,2,2
"Moderate overlap","few_exchangeable",2,39379,0.0382203957230802,0,-0.044504826531266,3.09541059436048,1,-0.969986205078226,-0.860102399083285,-1.03029982809584,2,2,1
"Moderate overlap","few_exchangeable",2,26604,0.0350369975776902,0.293333333333333,-0.47763358526042,6,0,-0.614874788822131,0.960921229007355,1.3932460030414,1,1,2
"Moderate overlap","few_exchangeable",2,18,0.0420606170638981,0.186666666666667,-0.756137643616261,6,0,0.217564338307888,-1.31003435851066,-0.102691529198878,2,1,1
"Moderate overlap","few_exchangeable",2,15429,0.0392068130349723,0.306666666666667,0.0439558777147084,5.75396979285697,1,2.60354659377895,1.66542532341986,0.683527933697457,3,3,3
"Moderate overlap","few_exchangeable",2,6292,0.0362368388990437,0.0133333333333333,-0.0608982201505541,3.05947874603244,1,-1.09319472152406,0.294835605809032,0.122760610743371,2,1,1
"Moderate overlap","few_exchangeable",2,45611,0.0397167717109392,0,0.0149694089622332,4.23116479389129,1,-2.26472850206923,-0.309312255672126,-0.239536883638878,1,1,1
"Moderate overlap","few_exchangeable",2,31007,0.0413867507361418,0.96,0.0325754547084534,1.90208876351102,1,0.817271935131842,-0.117657514075283,-0.165165418252409,1,1,1
"Moderate overlap","few_exchangeable",2,39957,0.0392089919995712,0.186666666666667,-0.0337719975118844,2.86507679716744,1,0.0479175105463497,0.167488613201518,-0.137459570554051,2,2,1
"Moderate overlap","few_exchangeable",2,34212,0.0510942280653694,0.64,0.166147370874599,0.731831659375373,1,0.010353665383601,0.258221065870477,0.24026221480005,1,2,2
"Moderate overlap","few_exchangeable",2,46286,0.041907396071616,0.0666666666666667,0.0096220873467936,2.70363534123505,1,1.09574203795459,1.30710943326233,0.70618499578238,3,2,3
"Moderate overlap","few_exchangeable",2,21793,0.0418895303100549,0.52,-0.00067109832847434,3.61653706618997,1,-0.128662989877164,-0.0133014420269806,0.22037721362482,1,2,1
"Moderate overlap","few_exchangeable",2,41268,0.0468445292540098,0.16,0.135328821860083,1.65764631551044,1,-0.938141131323997,0.593469445124912,1.40398112654467,1,2,2
"Moderate overlap","few_exchangeable",2,45288,0.0486641465414177,0.0266666666666667,-0.247640452942357,6,0,-1.01322459545299,-1.97875612274724,-1.101598990949,1,1,1
"Moderate overlap","few_exchangeable",2,29404,0.0357007516187919,0,-0.0840262122301136,4.56982655079755,1,-0.08985899752618,0.481141220908992,0.105146850389367,3,2,2
"Moderate overlap","few_exchangeable",2,32349,0.0493642580344744,0.893333333333333,-0.0728624899212864,4.728348864277,0,0.552851866053931,-0.2411193039752,-0.165992360825021,2,1,1
"Moderate overlap","few_exchangeable",2,45244,0.037997498642075,0,-0.00796517864554236,3.3560329072662,1,-1.06718274353157,-1.2470978183559,-1.01258092231484,2,2,2
"Moderate overlap","few_exchangeable",2,9967,0.0548295685007448,0.573333333333333,0.268067657644417,2.63059469871223,0,-0.672604833257326,0.639022803612841,-0.353673212348957,1,1,1
"Moderate overlap","few_exchangeable",2,4826,0.0404304997198223,0.0666666666666667,-0.0464376509623143,2.35558751250888,1,1.32281296452538,1.39288406669602,0.0705758235033356,3,3,2
"Moderate overlap","few_exchangeable",2,10417,0.0419936024533353,0.12,-0.0808153921728265,1.61521981994617,1,0.611026015740637,1.3064621891865,0.664544443259648,2,1,3
"Moderate overlap","few_exchangeable",2,49497,0.037933078967244,0.493333333333333,-0.125937646203693,0.816021355819206,1,0.755834652490444,0.538171819070302,-0.128490226009084,2,2,1
"Moderate overlap","few_exchangeable",2,42443,0.0395713894224124,0.0666666666666667,-0.0570858476924232,2.86611574247543,1,1.85155157712686,2.17305639938107,0.741334050028909,2,3,2
"Moderate overlap","few_exchangeable",2,14754,0.0460591039642648,0,0.178311183200706,1.675123735867,1,-0.0291715297062514,-1.99181732949058,0.323543866011502,1,1,2
"Moderate overlap","few_exchangeable",2,38461,0.0400265261731642,0,0.00810628673496794,2.38777611516883,1,-0.168777035635706,-1.17277562510136,-0.896405231189738,2,2,1
"Moderate overlap","few_exchangeable",2,13446,0.0402376574674349,0,0.00396077590387556,2.71441995752047,1,-0.928234923601806,-2.25467189886522,-1.84277722068706,1,1,1
"Moderate overlap","few_exchangeable",2,12468,0.02427716497451,0.186666666666667,-1.17171954016677,5.52630276793205,1,1.67733616510262,0.807139362692014,1.72588650195431,3,2,2
"Moderate overlap","few_exchangeable",2,1471,0.033820644366045,0,-0.30393110017634,1.97667104602264,1,-0.723815469356053,0.0758045262477518,-0.558370840507128,1,3,1
"Moderate overlap","few_exchangeable",2,36276,0.0409774414141309,0.24,0.00960008723377426,2.97551715744775,1,-0.398405259275095,0.426275241631904,1.00374593496166,1,2,3
"Moderate overlap","few_exchangeable",2,3106,0.0326519517462108,0,-0.353976337074674,0.913172528195304,1,-0.718158049840734,0.63822016038565,0.386654940731891,1,3,1
"Moderate overlap","few_exchangeable",2,36988,0.0370276235020164,0,-0.145023230215248,4.23102631023829,1,-1.65722240417878,1.13357288834192,-0.724722113447249,1,2,1
"Moderate overlap","few_exchangeable",2,20920,0.0800798054320784,0.106666666666667,0.7665087522703,6,0,0.0474970446631595,0.0217824984754798,-1.9067021625779,1,1,1
"Moderate overlap","few_exchangeable",2,20597,0.0387774513051933,0.293333333333333,-0.0633140725291506,0.262585613728091,1,-0.999527748066084,-1.19692535215975,-0.946423768626151,1,1,1
"Moderate overlap","few_exchangeable",2,17108,0.0285357511779383,0.0266666666666667,-0.632807731631308,5.69103574297787,1,-0.167498459687912,-0.940740297840564,0.84621381539721,1,1,3
"Moderate overlap","few_exchangeable",2,4913,0.0343053638560074,0,-0.117221787160123,3.53695212126451,1,-0.127298352788644,-0.821096818274854,0.441419848314962,3,2,1
"Moderate overlap","few_exchangeable",2,20903,0.0447889796330295,0.573333333333333,0.0660780460573251,5.03391367349013,1,0.0422936624659369,1.44489814511111,0.976820059479297,1,2,1
"Moderate overlap","few_exchangeable",2,23021,0.0540182748762155,0.986666666666667,-0.0186803338462349,6,0,0.228762709137807,0.386370919637081,0.456618552729031,1,1,1
"Moderate overlap","few_exchangeable",2,8085,0.0496018708565509,0.186666666666667,0.240182331571258,1.45588282928015,1,1.18894715398242,-0.427698704915997,0.0441407209231229,1,2,2
"Moderate overlap","few_exchangeable",2,37781,0.046972667680771,0.0266666666666667,0.0616181218638157,0.948146142448636,1,2.26047888737214,0.941241135603701,-0.147591304001876,3,3,2
"Moderate overlap","few_exchangeable",2,44155,0.0414923018732696,0.0266666666666667,-0.0420527695388608,2.15974020802851,1,0.268229917119496,0.478010550301524,-0.67452164386739,2,2,2
"Moderate overlap","few_exchangeable",2,35719,0.0410497049591569,0.0266666666666667,0.0366117433152038,5.64335295592318,1,-0.915516556237446,-1.32957809370319,-1.026202001245,2,1,1
"Moderate overlap","few_exchangeable",2,28905,0.0381613628165665,0.0266666666666667,-0.0473466185505762,5.01062881196902,1,-0.273494558343703,0.288730444613568,0.818994716230511,2,2,3
"Moderate overlap","few_exchangeable",2,7833,0.0358926483711557,0.306666666666667,-0.206304736913173,0.412621511246403,1,0.00413908883408468,0.00625989787645101,-0.668255963316112,1,2,1
"Moderate overlap","few_exchangeable",2,45622,0.0416286640460125,0.853333333333333,0.0695942249681689,1.99835192910892,1,0.107444747198709,-0.088714334523543,0.62606018059297,1,1,1
"Moderate overlap","few_exchangeable",2,24559,0.0419788982602018,0,0.0134905452685012,1.82034213125486,1,-1.31676600550945,-1.68283818527873,-1.8000122221822,2,2,2
"Moderate overlap","few_exchangeable",2,6772,0.0490188129791798,0.893333333333333,0.192571776893015,1.62230006252314,1,1.579667779752,0.837107549826632,1.8802887603096,2,2,3
"Moderate overlap","few_exchangeable",2,44418,0.0436127716987332,0.64,0.0384592711669294,2.42256915110676,1,0.704385785764135,0.0762724446981952,0.87458613685447,2,2,2
"Moderate overlap","few_exchangeable",2,12066,0.0414512447009413,0.653333333333333,-0.00627899628744988,2.84508693070884,1,1.23758626328046,0.191760703928879,0.281625704445303,2,2,2
"Moderate overlap","few_exchangeable",2,21750,0.0340077926024858,0,-0.328275532171535,3.5169410697924,1,-0.79957796003653,0.361400032569291,-2.39048008772208,1,2,1
"Moderate overlap","few_exchangeable",2,41118,0.0335766316879644,0,-0.308069522032168,2.76441958102161,1,-2.28748557456572,-0.801257521685495,-2.12415322296946,1,1,1
"Moderate overlap","few_exchangeable",2,13819,0.0395411920431059,0.0266666666666667,-0.0676737627496657,2.9341670971924,1,1.40403652860949,2.63951777735457,1.24007045225163,1,3,2
"Moderate overlap","few_exchangeable",2,41804,0.0377190457823944,0.0266666666666667,-0.128827984372509,2.82132466467465,1,-1.26403462474657,-1.05495878914914,-1.79702592947313,1,1,1
"Moderate overlap","few_exchangeable",2,7494,0.0328837698600553,0.6,-0.319949917927442,2.86127539511117,0,1.78363757341183,0.705237983398255,0.30924204481375,2,2,2
"Moderate overlap","few_exchangeable",2,39928,0.0341168528035968,0.306666666666667,-0.275747876467737,1.26791192091057,1,-0.749757822222834,-0.498849909290651,-1.43935171124308,1,1,1
"Moderate overlap","few_exchangeable",2,13301,0.0397656878366284,0.44,-0.0491490964090024,1.78395162031172,1,0.355383246728765,-0.183748335948887,-0.588150307548895,1,2,1
"Moderate overlap","few_exchangeable",2,36795,0.0412827472024899,0,-0.0154328131187951,4.48763430658079,1,-1.17531108800483,-0.722687605187684,0.081944267793364,1,2,1
"Moderate overlap","few_exchangeable",2,22909,0.0286341567454367,0.0266666666666667,-0.635387941446106,5.938024069078,1,0.740088333285751,0.15291617354073,0.457381165848131,3,2,2
"Moderate overlap","few_exchangeable",2,12810,0.0358358871143617,0.76,-0.156203902639995,5.53633975389426,1,0.697734207953144,0.66116834053575,0.349405278660379,2,1,2
"Moderate overlap","few_exchangeable",2,31414,0.0364075011279863,0.16,-0.181498869156929,4.56006180874283,1,0.0396658029623098,-0.259688197137454,0.845659712660117,2,1,3
"Moderate overlap","few_exchangeable",2,19412,0.0461000491720204,0.346666666666667,0.204665756969437,0.900321616403005,1,0.328004367347166,-1.21607565238779,-0.287276018444863,2,1,1
"Moderate overlap","few_exchangeable",2,34144,0.0492967334329161,0,0.0558274969678902,0.475142928265969,1,-1.67336252161484,0.234620444711096,0.614883480203321,2,2,2
"Moderate overlap","few_exchangeable",2,40009,0.0408373373841457,0.573333333333333,-0.00321025255989893,2.9567080284358,1,-0.676115190343972,-0.967748807890893,-0.692173509097917,1,1,1
"Moderate overlap","few_exchangeable",2,23627,0.037570635525807,0.186666666666667,-0.168111879571805,1.03843142278492,0,0.32515725553559,-1.24276421542572,-0.806187525513058,1,1,2
"Moderate overlap","few_exchangeable",2,49780,0.0407473166008367,0.826666666666667,0.00561426148529254,2.82502195787327,1,-0.534024820944881,-0.516534822248634,-0.0763490897074762,1,1,1
"Moderate overlap","few_exchangeable",2,45848,0.0346461610929885,0,-0.315057804443213,2.92364546956446,1,1.60858344313242,3.0003664289124,0.544082001536247,1,3,3
"Moderate overlap","few_exchangeable",2,13468,0.0379945833354555,0.173333333333333,-0.0951592954335325,3.0877183092372,1,-1.43318079290344,0.0364446030610408,-0.436358799216655,1,1,1
"Moderate overlap","few_exchangeable",2,9133,0.0390468411498879,0.0266666666666667,-0.0834964375975118,2.74917777944795,1,-0.494415500364974,-0.56514132424451,-1.20199090967742,1,2,1
"Moderate overlap","few_exchangeable",2,2920,0.0393659786351639,0,-0.0451024347238786,1.10948646554332,1,1.35982175111373,0.317602755728338,-0.745214708479737,3,2,1
"Moderate overlap","few_exchangeable",2,35642,0.0433242377080759,0.506666666666667,0.0347238209289733,4.75945174562068,1,-0.854140873054995,-0.963435905456841,-0.921112264648541,1,1,1
"Moderate overlap","few_exchangeable",2,48893,0.0723248270408379,0,0.679519472083453,0.23024980095212,1,1.82814182394457,0.608691138418676,2.0213579319878,3,3,2
"Moderate overlap","few_exchangeable",2,14178,0.0369982101448703,0,0.0206615919342408,4.95313572519382,1,0.271219159350877,-1.06755055627424,-1.46152552331559,2,1,3
"Moderate overlap","few_exchangeable",2,34374,0.0386352230351448,0.546666666666667,-0.0461793584592538,3.4817127316818,1,0.0627467868711465,0.590219311470771,1.55073440382116,1,2,3
"Moderate overlap","few_exchangeable",2,49152,0.0407439489917592,0,0.0110536071325529,1.01661604759617,0,1.38443445357484,0.271823963677358,-1.32048254123985,1,2,2
"Moderate overlap","few_exchangeable",2,15306,0.0420894510434515,0.133333333333333,0.0544050403268082,2.25520197065327,1,0.685020023402529,-0.900416274714453,0.0831189354448911,1,2,2
"Moderate overlap","few_exchangeable",2,41872,0.0424667372385035,0,0.0499091825350768,4.66917959707924,1,-0.243889590329911,-0.0469737214972469,0.0569536768795078,1,3,1
"Moderate overlap","few_exchangeable",2,15434,0.0396610641196028,0,-0.00800812096035664,3.65333471543528,1,0.118715060720647,1.39238449508621,1.49753890279906,1,3,3
"Moderate overlap","few_exchangeable",2,49372,0.0551365004174339,0,0.0496850452370334,6,0,-1.36924494163118,-2.88523887433847,-2.48392422110429,1,1,1
"Moderate overlap","few_exchangeable",2,5812,0.0449032078551152,0.453333333333333,-0.0478196972542417,0.392391440522148,1,2.2289178856025,2.25946295982696,0.833269530027836,3,3,2
"Moderate overlap","few_exchangeable",2,18462,0.0429622657413739,0.28,0.0565895293524232,2.23869903356903,1,1.55250148229458,0.34799854129036,0.354213718720219,2,2,3
"Moderate overlap","few_exchangeable",2,32158,0.0569882829396697,0.96,0.143412891645647,6,0,0.333837892980775,-0.386891560544814,-0.782990704056182,1,1,1
"Moderate overlap","few_exchangeable",2,42235,0.0449585585585814,0,0.0434977207623194,0.471621416937821,0,-1.14285070831589,-0.402645790632242,-1.07161077717169,1,2,1
"Moderate overlap","few_exchangeable",2,6617,0.035872132977891,0.48,-0.176788733245314,0.0515036273327297,1,-0.995993488112538,-0.786526232462448,-0.881044272647657,1,1,1
"Moderate overlap","few_exchangeable",2,32900,0.0462704180033938,0,0.159040144291333,1.74079235921594,1,0.478579386448341,-0.305414566059693,-0.210432004432586,3,1,2
"Moderate overlap","few_exchangeable",2,44223,0.0393461781521691,0,-0.0706517382084049,2.98845358418592,1,-0.254544884343061,0.0320034043415765,-1.64570443368529,1,1,2
"Moderate overlap","few_exchangeable",2,1132,0.0384876758643926,0.16,-0.109236787108898,2.18665225199261,1,0.133510145171935,-0.288006066928949,-1.11943449908369,1,2,1
"Moderate overlap","few_exchangeable",2,5054,0.0387283951029031,0.266666666666667,-0.0808836092066363,2.76139676616525,1,-1.17483322009898,-0.749278166186038,-1.06842384493885,1,1,1
"Moderate overlap","few_exchangeable",2,5603,0.0410597303900275,0.293333333333333,-0.126819530506038,1.57903910165332,1,2.89967831074907,2.449480161389,0.90078345772266,3,3,3
"Moderate overlap","few_exchangeable",2,49051,0.0381786954063267,0,-0.0121090768335974,3.54446479012842,1,0.0380941331943182,-0.0295691923758456,0.263922228723596,2,3,1
"Moderate overlap","few_exchangeable",2,10766,0.039372379701988,0.893333333333333,-0.0815638188546624,3.1318194660482,1,0.0789136075880823,0.283225515119999,-0.830714267299914,1,1,1
"Moderate overlap","few_exchangeable",2,4603,0.0430425973491237,0.946666666666667,-0.00712198084473981,5.29394486874348,1,-0.261521853874446,-0.104900828061481,0.169252989281675,1,1,1
"Moderate overlap","few_exchangeable",2,22258,0.0473625755225325,0.88,0.117020745569409,1.57523427428274,1,0.541799988126897,0.54194120047937,0.371406140004159,1,2,2
"Moderate overlap","few_exchangeable",2,23841,0.0400139663321552,0.48,-0.0112047819037726,2.99908924960728,1,-1.07407479096749,-0.43942608286359,-0.080623767786607,1,1,1
"Moderate overlap","few_exchangeable",2,544,0.0393089629242437,0.146666666666667,-0.0296408235977816,3.8845679479238,1,0.548697929846244,-1.67860437683452,-1.43619332199182,2,1,1
"Moderate overlap","few_exchangeable",2,13398,0.0412175993850255,0.826666666666667,-0.00444299440722773,3.0490139001067,1,1.08755378335137,0.698260999647694,1.21951113778854,2,2,3
"Moderate overlap","few_exchangeable",2,32417,0.0430183347941274,0,-0.181015126779812,0.447070071499067,1,-0.562624224882794,1.18892033576606,0.526357359624776,3,3,2
"Moderate overlap","few_exchangeable",2,21006,0.0426268842665697,0.813333333333333,0.0152054739166765,4.14527663718107,1,0.249547960098347,-0.25974779814571,-1.20282807258467,1,1,1
"Moderate overlap","few_exchangeable",2,16673,0.0399017848834188,0,-0.00486434593088814,1.95030284627896,1,-1.44985597506905,-2.49532255925889,-1.9522644569169,1,1,1
"Moderate overlap","few_exchangeable",2,21261,0.0667787223079882,0.866666666666667,0.410599827750349,6,0,-0.537285543397135,-0.113065446890027,-0.681167928834417,1,1,1
"Moderate overlap","few_exchangeable",2,20284,0.040408362217253,0,0.00811719219534268,3.91815817298383,1,-1.83326466602449,-2.20425979427066,-1.74934115943875,1,1,1
"Moderate overlap","few_exchangeable",2,39917,0.0532799785941452,0.706666666666667,0.200053545798829,0.232255838012183,1,0.405171171455635,1.17748137749896,1.13779057741557,2,2,2
"Moderate overlap","few_exchangeable",2,27905,0.0424585952639682,0.0266666666666667,0.0260682824704825,2.51812790450222,1,0.587194887830136,1.13067368929246,0.996504994220376,3,2,3
"Moderate overlap","few_exchangeable",2,12120,0.040632583945686,0.56,-0.00297310860379518,3.44847158409859,1,-0.963042648033709,-0.364006569812395,-0.0809429402356001,1,1,1
"Moderate overlap","few_exchangeable",2,1278,0.0448422253938353,0.96,0.0505237889570336,5.31944787365477,1,-0.325394090557576,-0.226840945680527,-0.358824260318034,1,1,1
"Moderate overlap","few_exchangeable",2,9008,0.0362742751875059,0,-0.0478507668764523,2.53973696325925,1,-1.20368754916288,1.40190515317119,1.67215420353138,2,3,2
"Moderate overlap","few_exchangeable",2,4011,0.0268935959454158,0,-0.765098793532262,0.649263785461336,1,-1.66945278687706,-0.360833451412924,-2.4888535641141,1,1,1
"Moderate overlap","few_exchangeable",2,30521,0.0397436843704901,0,0.0121855727961946,4.11773143122961,1,-2.51954093661853,-1.2525344996586,-0.959013369381355,1,1,1
"Moderate overlap","few_exchangeable",2,6169,0.045816290919574,0.48,-0.0772981974665453,3.25788017362356,0,-0.537815435695608,-1.35045633615222,-0.836477461067962,1,1,1
"Moderate overlap","few_exchangeable",2,41951,0.0429525317862853,0.0266666666666667,-0.0134801164103373,1.37925559120401,1,0.66655003892926,1.76652173125877,1.93684112356916,3,3,3
"Moderate overlap","few_exchangeable",2,8236,0.048273521229892,0,0.109174060311666,0.873977679561659,1,0.699191215240002,1.11244966498977,1.44708991865399,2,3,2
"Moderate overlap","few_exchangeable",2,24889,0.0472621183552982,0,0.150907958415969,1.5195036041428,1,0.662525542235349,-0.218532767555241,0.137900363860685,3,1,3
"Moderate overlap","few_exchangeable",2,9178,0.0483389873338345,0.613333333333333,0.169266205791466,1.67145325573016,1,0.19723746750382,-0.729382138248316,-0.22910141083596,1,1,2
"Moderate overlap","few_exchangeable",2,45321,0.0382354450910722,0.56,-0.0480684819349304,4.61235749694539,1,0.59886104586209,0.447164082099929,-0.133998740567404,2,1,2
"Moderate overlap","few_exchangeable",2,35508,0.0372366229511221,0,-0.144791805786554,2.68165719965235,1,-1.45545725627927,-1.38334561523893,-2.082444256055,1,1,1
"Moderate overlap","few_exchangeable",2,28080,0.0562768990699244,0.0266666666666667,0.438293115520979,0.977138957970937,1,1.09976821345832,0.701294096825358,2.51106205445291,3,2,3
"Moderate overlap","few_exchangeable",2,11284,0.041990568854774,0,0.0363265236395498,4.49149827393685,1,-1.60339132698771,-0.508532330622803,-0.758227592206601,1,2,1
"Moderate overlap","few_exchangeable",2,11684,0.0502063479854946,0.0266666666666667,-0.239102721044592,6,0,-0.222206085697309,-0.52315694552245,0.198149296467904,2,2,1
"Moderate overlap","few_exchangeable",2,45481,0.0412532291920945,0.546666666666667,-3.70340913056211e-05,3.3619727084569,1,-0.540101679950583,-1.18816336445682,-0.934485379024345,1,1,1
"Moderate overlap","few_exchangeable",2,38123,0.0417048943061587,0,0.0345822554397857,4.46719259007087,1,0.259334285038076,-1.29668431075542,-2.56612049515653,1,1,1
"Moderate overlap","few_exchangeable",2,25777,0.0395749352928315,0.0266666666666667,-0.0975846061570107,2.48416339023016,1,-0.924473947658707,0.640201996987842,-0.568158635546943,1,1,2
"Moderate overlap","few_exchangeable",2,47582,0.0390366983289933,0,0.00108569867810937,3.62205142427785,1,3.06328731298872,4.74847918530968,3.87185816662103,3,3,3
"Moderate overlap","few_exchangeable",2,42436,0.029416578105757,0.293333333333333,-0.541637656975177,5.7348448041623,1,0.375237906897585,0.270993147654776,1.81920617043466,2,2,3
"Moderate overlap","few_exchangeable",2,19529,0.0375551113534025,0.0266666666666667,-0.0878274471839342,3.54253902925738,1,1.16282000587899,0.251216258123199,-0.146311540907883,3,2,2
"Moderate overlap","few_exchangeable",2,10293,0.0334192858488465,0,-0.291372275115812,5.11691538201412,1,-1.41004743168397,-1.05758519149594,0.757131215299426,1,1,3
"Moderate overlap","few_exchangeable",2,18467,0.0519991380871206,0.0266666666666667,0.0816975820052637,0.129619916184443,1,-0.368553034779026,-0.376189587631744,-0.729286610582811,1,2,2
"Moderate overlap","few_exchangeable",2,7439,0.0365456790581272,0.733333333333333,-0.138045331474421,5.27755053393213,1,0.118922801541758,-0.227534586429146,-0.433340291015885,1,1,2
"Moderate overlap","few_exchangeable",2,47757,0.0395999558633982,0.226666666666667,-0.0392742287952068,1.09864786727998,1,-0.511811919997196,-1.50011388702727,-1.48457132164849,1,1,1
"Moderate overlap","few_exchangeable",2,23262,0.0449254492423206,0.293333333333333,0.190610805916822,1.10997979919107,1,0.0992522087059176,-1.06021907463134,0.0399415360327471,2,1,1
"Moderate overlap","few_exchangeable",2,24195,0.0468858009430829,0.44,0.0780367270643749,1.34961549983768,1,0.525996835222973,0.493519685470098,0.039521889149038,2,2,2
"Moderate overlap","few_exchangeable",2,30543,0.0482422918524675,0.0266666666666667,0.106022949664559,1.05085639270621,1,1.15188268936879,0.934363070321557,1.80770965009808,2,3,3
"Moderate overlap","few_exchangeable",2,12575,0.0529307169840552,0.0266666666666667,0.148749815312935,0.178512627389456,1,-0.491313116424638,-0.0912507261771044,-0.0144857566948085,2,2,2
"Moderate overlap","few_exchangeable",2,4007,0.039415315044239,0.16,-0.0519743543329898,2.46685939738138,1,0.715583652783795,-0.0962695131975,-0.782688960138548,2,2,1
"Moderate overlap","few_exchangeable",2,34098,0.0353409373085365,0,-0.202132524994683,2.91255784448695,1,1.21607092709336,0.879445317586487,-1.0414207161524,3,3,1
"Moderate overlap","few_exchangeable",2,9300,0.0567121345625627,0,0.445399039699686,6,0,-1.43062733554154,0.997344346579255,-0.00657071873257116,1,2,2
"Moderate overlap","few_exchangeable",2,48279,0.0340672915685977,0,-0.364008728798097,4.94744563521063,1,-1.34750688210295,-1.17228520113316,1.04985435892289,1,1,1
"Moderate overlap","few_exchangeable",2,39613,0.0360510736216663,0,-0.211520105418137,3.57911435423217,1,0.94580301615898,1.04469291485659,-1.77003449914423,2,2,1
"Moderate overlap","few_exchangeable",2,23354,0.0431290779845908,0.0266666666666667,0.123432107263804,2.16761170886457,0,1.17574503302533,1.31394572113888,0.148776889729123,2,2,3
"Moderate overlap","few_exchangeable",2,357,0.0447114798525203,0.16,0.00634030274064901,1.36329902738692,1,0.204139470306424,0.463697811961984,0.474048617796232,2,1,3
"Moderate overlap","few_exchangeable",2,41269,0.0408667209813622,0.346666666666667,0.0406485685615725,5.01597822690147,1,0.448481595848098,1.51795854928356,0.260832068547641,1,1,2
"Moderate overlap","few_exchangeable",2,37726,0.0468049014544567,0.213333333333333,0.100194782933386,5.99825822328435,1,-0.536946145603063,-0.14835843004123,-0.34368078491081,1,2,1
"Moderate overlap","few_exchangeable",2,10626,0.0443973425418589,0.226666666666667,0.0597289825557876,1.59065651263171,1,1.49675654183481,1.34662834967863,0.786772026885859,3,3,2
"Moderate overlap","few_exchangeable",2,36512,0.0466891125632491,0.173333333333333,0.158921644494206,1.79456405388272,1,0.994016168571193,0.674932322393985,1.54528886897139,3,2,3
"Moderate overlap","few_exchangeable",2,15124,0.0359382829290691,0,-0.0750871041910015,5.37127272860061,1,-0.601723393798812,-0.128644385784645,-0.146840843583162,2,2,2
"Moderate overlap","few_exchangeable",2,44611,0.039539181707187,0.16,-0.000183174355522731,3.39154147187495,1,-1.30950416949798,-0.547108588760497,0.307418964334596,1,1,1
"Moderate overlap","few_exchangeable",2,31576,0.046030672450667,0,0.169063703185486,6,0,-0.765729391235889,-0.158648806361273,-0.940753698796645,1,2,2
"Moderate overlap","few_exchangeable",2,1693,0.0386257883061702,0.293333333333333,-0.0894201853509018,3.44296082627712,1,-1.13358480403081,0.211176575749081,-0.664083592941739,1,1,1
"Moderate overlap","few_exchangeable",2,2125,0.043659649490395,0.44,0.0558169764545151,2.20958324149591,1,0.15331243578696,0.0602829524240786,0.588137912406163,1,1,3
"Moderate overlap","few_exchangeable",2,12555,0.0454973417817161,0.88,-0.319542181355234,5.71136041544378,0,0.436736066220927,-0.786293201408716,-0.36359795355443,1,1,1
"Moderate overlap","few_exchangeable",2,26757,0.0393667777764074,0.586666666666667,-0.0742917016803797,4.09875356317844,1,-0.226155198125794,-0.437208239329244,0.516894151260547,1,1,1
"Moderate overlap","few_exchangeable",2,2093,0.0400907519898393,0,0.022787696636303,4.39664204555205,1,-2.65612939445472,-2.16650240316647,-2.27239356489867,1,1,1
"Moderate overlap","few_exchangeable",2,5750,0.044052784905266,0.186666666666667,0.0900294605997551,5.73057384747354,1,0.0247685723603793,0.424433732622645,0.0790127398877201,2,2,1
"Moderate overlap","few_exchangeable",2,30943,0.0432446644519394,0,0.0913783084293647,2.10905962611938,1,0.170809843086437,0.258725007158405,0.245025182131531,3,2,2
"Moderate overlap","few_exchangeable",2,38843,0.0409786271148368,0,0.0524518434353298,2.27143303118897,1,-1.57973752890669,0.0171901308895888,0.766448967648363,2,2,2
"Moderate overlap","few_exchangeable",2,24354,0.0375874847810065,0.493333333333333,-0.12349164569424,4.32329398361402,1,-0.640420956413346,-0.641603881215015,-0.237032511180175,1,1,2
"Moderate overlap","few_exchangeable",2,43144,0.038184664290048,0.746666666666667,-0.117080363289407,3.56025056877232,1,0.855626803307869,0.168999669602101,0.49808666216583,2,2,2
"Moderate overlap","few_exchangeable",2,2521,0.0415934620224783,0.16,0.0840782118190848,1.64527450983598,1,-1.05277582413654,-0.966181179930354,0.181092405020425,1,1,1
"Moderate overlap","few_exchangeable",2,11104,0.0412915045773173,0.146666666666667,-0.0178647591573764,4.05610138140081,1,0.557113615944183,0.47454282186794,-1.10314698858433,1,2,1
"Moderate overlap","few_exchangeable",2,14461,0.0401554581994119,0.106666666666667,-0.015773748394242,4.0999783584515,1,-1.3845229589072,-1.22187117089835,-0.306600214960819,1,1,1
"Moderate overlap","few_exchangeable",2,8451,0.0495726483118196,0.386666666666667,0.111168475486704,0.102831344192009,1,1.74727008476504,2.62541687641812,2.81752817971318,3,3,3
"Moderate overlap","few_exchangeable",2,47751,0.0428434959737517,0.146666666666667,0.0440218588018393,2.48910597484089,1,0.866501887894453,0.796203645710796,0.912180218406835,3,2,3
"Moderate overlap","few_exchangeable",2,42259,0.0401286951914931,0.0266666666666667,-0.0969008061125879,0.789360704472645,0,0.741310283971768,0.143204379408064,-0.118188530930013,3,1,2
"Moderate overlap","few_exchangeable",2,6221,0.038776930837244,0,-0.123399139177115,0.459331201555615,1,-0.351889727968385,-0.611582361788277,-0.770024247563458,2,2,1
"Moderate overlap","few_exchangeable",2,13821,0.042651830023601,0.0266666666666667,0.00799488573825835,5.03683933531802,1,-0.516052413053652,-1.02426630135301,-0.803331332628186,1,2,1
"Moderate overlap","few_exchangeable",2,32097,0.0384096668585469,0.213333333333333,-0.018959719669132,3.40023038984775,1,0.927401974801359,1.60042813761127,0.608372552956368,1,2,3
"Moderate overlap","few_exchangeable",2,38109,0.0491455137205508,0.506666666666667,0.187088473858505,1.13543377557804,1,-0.112132493197532,1.1238991255616,1.53449743596353,1,1,2
"Moderate overlap","few_exchangeable",2,26277,0.0381214388710676,0.186666666666667,-0.0951835545273767,2.09120893263816,1,-1.19348565279306,-1.00066894165747,-1.12498005095429,1,1,1
"Moderate overlap","few_exchangeable",2,39468,0.0388340501051848,0,0.0132186024751029,2.86784223806144,1,-1.76512020393048,-2.17750847092977,-0.509263208556032,1,1,1
"Moderate overlap","few_exchangeable",2,6299,0.0433240351462243,0.0266666666666667,0.0727465092975503,2.28807869650432,1,-0.115756346538756,0.379404302673983,2.0843565382979,2,1,3
"Moderate overlap","few_exchangeable",2,36250,0.0393771027425098,0,-0.0324724228654061,3.42769235387889,1,-1.97896349988901,-1.15464594155445,-1.07492087291677,1,1,1
"Moderate overlap","few_exchangeable",2,36239,0.0564078356651857,0.88,0.0775933340475046,6,0,-0.55011768045478,-0.452675795966886,-0.272946061884256,1,1,1
"Moderate overlap","few_exchangeable",2,7709,0.0380210835254069,0.0266666666666667,-0.122832134133069,2.70090894891037,1,-0.542832283842432,-1.22299606821501,-2.21239188552345,1,1,1
"Moderate overlap","few_exchangeable",2,19671,0.0381552989825718,0.0266666666666667,-0.0571423631063801,1.645569558954,1,-1.70502361319575,-0.512310813405096,0.035076880366289,1,1,1
"Moderate overlap","few_exchangeable",2,29776,0.0419160289162541,0.186666666666667,0.117947135584214,1.9013175065612,1,-0.456364226880374,-0.816611456137514,0.635760613428417,1,1,1
"Moderate overlap","few_exchangeable",2,39647,0.0391745198958806,0.56,-0.06795215821637,6,0,0.193987882670835,0.679017148444274,-0.0109048029583513,1,2,2
"Moderate overlap","few_exchangeable",2,36293,0.0311542474547891,0.16,-0.443926217594274,5.18212807279792,1,-0.754963784637027,-0.115849923605698,1.11686187050259,1,2,2
"Moderate overlap","few_exchangeable",2,34428,0.0414580383087738,0.253333333333333,0.0046572459477181,3.86792804266756,1,-1.010846453004,-1.28479376575387,-0.971904322142377,1,1,1
"Moderate overlap","few_exchangeable",2,17232,0.0455832784412214,0.16,0.170332832142965,0.109254854238241,1,-0.504247656685682,-0.294673322620722,0.668338696022171,1,2,1
"Moderate overlap","few_exchangeable",2,26681,0.059235827831186,0.146666666666667,0.328060511941717,0.134441558011047,1,0.226994023531103,-0.505226796898201,-0.182715695715752,2,2,2
"Moderate overlap","few_exchangeable",2,18142,0.0545283110062142,0.373333333333333,0.270582276626821,0.608459250081173,1,-0.41083837391169,-0.140712435099509,0.445128337799685,1,2,2
"Moderate overlap","few_exchangeable",2,43667,0.0275931339200391,0,-1.19925946823834,6,0,0.169430423894679,-0.963843139410632,-0.456686228492897,3,1,2
"Moderate overlap","few_exchangeable",2,13653,0.035134338561097,0,-0.324225099239976,6,0,-0.789175094920626,-1.58451664254582,-1.5711983099985,1,1,2
"Moderate overlap","few_exchangeable",2,18916,0.0390634504855529,0.186666666666667,-0.0590200382232577,3.1295562359226,1,1.07788880641671,-0.42094957391074,-0.204292842771291,2,2,2
"Moderate overlap","few_exchangeable",2,65,0.0357396032415003,0,-0.0885437780804428,2.96033010433889,1,-1.73439703424929,-1.6688138964108,0.275602425315649,2,1,2
"Moderate overlap","few_exchangeable",2,6737,0.0403093137776189,0.906666666666667,-0.0105005517500238,2.68542292743573,1,-0.444809438834524,-0.125622813673841,0.0399104116972361,1,1,1
"Moderate overlap","few_exchangeable",2,40204,0.0408413241041089,0.173333333333333,0.0250190941067396,1.15505392646658,1,-1.08484960096826,-1.43154744044599,-0.793170216882926,1,1,1
"Moderate overlap","few_exchangeable",2,28061,0.0411381803199791,0.453333333333333,-0.130792238868471,5.91912849603596,1,-0.506939350659062,-1.33870842096756,-0.580840382532239,1,1,1
"Moderate overlap","few_exchangeable",2,14956,0.0728425124938738,0.173333333333333,0.59712502676834,6,0,-0.478528701124851,-0.677627057017822,-1.85690956977561,1,1,1
"Moderate overlap","few_exchangeable",2,44002,0.0258391134152311,0.186666666666667,-1.08084090229437,6,0,0.206314607960681,-0.348695468268884,1.1305820165581,1,1,3
"Moderate overlap","few_exchangeable",2,41157,0.0375046837770929,0.16,-0.135249935461769,4.3483620323396,1,-0.0560327160554754,-0.203708777022075,0.844494589263358,2,1,3
"Moderate overlap","few_exchangeable",2,26319,0.0495107254620654,0.853333333333333,0.0894188649331866,0.00741724185071515,1,0.06708142988754,0.771627020751136,0.312821484691607,1,1,2
"Moderate overlap","few_exchangeable",2,49840,0.0414536548992599,0.146666666666667,-0.0500273511498608,2.13311571736592,1,-0.839935315909705,0.834822771128077,0.128959695227338,1,2,2
"Moderate overlap","few_exchangeable",2,26581,0.0399340765929697,0.0266666666666667,-0.0520758986781309,3.4014919348617,1,-0.313922116192677,-0.394303338307858,0.863566510684791,2,1,3
"Moderate overlap","few_exchangeable",2,18285,0.03789413689037,0,-0.0794196555175479,3.14458232152507,1,0.687158172825113,1.95021758263197,0.652865195319524,2,3,2
"Moderate overlap","few_exchangeable",2,10790,0.0360574586626704,0,-0.0932254967488415,3.32664816650577,1,0.0736364089541024,-1.420612968996,-0.868197898207404,1,2,2
"Moderate overlap","few_exchangeable",2,44207,0.0397021389830767,0.16,-0.0244515587865144,3.17455796721065,1,1.40404413372133,1.8468334637206,0.41435528729933,3,3,2
"Moderate overlap","few_exchangeable",2,13097,0.0512872685101814,0,0.219113815105634,0.799598704275374,1,1.14727543360564,0.0932719512991935,0.973194226457736,3,3,3
"Moderate overlap","few_exchangeable",2,27151,0.0525140712359608,0.146666666666667,0.314110569637049,1.30865326640705,1,0.698152169459355,-1.41903554360968,-0.315431251898732,1,1,2
"Moderate overlap","few_exchangeable",2,13651,0.044596156448128,0.16,0.10002347425887,1.85563167575457,1,-0.55938300137798,-0.10012215366929,0.342875760399348,2,1,2
"Moderate overlap","few_exchangeable",2,18540,0.0459580162278916,0.293333333333333,-0.377799650477898,6,0,-0.495135385511822,-1.49324223861687,-0.60609505594332,1,1,1
"Moderate overlap","few_exchangeable",2,32974,0.0397640232920949,0.16,-0.00246672317910868,3.67924561425701,1,-0.0517103646143443,0.871574062044093,-0.371406489925293,1,2,2
"Moderate overlap","few_exchangeable",2,5431,0.046241212617581,0.613333333333333,-0.429037996879286,6,0,-0.238131588359156,-0.48109472698795,0.462791216366107,1,1,1
"Moderate overlap","few_exchangeable",2,20101,0.0417096832781397,0.0266666666666667,0.00522723884391874,2.60578632900253,1,-0.998222377554309,0.0714627644171594,-0.139493601531238,1,2,2
"Moderate overlap","few_exchangeable",2,43527,0.0481641643087536,0,0.219550216980097,1.32629319740233,1,0.0657442285136946,0.417342118073254,0.756287832536063,3,1,2
"Moderate overlap","few_exchangeable",2,23113,0.0401374869221639,0.0266666666666667,-0.0235963668021166,3.02378191323995,1,-1.15622388543527,0.686186439617746,0.0814706504459609,1,2,2
"Moderate overlap","few_exchangeable",2,19679,0.0402176934052449,0.573333333333333,0.002661664191419,1.41918746274456,1,-0.73161968475505,-0.886716142771055,-0.486046456782145,1,1,1
"Moderate overlap","few_exchangeable",2,26030,0.0385422573640755,0,0.0108246924772688,4.92144674569607,1,0.0916231298518789,0.665164080377463,0.239902107998228,3,2,3
"Moderate overlap","few_exchangeable",2,11158,0.0385957612749788,0,-0.0847840591241482,3.0607721260879,1,-2.20336978262674,0.59571204051073,0.514560773744942,1,1,3
"Moderate overlap","few_exchangeable",2,28002,0.042128010574211,0.493333333333333,0.0232982345589048,2.75702488190712,1,0.591908444855388,-0.240306900735149,-0.5084606165566,2,1,2
"Moderate overlap","few_exchangeable",2,27952,0.0338813091361187,0.0533333333333333,-0.273247576093513,0.967447761253765,1,-1.70095099707348,-0.180299296332082,-0.479527353518757,1,1,1
"Moderate overlap","few_exchangeable",2,21077,0.045197544431387,0.76,0.0960217894361239,6,0,2.25196207113065,2.15473988298038,1.45143510843124,3,3,3
"Moderate overlap","few_exchangeable",2,8223,0.0390665228585057,0,0.0738582736399689,5.164991460924,1,1.1426227390521,0.573883945451697,-1.02450960136777,3,3,2
"Moderate overlap","few_exchangeable",2,44882,0.0378196232786916,0,0.0480977231983895,5.15557799519067,1,-1.72663871605832,-0.524444420680387,-0.91447674206894,1,2,2
"Moderate overlap","few_exchangeable",2,44863,0.0400784911377765,0.0266666666666667,0.0392997650116369,5.12482419443129,1,1.30908047165559,1.04567944872294,0.740324898761023,3,3,1
"Moderate overlap","few_exchangeable",2,43640,0.0378634217885753,0,0.0579375445096431,4.77976603958379,1,-0.755292839633146,0.632861370602146,-0.6103931576546,3,2,3
"Moderate overlap","few_exchangeable",2,35709,0.0668887942512531,0,0.664288007967477,0.584864593794944,1,0.7497077086912,-0.591230308258451,1.81256910215175,3,2,3
"Moderate overlap","few_exchangeable",2,38529,0.0535653131964462,0.16,0.283098902333015,0.704002698102803,1,-0.587238776895485,1.19934541051627,2.12588962876154,1,2,2
"Moderate overlap","few_exchangeable",2,32886,0.0376776137193976,0.306666666666667,-0.072055388503319,5.7454753106789,1,-0.643465243894298,-0.488101510041648,-0.695814150948993,1,1,2
"Moderate overlap","few_exchangeable",2,17715,0.0409312556052917,0.36,-0.105304984833794,6,0,0.278676290231493,1.74592391574318,1.28040347235277,2,2,2
"Moderate overlap","few_exchangeable",2,35219,0.0490829598772237,0.0266666666666667,0.16661277707946,1.28998561759196,1,-0.276299625149711,-0.405096878525674,0.00876904750741632,2,2,2
"Moderate overlap","few_exchangeable",2,22077,0.0450544125274818,0.186666666666667,0.107977919670195,2.07521255944825,1,0.0646751948777531,-0.727956765699165,0.335767602454265,1,2,2
"Moderate overlap","few_exchangeable",2,33498,0.0423278195063962,0.96,-7.48922189339751e-05,4.13760760049013,1,0.152041963700157,-0.556605616241253,-0.579105794073917,1,1,1
"Moderate overlap","few_exchangeable",2,49149,0.0484687096917799,0.946666666666667,0.15221948763691,5.95193734786819,1,0.2921203611298,0.552675402589449,-0.53419448711467,1,1,1
"Moderate overlap","few_exchangeable",2,41866,0.0256801870580054,0.16,-1.0217366947384,6,0,-0.126472724851839,-0.0693164318988242,1.55100176768685,1,2,3
"Moderate overlap","few_exchangeable",2,35963,0.0415648994315336,0.96,0.000536843989026536,3.80487101756579,1,-0.227727378401735,-0.0703222668606697,0.126501596654989,1,1,1
"Moderate overlap","few_exchangeable",2,48719,0.0405178036645515,0.613333333333333,-0.00891644907832179,3.35343697823355,1,-0.433424435967478,-0.780886951688354,0.0258478456498078,1,1,1
"Moderate overlap","few_exchangeable",2,2257,0.0372141220080956,0.306666666666667,-0.148967814136652,3.84193092514859,1,-0.676057319351341,-0.967296952629604,-0.14749887823042,1,1,2
"Moderate overlap","few_exchangeable",2,1703,0.0448491984043069,0.64,0.16485630110192,0.446848323798628,1,-0.334019929434975,-0.737650710033996,0.13075362793637,1,1,1
"Moderate overlap","few_exchangeable",2,577,0.0407694915074299,0.186666666666667,-0.0132751643820219,3.92215015305023,1,0.250784954668287,-1.62745434654106,-1.55330153818142,1,1,1
"Moderate overlap","few_exchangeable",2,41969,0.0325243225639872,0.0266666666666667,-0.421832835416685,1.00607014761757,1,0.733700656031347,0.723848237056364,-1.33011694309001,1,2,1
"Moderate overlap","few_exchangeable",2,24084,0.039086504727203,0.0133333333333333,-0.00125207950540851,3.43234202168632,1,0.636311170116868,1.22608915389494,1.27206729457798,2,3,2
"Moderate overlap","few_exchangeable",2,26562,0.0422667010770102,0.146666666666667,0.0346948432818488,2.53078367992001,1,0.483315557193137,0.871971686607988,2.26744462752529,2,1,3
"Moderate overlap","few_exchangeable",2,44966,0.0524951346882995,0.746666666666667,-0.0508264970706316,6,0,1.08218324065256,0.624740700288384,0.462593620209322,2,2,1
"Moderate overlap","few_exchangeable",2,47684,0.0467009139586859,0.293333333333333,0.159695480975762,1.67982453538444,1,-0.282067468392001,0.948822761821179,1.74992612420734,1,1,2
"Moderate overlap","few_exchangeable",2,31321,0.0410731461338689,0,0.00340484795069207,4.64775844844216,1,-1.58934031251153,-2.14192207322537,-1.48942031852221,1,1,1
"Moderate overlap","few_exchangeable",2,5725,0.0434498222803152,0.306666666666667,-0.0453881167978525,1.18226251459098,1,1.7197934499527,1.40528443705171,0.853903248789405,3,3,3
"Moderate overlap","few_exchangeable",2,27991,0.0378869949709871,0.0266666666666667,-0.109286390013961,1.16928343461065,1,-1.15682896949861,-1.62911759054719,-1.65877160953758,1,1,1
"Moderate overlap","few_exchangeable",2,49091,0.0391123347171897,0,-0.0497411366668334,3.91579659021373,1,-2.14372313467037,-0.847630298915221,-1.44713026885671,1,1,1
"Moderate overlap","few_exchangeable",2,34421,0.0425699623513108,0.0266666666666667,0.106875047115885,1.14013646278382,1,-1.49429852668809,-1.42619912659955,-0.135020310975329,1,1,1
"Moderate overlap","few_exchangeable",2,23076,0.0401862939846318,0.16,-0.0260700776830003,3.37116152998176,1,0.965967489547924,0.969258120264004,1.07527384733602,3,2,3
"Moderate overlap","few_exchangeable",2,8210,0.0438910514105988,0.746666666666667,0.0061019166708432,0.314754201099277,0,0.0750696161791916,-0.88306160630066,-1.1414714123669,1,1,1
"Moderate overlap","few_exchangeable",2,43673,0.0432414905268923,0,-0.173773201402119,0.569790275662907,1,-1.02210618848045,0.197675358871279,-0.774237949937665,1,2,2
"Moderate overlap","few_exchangeable",2,49358,0.0400926579575376,0.293333333333333,-0.017836749696607,4.15326052722185,1,0.622658600200817,0.488231597923462,0.504206864523199,2,1,3
"Moderate overlap","few_exchangeable",2,18429,0.0396746116944766,0,-0.0121373067388233,2.78547089876235,1,-1.84499680545291,0.540407830372369,0.507903924410929,1,1,2
"Moderate overlap","few_exchangeable",2,14492,0.0441799248422296,0.146666666666667,0.0783723924811084,5.15991011055677,1,-1.39782687423282,-1.09013504356554,-1.20869979941795,1,1,1
"Moderate overlap","few_exchangeable",2,3472,0.0433896001220068,0.52,-0.0037681027042126,0.155452107617611,0,-0.0952901979752272,-0.204985619664682,0.297002341153792,2,1,1
"Moderate overlap","few_exchangeable",2,25799,0.0478953478819744,0.0266666666666667,0.22276455575211,1.60198528096864,1,0.603956084249008,0.244365876291229,1.8090660261302,3,2,3
"Moderate overlap","few_exchangeable",2,34157,0.038196333985067,0,-0.253011049961278,1.81682245848077,1,-0.0210771463077381,0.587311195046244,-0.153957202814964,1,3,3
"Moderate overlap","few_exchangeable",2,18084,0.0384785728897262,0,-0.0513144221173274,4.71737452390221,1,-0.634032008587485,-2.17258818560368,-1.46234797558562,2,2,1
"Moderate overlap","few_exchangeable",2,42306,0.0392734630271542,0.146666666666667,-0.0295551086029173,1.53457258268886,1,-1.42999147701263,-1.14354991462365,-0.616165588301701,1,1,1
"Moderate overlap","few_exchangeable",2,26583,0.0392389614353796,0.16,-0.0359833832970331,3.07627632936351,1,-0.513274205566535,-0.745901582779921,0.0681753352465903,2,1,2
"Moderate overlap","few_exchangeable",2,17541,0.0339115674926949,0.306666666666667,-0.313873805176869,4.27734070855921,1,-0.657257402833062,-0.703527813457011,0.505474127803236,1,1,2
"Moderate overlap","few_exchangeable",2,30834,0.0409604978457257,1,-0.00795483257159502,2.76487255267471,1,0.396339936079464,-0.0892250201356652,-0.317491315729411,1,1,1
"Moderate overlap","few_exchangeable",2,4226,0.0368985995094002,0,-0.125599515847805,3.10609710728676,1,-1.58828439954245,-1.17577685233024,0.684935869440411,1,1,2
"Moderate overlap","few_exchangeable",2,3394,0.0392170409764265,0.12,-0.0310687244568797,3.11705061701229,1,0.583738511184693,-0.696444091522999,0.399691368003287,2,2,1
"Moderate overlap","few_exchangeable",2,42386,0.0455914746330155,0.573333333333333,0.099640270741528,1.93530534285624,1,0.323053431907422,-0.205213941036624,-0.129488788222605,2,1,2
"Moderate overlap","few_exchangeable",2,18134,0.042230312575392,0.16,0.0115618022634263,4.24189043063246,1,-0.697696559306243,0.329488045254826,-0.415354784246359,1,2,1
"Moderate overlap","few_exchangeable",2,47896,0.0520351440806825,0.266666666666667,0.175946132429457,0.711249760447283,1,0.557546931947048,-0.227959790631932,0.20581182783864,1,1,3
"Moderate overlap","few_exchangeable",2,37139,0.0415454012184147,0.08,0.0236668699356364,2.74938783128296,1,-0.868553136251605,1.35331548612422,1.98441876153837,1,2,2
"Moderate overlap","few_exchangeable",2,45999,0.0395729630762698,0.76,-0.0449893774305377,2.02417066084367,1,0.0374368819931552,0.674293497790057,0.498920712245061,1,2,1
"Moderate overlap","few_exchangeable",2,41940,0.0484524663544687,0,-0.325867116914124,6,0,-1.49252335015208,-1.91771928249418,-0.660615845206651,1,1,1
"Moderate overlap","few_exchangeable",2,20205,0.0278495550216994,0.0266666666666667,-0.712893991185954,4.22962378995006,1,1.7543958091383,-0.194945956187434,0.592944492603747,3,2,2
"Moderate overlap","few_exchangeable",2,32494,0.0520498885621872,0,0.340162550648607,0.299098489298314,1,-0.60861109428828,-2.2204888694157,-0.712543704138334,1,1,1
"Moderate overlap","few_exchangeable",2,3020,0.0513309763403756,0.0666666666666667,-0.24536258713904,6,0,-0.708826446060143,-1.14531898768527,-0.252251388257421,2,1,1
"Moderate overlap","few_exchangeable",2,17562,0.0400907024499578,0.293333333333333,-0.024603399616399,3.19429577911917,1,0.243965433373956,-0.732121072664324,-0.605757900456564,2,1,2
"Moderate overlap","few_exchangeable",2,38075,0.0445599257729886,0.933333333333333,0.0540461720775214,2.1125937178991,1,0.738286459206596,1.79484434779213,1.37167621639426,1,2,2
"Moderate overlap","few_exchangeable",2,42986,0.051249757702035,0.186666666666667,0.209920215039438,1.17708151925202,1,0.422190259168158,-0.191420107713195,0.86101830107815,2,2,3
"Moderate overlap","few_exchangeable",2,42464,0.0584057083022994,0.293333333333333,0.343581971300695,0.244273142792445,1,1.74006006907528,0.895533422114289,1.06499676642887,3,2,3
"Moderate overlap","few_exchangeable",2,37004,0.0389784321869978,0.0266666666666667,0.0251589613023413,2.65552583343052,1,1.22157312534702,0.267222863094012,0.00846391210128464,3,2,1
"Moderate overlap","few_exchangeable",2,33802,0.0530770456758785,0.506666666666667,0.220421442424589,0.218485004452268,1,1.86566921812202,1.71492870519391,2.18107703747444,3,3,3
"Moderate overlap","few_exchangeable",2,41187,0.039325755475043,0,-0.0398715331440715,1.75642249612315,1,-1.40267281645309,-2.27656228059284,-1.967603742189,1,1,1
"Moderate overlap","few_exchangeable",2,36235,0.0352813926630004,0.0266666666666667,-0.172703449344909,4.57741969260207,1,0.657722343128852,0.599650435441718,0.298244520815186,3,2,2
"Moderate overlap","few_exchangeable",2,9670,0.0450152857537854,0.146666666666667,0.096305948136421,5.23119289504693,1,-0.66778392360007,0.755818978524984,-0.460583376113652,1,2,1
"Moderate overlap","few_exchangeable",2,14795,0.0545466776414049,0.573333333333333,0.219941057920558,0.20182022785606,1,0.65527162457981,0.551837071361671,1.14563443686212,2,2,3
"Moderate overlap","few_exchangeable",2,30246,0.0402210643521909,0.186666666666667,-0.0320511118403353,3.16631188399186,1,1.9511724460962,1.23882295733505,0.460838844983573,3,2,2
"Moderate overlap","few_exchangeable",2,36022,0.0391513660714606,0.293333333333333,-0.00365682034122639,3.64071993033841,1,0.171295760225716,1.18938521267311,0.656084152748884,2,1,2
"Moderate overlap","few_exchangeable",2,6574,0.029235359430163,0,-0.665212747427836,2.90810886909883,1,0.998835254465405,-1.17135324702383,1.08079534120759,3,2,2
"Moderate overlap","few_exchangeable",2,23287,0.033893191396912,0.533333333333333,-0.312755201542688,5.17389700513343,1,-0.613821116582665,-0.00271405470524263,0.806205684651263,1,1,2
"Moderate overlap","few_exchangeable",2,16621,0.0378487613500022,0.0266666666666667,-0.110070011107324,0.339771293856285,1,-1.7546247743162,-0.759325675725242,-0.270574267947246,1,1,1
"Moderate overlap","few_exchangeable",2,29580,0.0386697169844193,0,0.00218124805970565,2.18918482644867,1,-2.39148126138395,-1.45193884059536,-0.272811460927585,1,1,1
"Moderate overlap","few_exchangeable",2,29527,0.0363400816994257,0.16,-0.0690981333607827,4.39274137747554,1,0.15845340056889,-0.357795981874902,-0.657105568747776,1,2,2
"Moderate overlap","few_exchangeable",2,37763,0.0431202109793286,0.0266666666666667,0.00101445076203666,5.84889842658875,1,-0.166118537263841,-1.1318915623728,-1.04000364788201,1,2,1
"Moderate overlap","few_exchangeable",2,37970,0.0382880269213903,0,0.0111469018534047,1.82828793939342,1,-0.48389880575401,0.861613182906024,1.49054788028926,2,2,1
"Moderate overlap","few_exchangeable",2,35990,0.0415525018948012,0.96,-0.00549698956308786,3.83407410517568,1,0.0380112949812391,0.731771874961134,-0.00701888173296185,1,1,1
"Moderate overlap","few_exchangeable",2,33418,0.0442686845069298,0.453333333333333,0.099031407891522,6,0,-0.298947417002031,1.07917790946007,0.340075093374264,1,2,2
"Moderate overlap","few_exchangeable",2,48378,0.0423362378270597,0,0.0542062177327789,2.28541781522549,1,-0.442067261487564,0.445003910162439,1.06729692133668,3,2,3
"Moderate overlap","few_exchangeable",2,1337,0.0433561807194189,0.293333333333333,0.0632004217883702,2.36305280437922,1,1.46754025181337,0.832313759206798,1.17921981515368,3,2,3
"Moderate overlap","few_exchangeable",2,24978,0.0336971061039453,0,-0.307235363419633,1.57212024747758,1,-0.416706789744407,0.943913854615524,-0.206142125939954,2,2,1
"Moderate overlap","few_exchangeable",2,6570,0.0438258816448597,0.946666666666667,0.0533884470926229,2.36198641841192,1,0.917927482135769,0.978768845680615,0.634425228797416,1,2,2
"Moderate overlap","few_exchangeable",2,32324,0.0692674572338719,0.56,0.481808647520717,6,0,-0.781716350141789,-0.376681391940627,-1.04020519189945,1,1,1
"Moderate overlap","few_exchangeable",2,8146,0.0419616695597332,0.946666666666667,0.0686199004588053,1.22168743629594,1,0.0727568749732327,-0.485132211204479,-0.0814805188319356,1,1,1
"Moderate overlap","few_exchangeable",2,3486,0.0399939336370713,0.186666666666667,0.00505127266877681,3.11193889954541,1,-1.08043210555591,-0.902981180656363,0.0490214953238873,1,1,1
"Moderate overlap","few_exchangeable",2,10233,0.0416679317476947,0.44,0.07487679904705,5.68263331941814,1,-0.202266074223898,0.480130413419495,0.343625488336837,2,1,1
"Moderate overlap","few_exchangeable",2,39607,0.0414465919278443,0.493333333333333,0.00370261323255816,2.70749740019736,1,0.293106549970167,1.01493310243323,1.82805474165761,2,2,2
"Moderate overlap","few_exchangeable",2,13686,0.0351512294633909,0.853333333333333,-0.341865873510312,6,0,-0.0958493094496735,0.829506928191507,0.769614980363423,1,1,2
"Moderate overlap","few_exchangeable",2,19976,0.0355231318012258,0,-0.219904646318133,4.42364635801049,1,-1.11742774864708,-1.14182509956049,0.756211872073955,1,1,1
"Moderate overlap","few_exchangeable",2,13794,0.0431856819625778,0.0266666666666667,0.0565911243602559,4.95159338329275,1,-0.26163801187689,-0.896419978015888,-1.3539722971366,1,2,1
"Moderate overlap","few_exchangeable",2,27427,0.0435299899691863,0.16,0.000646407799652936,0.0514076964675974,0,-1.28818613647637,-1.19559543324964,-0.717232218273198,1,1,1
"Moderate overlap","few_exchangeable",2,2897,0.0411167695825471,0,-0.104468322318662,1.33246834892034,1,-1.53218566204841,0.367518230590005,1.4140121621255,2,3,3
"Moderate overlap","few_exchangeable",2,36971,0.0434300648957836,0.0266666666666667,0.115224276585008,0.753264067678085,1,-1.42921896959265,-1.60074250557487,-0.415879020288159,1,1,1
"Moderate overlap","few_exchangeable",2,20122,0.0350065061709154,0.186666666666667,-0.089392186788007,3.79191472713708,1,2.09201974139347,0.335473681900726,0.44586645554406,2,2,3
"Moderate overlap","few_exchangeable",2,17455,0.0655725441731495,0.52,0.552111747067138,0.33978163491995,1,1.35842562299103,0.84045805214294,1.74180960026997,2,1,2
"Moderate overlap","few_exchangeable",2,15204,0.0358617436321109,0,-0.153581975881607,3.21295834621672,1,1.05767947972994,-0.666555523616839,0.40139971860665,3,2,3
"Moderate overlap","few_exchangeable",2,20988,0.0389439092514645,0.44,-0.0606230163973889,3.51055898695043,1,0.772487243458182,-0.0232937889725058,-0.0368887451183087,2,2,2
"Moderate overlap","few_exchangeable",2,21645,0.0404635245945158,0.853333333333333,-0.0263250887805557,3.07720649702529,1,-0.625980323295714,-0.470444177304849,-0.625669387557888,1,1,1
"Moderate overlap","few_exchangeable",2,31212,0.0311161423166908,0,-0.489625285438993,4.48022866768292,1,0.411128066138172,-0.0539155474351646,1.51627579821649,3,2,3
"Moderate overlap","few_exchangeable",2,43776,0.0251851939153399,0,-1.53361806227529,6,0,-0.880663987589793,-0.79434203003437,1.03274865146715,2,1,2
"Moderate overlap","few_exchangeable",2,45309,0.0396097648783675,0.426666666666667,-0.225554367049928,1.02005491473333,1,2.70048859026304,3.10446660091884,1.41910710815423,3,3,3
"Moderate overlap","few_exchangeable",2,27132,0.0408027122587785,0.493333333333333,0.000792103274006806,3.24489251113495,1,1.1361917234477,0.0857103352189064,-0.204999533188683,2,2,1
"Moderate overlap","few_exchangeable",2,43650,0.0412243328810468,0.186666666666667,-0.0111540452317869,0.779785690459219,1,0.717857819502986,-0.480810610611699,-0.810202934008901,1,2,1
"Moderate overlap","few_exchangeable",2,8581,0.0438160107295914,0,-0.0393823261729924,1.73453888855875,0,-0.547760638859054,-1.36070032329694,-0.834351475329761,1,2,1
"Moderate overlap","few_exchangeable",2,36251,0.0410039043649624,0.106666666666667,0.00178647636068874,3.65939060902137,1,-1.00419265242748,0.110033797695664,0.554428022590475,1,2,1
"Moderate overlap","few_exchangeable",2,30996,0.0494068733705851,0.586666666666667,-0.163307187798856,6,0,-0.0423546189559693,-1.2199243122052,-0.902242591464789,1,1,1
"Moderate overlap","few_exchangeable",2,48240,0.0422845165593701,0.6,0.00751635529650319,4.71841425283144,1,-0.822779789276828,-0.548050911043791,-0.156975121731092,1,1,1
"Moderate overlap","few_exchangeable",2,3151,0.0420526411009093,0.56,0.073715985638336,1.1458651665348,1,-0.583113609377915,-1.05823029434407,-0.370314596108028,1,1,1
"Moderate overlap","few_exchangeable",2,47758,0.0394954167195809,0.24,-0.0666422158403353,3.01797663764039,1,-0.660256276572049,-1.01450606976457,-1.65316839898652,1,1,1
"Moderate overlap","few_exchangeable",2,41732,0.034536161361844,0.186666666666667,-0.29944413885904,2.97644531819969,0,0.112551264450544,-0.00652707047736479,0.999052107220078,2,1,3
"Moderate overlap","few_exchangeable",2,34139,0.0433539097160101,0.16,0.0617097985702442,4.81813519820197,1,-1.43284149434791,-0.775610003268243,-1.03760417782368,1,1,1
"Moderate overlap","few_exchangeable",2,20227,0.0468974850873522,0.706666666666667,0.11503639205094,1.7793302096177,1,0.803566609022705,0.406242100201779,0.329306674756053,2,2,2
"Moderate overlap","few_exchangeable",2,26727,0.0539624747854602,0.666666666666667,0.0115573606606327,6,0,0.74953353037643,-0.617983783673605,-0.882177486681955,2,1,1
"Moderate overlap","few_exchangeable",2,27435,0.0366032469725915,0.573333333333333,-0.170790141326415,3.7379324611612,1,0.639067774008441,-0.605607155753935,-0.127750918655129,2,1,2
"Moderate overlap","few_exchangeable",2,31116,0.0714432792552227,0.173333333333333,0.521196814527847,6,0,-1.42739716683118,-0.309113300969501,-0.753118167299514,1,1,1
"Moderate overlap","few_exchangeable",2,19840,0.042528984445338,0.226666666666667,0.055267441759861,3.36755626670523,0,-0.596243488364771,-0.0398002125507187,-0.761893729404369,1,1,2
"Moderate overlap","few_exchangeable",2,27913,0.0436803760978255,0.573333333333333,0.0439840277949712,4.72178394613376,1,-0.693432230493394,-0.871940465840918,-1.09338089470633,1,1,1
"Moderate overlap","few_exchangeable",2,3815,0.0404082404962639,0.0266666666666667,-0.0218185194966631,2.90060398765282,1,-1.34870998126857,0.101391327128471,-0.401266070801899,1,1,2
"Moderate overlap","few_exchangeable",2,22468,0.0299034686133041,0,-0.510711509008101,4.36263061037568,1,0.55641430130261,0.788283014214657,1.72137558877424,3,1,2
"Moderate overlap","few_exchangeable",2,48501,0.0383139458799224,0.106666666666667,-0.0542028250279829,3.79172584101248,1,-0.285337397482949,-0.107803051634138,0.114588224268188,2,2,2
"Moderate overlap","few_exchangeable",2,42936,0.0386399546389712,0,0.000853821399316779,3.61527758701852,1,0.26349943390271,-0.429102085014573,0.124274620397141,2,3,1
"Moderate overlap","few_exchangeable",2,48918,0.043870943791159,0,0.200878387640808,1.69750621390492,1,-0.718550356548396,-1.78047778527204,-0.20022706670319,3,1,2
"Moderate overlap","few_exchangeable",2,27494,0.038437381917009,0.186666666666667,-0.128182125927488,1.57419528477703,0,-0.729711865343825,-1.08113444054661,-0.780835723529977,1,1,2
"Moderate overlap","few_exchangeable",2,49263,0.0377676203714212,0.64,-0.1228983963661,2.40479936933609,1,-0.65772770479746,-0.311537173728225,-0.972091322792879,1,1,1
"Moderate overlap","few_exchangeable",2,32146,0.0471939777351719,0.506666666666667,0.0964266578905976,1.20735187083483,0,0.2336533593006,-0.375041192565812,-1.5392466351178,1,1,1
"Moderate overlap","few_exchangeable",2,39795,0.0321139946308413,0.573333333333333,-0.369895173502824,5.61008667988456,1,0.189664998938112,0.36174105800882,0.890341000577322,2,1,2
"Moderate overlap","few_exchangeable",2,11412,0.0363530043711779,0.146666666666667,-0.175054161776291,1.1798511584611,1,-1.09278294736108,-1.28167911474509,-1.62678614553795,1,1,1
"Moderate overlap","few_exchangeable",2,9771,0.0442897424254877,0.826666666666667,0.0487174550134188,4.70325120669705,1,0.440219263467087,1.40808140929176,0.715977571860854,1,2,1
"Moderate overlap","few_exchangeable",2,28958,0.034267919818409,0,-0.249804286859792,3.28067686560096,1,-0.225473136203803,0.972262544279992,-0.456006137070562,2,3,1
"Moderate overlap","few_exchangeable",2,43639,0.0401467572528219,0.44,0.00416904662995821,3.14105304806695,1,0.426142068559591,0.0997427065167923,0.478216571063961,2,2,1
"Moderate overlap","few_exchangeable",2,48715,0.042695702812546,0.0666666666666667,-0.170915818644779,1.01388462102372,1,0.389968122493435,0.964698396719167,0.0241299495815737,1,2,3
"Moderate overlap","few_exchangeable",2,19638,0.0425662185015954,0,0.0678331851009824,4.91321613454062,1,-2.02720830749681,-1.5202290260312,-2.04472858604001,1,1,1
"Moderate overlap","few_exchangeable",2,30816,0.039943448087932,0.16,-0.0370134824914072,2.84155876979382,1,2.1030426096482,0.641759377312255,0.303330277100322,3,2,2
"Moderate overlap","few_exchangeable",2,29736,0.0386874196561494,0,-0.000912629552648259,4.30090160716066,1,-0.349952418558776,0.200476306382902,-0.238216125724168,2,3,1
"Moderate overlap","few_exchangeable",2,7738,0.0396865896558863,0.506666666666667,-0.0353188365863439,4.13060338231496,1,-0.613236488884193,-0.291834844084864,-0.386788103280612,1,1,2
"Moderate overlap","few_exchangeable",2,37719,0.0489581038157475,0.64,0.161416642807349,1.37731052973884,1,0.158085451861557,-0.55374280501229,-0.453689831772375,1,1,2
"Moderate overlap","few_exchangeable",2,36657,0.037168062208014,0,-0.129760115379813,3.34843789863828,1,-0.0826691007229731,1.22005315736188,-0.398462552859547,2,2,3
"Moderate overlap","few_exchangeable",2,17226,0.0411682777087532,1,0.0110008863009206,2.62395807083214,1,0.23214678394269,-0.225454486425481,-0.0822241363257045,1,1,1
"Moderate overlap","few_exchangeable",2,21220,0.0337669510118621,0.0533333333333333,-0.297673121462529,0.527229528538463,1,-1.29276104581576,-1.10788080338046,-1.65093624482182,1,1,1
"Moderate overlap","few_exchangeable",2,4319,0.0507832687373037,0.853333333333333,0.217930146622683,1.29635045575183,1,0.878554655054967,0.0401325001936975,0.200343975674654,1,1,2
"Moderate overlap","few_exchangeable",2,34141,0.0386297301570103,0.186666666666667,-0.0680026826144178,3.32177549643182,1,1.44264890176228,0.553266432756937,0.87435901276742,3,2,3
"Moderate overlap","few_exchangeable",2,32678,0.0382710331113121,0.4,-0.121123011389875,2.98979992219643,1,-0.48271076541651,-0.368750014806347,-1.50040660151489,1,1,1
"Moderate overlap","few_exchangeable",2,47854,0.032611804658925,0.946666666666667,-0.372099838207158,5.80871803367121,1,0.202883330574028,0.178721761938457,0.535702720729294,1,1,2
"Moderate overlap","few_exchangeable",2,37845,0.0464201073652855,0.12,-0.00256038162404804,0.815711323564966,1,1.50092361573055,1.21190899684649,1.3779150560329,2,3,3
"Moderate overlap","few_exchangeable",2,40362,0.0349041403208638,0,-0.0993490045762107,4.08690573151928,1,0.0742978711686423,0.247876960748503,0.832468410827446,3,3,2
"Moderate overlap","few_exchangeable",2,39384,0.0402368120962927,0.346666666666667,-0.0108668330109061,3.31421365324393,1,-0.122611593888591,-0.0763461358192596,-0.162467652126861,1,2,2
"Moderate overlap","few_exchangeable",2,48533,0.0419787770451756,0.306666666666667,0.0671578359356804,1.68953172496758,1,-0.394335637583201,-1.56011951468488,-0.920151996937549,1,1,1
"Moderate overlap","few_exchangeable",2,37992,0.0424137609873979,0,-0.0941492185615291,1.46009092492141,1,-0.274856135483993,0.40185723909765,0.0914352685692869,2,2,3
"Moderate overlap","few_exchangeable",2,32273,0.0383540872310861,0,-0.101502341947541,0.506369590675759,1,-1.89693769345808,-1.79405313746824,-1.32659087494931,1,1,1
"Moderate overlap","few_exchangeable",2,18565,0.0433448482522964,0.266666666666667,0.0457281303696184,2.28229398532577,1,0.0368885754525325,-0.368145421685111,1.01618977904328,1,2,2
"Moderate overlap","few_exchangeable",2,15632,0.0419508645045857,0,0.0489820964999943,1.50883077773053,1,0.643174203268397,-1.33716293068659,-1.26453631170669,2,2,1
"Moderate overlap","few_exchangeable",2,16331,0.0321848797459682,0.146666666666667,-0.2957475286273,5.55010968920003,1,0.242791762462427,-0.492446771520612,-0.234926718153892,2,2,2
"Moderate overlap","few_exchangeable",2,14159,0.0409684004462223,0.96,-0.000632190741370664,3.25523584642995,1,0.497397376583963,0.193986114213797,0.505098718844896,1,1,1
"Moderate overlap","few_exchangeable",2,19387,0.0469149754211716,0.08,0.156809467007442,5.81059743027993,1,-0.347427126440709,1.65649297549882,-0.0811674822276659,1,2,1
"Moderate overlap","few_exchangeable",2,28214,0.0396213824722644,0,0.0217292910293247,1.5909495693099,1,0.164810731631532,-0.981880503264824,-1.22822461634401,3,1,1
"Moderate overlap","few_exchangeable",2,45464,0.0367993440740985,0,0.0376082534746285,2.51731237125026,1,0.0963705925827798,0.166830452307847,0.597663197671189,3,1,1
"Moderate overlap","few_exchangeable",2,45146,0.0505924422094265,0.266666666666667,0.226522243027851,1.48690406114706,1,1.06708201942642,-0.484476225729181,0.0372505926780126,2,2,2
"Moderate overlap","few_exchangeable",2,14761,0.0425425118064326,0.76,0.0290933287724555,4.41885467661331,1,-0.78107869169471,-0.0640049892138597,-0.113540033558686,1,1,1
"Moderate overlap","few_exchangeable",2,29549,0.0430808108119137,0.186666666666667,0.09254555571623,2.16036845771549,1,-0.127836381692825,0.148703595728124,1.32060467658022,2,1,2
"Moderate overlap","few_exchangeable",2,14898,0.0393832980808113,0,0.0929001169750667,2.16753755487845,1,1.41512409895972,-0.620792920777357,0.0637780713761794,3,2,1
"Moderate overlap","few_exchangeable",2,12275,0.041413744990767,0.213333333333333,0.0435047412185625,2.3787199891385,1,1.14581686266816,-0.470752643578886,-0.26033908521537,2,2,1
"Moderate overlap","few_exchangeable",2,7116,0.031193981790134,0.16,-0.603622752132713,6,0,-1.19446162537201,-0.790165869794239,-0.0532098370155095,1,1,2
"Moderate overlap","few_exchangeable",2,49295,0.0391189740544663,0,-0.00893728235487501,2.89404030020484,1,0.543741455771732,1.30961451590468,0.646023799200884,3,3,2
"Moderate overlap","few_exchangeable",2,23714,0.0341567844224332,0.0266666666666667,-0.242543094602398,4.19103647582233,0,0.444812821581525,-0.397512668459648,-0.735453890277177,2,2,2
"Moderate overlap","few_exchangeable",2,7758,0.0392207086489771,0.813333333333333,-0.0628989309879899,4.54126001393702,1,-0.3366173003476,0.420029375358324,0.3359010561667,1,1,2
"Moderate overlap","few_exchangeable",2,46540,0.0402947532272872,0.16,-0.00948684418462697,1.54050748549905,1,-0.421395030460776,-1.76784489239772,-1.6863167867054,1,1,1
"Moderate overlap","few_exchangeable",2,42694,0.0467058978264234,0.0266666666666667,0.188340155799597,6,0,1.40096303508013,1.22026939075044,0.295785570788133,2,3,2
"Moderate overlap","few_exchangeable",2,18287,0.0407441941087225,0.48,-0.00237879124200635,2.54796702363179,1,-0.331932026577194,0.266254208853504,0.556391804702109,1,2,1
"Moderate overlap","few_exchangeable",2,19346,0.0387491138601749,0.226666666666667,-0.058535874896176,3.62627471308576,1,-0.169180618261359,0.380883623905492,0.758182886035773,2,2,2
"Moderate overlap","few_exchangeable",2,23362,0.0446955999860363,0.92,0.0422237977580338,5.64936799558695,1,-0.45361375228417,-0.0560234733495828,0.021166739820721,1,1,1
"Moderate overlap","few_exchangeable",2,1581,0.038907399240223,0.573333333333333,-0.132129722872686,4.75275277204351,1,-0.151475210040798,-0.313317815103854,0.664374310704147,1,1,1
"Moderate overlap","few_exchangeable",2,10694,0.0340072738147615,0,-0.203066299222717,2.51618518159068,1,-0.412627977598445,1.26630415263571,0.901394915014517,2,3,1
"Moderate overlap","few_exchangeable",2,39886,0.0371667222890773,0.146666666666667,-0.0355684460408865,5.24801487189765,1,-0.344836126142328,0.866503726337463,0.636567884698558,2,2,2
"Moderate overlap","few_exchangeable",2,25776,0.0607421241807584,0.573333333333333,0.404998778706929,0.208318996023451,1,0.0152337516160684,-0.0136375899316413,0.703301996942157,1,2,2
"Moderate overlap","few_exchangeable",2,37482,0.0473356178532578,0.16,-0.3507294428101,6,0,-0.984276939956643,-1.55665054517639,-0.475815730714275,1,1,1
"Moderate overlap","few_exchangeable",2,28757,0.0301669219879068,0.16,-0.702604373674828,6,0,0.425669467863153,-0.424731435967681,0.457270318462815,1,2,3
"Moderate overlap","few_exchangeable",2,6729,0.0506193506404568,0,0.303274848972662,1.3080586969175,1,0.133809224227704,-0.467305861045268,1.32545115298636,3,2,3
"Moderate overlap","few_exchangeable",2,32866,0.0420090631385456,0,0.07335458905174,2.26814184312954,1,-0.469017479897168,0.862918787540778,2.2140907134044,2,2,2
"Moderate overlap","few_exchangeable",2,13914,0.0443966191572886,0.293333333333333,-0.0716025054191636,0.929855428243021,1,0.0778200640584118,0.869278965694169,-0.210589418792493,1,2,2
"Moderate overlap","few_exchangeable",2,9006,0.0369844947580878,0.16,-0.155502559551755,1.53743427890416,1,0.19581675553842,0.270674635366752,-0.472887685184962,2,2,1
"Moderate overlap","few_exchangeable",2,1211,0.0527674570844935,0.36,0.17524033412798,0.389595357141866,1,1.29264286851685,0.364486327575429,0.478586701663707,2,1,3
"Moderate overlap","few_exchangeable",2,28402,0.0327896463540698,0,-0.407368648417749,0.681239480837615,1,-0.368783795405398,-0.351517248682975,-1.75016519520124,1,2,1
"Moderate overlap","few_exchangeable",2,21439,0.0390823721566205,0,-0.0455293188826533,2.86705202183365,1,0.323398703290006,0.965887682613724,0.300121538174518,2,3,2
"Moderate overlap","few_exchangeable",2,12507,0.040297236656503,0.213333333333333,0.00738002648712266,4.32930729679622,1,-0.280178743536372,0.76575139007353,0.815999461825419,1,1,3
"Moderate overlap","few_exchangeable",2,26281,0.0593738775662208,0,0.472540883138423,0.136396402447266,1,-0.174899235488213,-1.74860011974907,0.106364222346046,2,2,1
"Moderate overlap","few_exchangeable",2,48002,0.0249014133584462,0.293333333333333,-1.25600574225073,6,0,1.21845692453466,0.960179013742975,1.22316313663582,3,2,2
"Moderate overlap","few_exchangeable",2,29833,0.0449153125061565,0,0.253283279690168,1.26591251419674,1,1.86552536240592,-1.16113718643061,-0.73893933369392,3,2,1
"Moderate overlap","few_exchangeable",2,40360,0.044496518966109,0.546666666666667,0.0486886655122654,1.80614580974882,1,0.331707603980421,1.31538564544226,0.954033676472559,2,2,2
"Moderate overlap","few_exchangeable",2,47818,0.0517489562288561,0.0266666666666667,-0.352741214447145,6,0,0.70099559380471,-0.0126917484188555,0.068786998233122,3,1,1
"Moderate overlap","few_exchangeable",2,16736,0.0454149236729143,0.746666666666667,0.0763674285372469,2.09285291727198,1,0.670169066794735,1.09564555925577,1.76741921435773,2,2,3
"Moderate overlap","few_exchangeable",2,16921,0.0408993811872226,0.266666666666667,0.00485956965501488,3.10646575955619,1,2.09421742478304,1.05621469506305,0.779116711051964,3,3,3
"Moderate overlap","few_exchangeable",2,31978,0.0395336931511581,1,-0.0552577142716608,2.41856025712684,1,0.351360934326326,0.211511336231612,-0.380314799302816,1,1,1
"Moderate overlap","few_exchangeable",2,37340,0.0448288101189614,0.28,0.0631480313407644,1.91873736254108,1,0.192562389841238,0.309349000767742,0.0896074127121302,2,2,2
"Moderate overlap","few_exchangeable",2,45052,0.0458869224700408,0.386666666666667,0.134423610854321,1.94684676296455,1,-0.0943588508258153,-0.0551391786661389,1.36861660724612,1,1,2
"Moderate overlap","few_exchangeable",2,46677,0.0439682127658559,0.0666666666666667,0.186783379245616,1.56639264930287,1,-0.435647851417165,-1.54858059680103,0.122334993208148,1,1,1
"Moderate overlap","few_exchangeable",2,23865,0.0379583880300962,0,0.0189794245532213,5.60158916301408,1,0.501546445425914,0.96154395188891,0.748478238889054,2,3,2
"Moderate overlap","few_exchangeable",2,8639,0.0458660580959273,0.146666666666667,0.0939644278031855,1.78286241645288,1,0.0632877122171639,-0.25437729496748,-0.243620491960086,2,2,2
"Moderate overlap","few_exchangeable",2,40695,0.038232585923949,0,0.0256368794541775,4.29003387277179,1,0.384599793068828,0.630477570186283,-0.950652159323707,2,2,2
"Moderate overlap","few_exchangeable",2,30078,0.0391926611962349,0.0266666666666667,0.0100473825525316,4.08720122922908,1,-0.958319284211635,-0.708234614009184,-1.05362090858559,2,1,1
"Moderate overlap","few_exchangeable",2,7152,0.0360273250385828,0.0266666666666667,-0.210115052502275,1.11702202937125,1,-0.501440483850075,-0.412450151403908,-1.08866038764626,1,2,1
"Moderate overlap","few_exchangeable",2,11808,0.0524797455969266,0.0266666666666667,0.256140809001406,0.804322138746655,1,0.562479981960217,0.442834038572852,0.330530737515939,3,2,2
"Moderate overlap","few_exchangeable",2,29199,0.0528845087877977,0.226666666666667,0.220630800572658,0.449965788986984,1,-0.905750536280286,-0.842352993813432,-0.389132893830035,1,1,2
"Moderate overlap","few_exchangeable",2,24634,0.0382305741582282,0,-0.0730929266868936,1.62280904575053,1,-2.38506189984584,-2.12487296367853,-1.49156640852058,1,1,1
"Moderate overlap","few_exchangeable",2,24015,0.0365159486349042,0.573333333333333,-0.15641261416047,0.678854021235957,1,-0.530646322182521,-0.842163218548313,-1.21443831574826,1,1,1
"Moderate overlap","few_exchangeable",2,47779,0.0427368914930366,0.146666666666667,0.0217185633139152,2.2210211759489,1,1.33111423799146,0.825754979929502,0.870928891801829,3,3,3
"Moderate overlap","few_exchangeable",2,18647,0.0339234812433397,0.493333333333333,-0.321264558954135,2.50757033085718,0,-0.388749608322371,0.0914688548382615,0.770414537921748,1,2,2
"Moderate overlap","few_exchangeable",2,3589,0.040139972369182,0.0266666666666667,-0.00436790792323061,2.43210418005867,1,0.836006253981998,-0.426585783779376,0.320080633656586,3,1,2
"Moderate overlap","few_exchangeable",2,30608,0.0414036600672928,0.306666666666667,-0.00144854471254119,2.76606235637537,1,0.564735256731684,0.873071276498341,0.594983386658066,1,1,3
"Moderate overlap","few_exchangeable",2,16550,0.0354388916093486,0,-0.195302261132674,2.81548024271238,1,-2.27589418516886,-0.0579108609227205,-0.643158012763161,1,2,1
"Moderate overlap","few_exchangeable",2,40028,0.0393861310684497,0.506666666666667,-0.0162643540901526,0.76462503675375,1,-0.671439517432905,0.382833626230921,0.79379273627215,1,1,1
"Moderate overlap","few_exchangeable",2,44414,0.0415727934344822,0.546666666666667,-0.00424288590126354,2.90080286297244,1,-0.0346849504121916,0.991032019212523,0.22722941465713,1,2,2
"Moderate overlap","few_exchangeable",2,26101,0.0372900123935636,0.48,-0.0989014627843856,4.13785327594438,1,0.174862958301111,-0.749081735745937,0.20271768156355,2,1,1
"Moderate overlap","few_exchangeable",2,28127,0.0313982616945844,0.0533333333333333,-0.446164186737809,3.89818107164652,1,1.00591682064736,-0.0332538646605191,0.779663842989944,3,2,2
"Moderate overlap","few_exchangeable",2,744,0.0465434522347677,0.96,0.102139273344389,5.69612595903677,1,-0.328174632770276,0.205873993391109,-0.222085583255421,1,1,1
"Moderate overlap","few_exchangeable",2,20236,0.0371598819558125,0.293333333333333,-0.137789706752868,2.59382136579495,1,0.837685601109052,1.37082869780202,0.0201004419224627,2,2,1
"Moderate overlap","few_exchangeable",2,47228,0.0486378655962298,0.346666666666667,0.101949629735423,1.06943781861401,1,0.973581339676058,0.42126618291508,-0.197840241789821,2,2,2
"Moderate overlap","few_exchangeable",2,46580,0.0396439469701232,0,0.00248925812427991,2.42522518757581,1,-1.57081268745407,-2.79332147634367,-2.15192748827441,1,1,1
"Moderate overlap","few_exchangeable",2,24610,0.0502925461512266,0.173333333333333,-0.0129371786263919,0.0529328202311187,1,-0.108069853417985,0.32450271988578,0.326756832968267,1,2,3
"Moderate overlap","few_exchangeable",2,24661,0.0404434131024582,0.186666666666667,-0.000643648323576773,3.00817555666522,1,-1.18030310914556,-1.26165285776963,-0.707307522843742,1,1,1
"Moderate overlap","few_exchangeable",2,15856,0.0467415431576401,0.16,0.138753649805173,5.66156052828139,1,-0.88244256341197,0.573867022529826,-0.111097251615941,1,2,1
"Moderate overlap","few_exchangeable",2,35640,0.0385448921195864,0.16,-0.0866572380310746,0.0762852226986097,1,-1.44615264497184,-0.235706136913675,0.265445426711701,1,1,1
"Moderate overlap","few_exchangeable",2,13658,0.0425943390474338,0,0.11235914657318,1.18137294844227,1,-0.897481572409576,-1.54777580033894,-0.434789903978137,2,1,1
"Moderate overlap","few_exchangeable",2,35469,0.0395614938766781,0.346666666666667,-0.0140523262954182,3.47334350828862,1,0.180268517443022,0.0211011249019165,-0.319567189259604,1,2,2
"Moderate overlap","few_exchangeable",2,12731,0.0523783962677157,0.306666666666667,-0.0596339531903132,6,0,-0.378069105365242,-0.0785337551381441,0.347954358260367,1,2,1
"Moderate overlap","few_exchangeable",2,32864,0.0388657930867094,0.16,-0.09393124356881,3.09468263955137,1,-0.750927067035507,0.228463490241188,-0.541134523834361,1,2,1
"Moderate overlap","few_exchangeable",2,42850,0.0330671023266052,0.493333333333333,-0.331352581682998,4.09229541084112,1,1.00195496824418,-0.812168445035079,-0.17691355098137,2,1,2
"Moderate overlap","few_exchangeable",2,25748,0.0414555069044217,0,0.0183340553316533,4.36341482024459,1,-1.11201193193639,-2.15929143052295,-2.01281059573359,1,1,1
"Moderate overlap","few_exchangeable",2,36970,0.0411419268544361,0.44,-0.00141017112977071,3.31996252639245,1,0.582501232062929,1.19482496978619,0.976497263469555,2,2,3
"Moderate overlap","few_exchangeable",2,4307,0.040950822356945,0.146666666666667,0.0375326842945971,4.48255695482491,1,-1.36070910698215,0.587344791710884,0.499194481048926,1,1,1
"Moderate overlap","few_exchangeable",2,4634,0.0388964445158526,0.173333333333333,-0.0833383198048496,3.49171110845395,1,-1.27052370991711,-0.215634388912308,-1.05646427303078,1,1,1
"Moderate overlap","few_exchangeable",2,27828,0.0255158926270067,0.106666666666667,-0.981056979153218,2.88018262527169,0,1.35525953232716,-0.0376192636732638,0.865987900838089,3,2,2
"Moderate overlap","few_exchangeable",2,35809,0.03613176723336,0.0266666666666667,-0.204750017055557,2.21673004430346,1,-0.727290801397761,-1.09379098446363,-2.22015360148247,1,1,1
"Moderate overlap","few_exchangeable",2,49663,0.0366279605547812,0.346666666666667,-0.181276348850324,2.79886792925496,1,-0.692919996022542,0.0555144752922319,-1.22236040862727,1,1,1
"Moderate overlap","few_exchangeable",2,49427,0.0311434130925362,0.186666666666667,-0.538493018249563,6,0,-0.821387055026589,-1.04930231828702,-0.623025209690716,1,1,2
"Moderate overlap","few_exchangeable",2,44633,0.0380402844997757,0,-0.0157855608663802,2.77959842997199,1,1.39828253065118,-1.36052333899038,-1.24731996924558,2,2,2
"Moderate overlap","few_exchangeable",2,15480,0.0425456950777381,0,0.0370103482664601,2.38780804771406,1,-0.257188101502228,-1.49004449798545,0.511408205597795,2,1,3
"Moderate overlap","few_exchangeable",2,18862,0.0381887294039185,0.333333333333333,-0.0803568548265143,1.25054640529781,1,-1.10560908746654,-0.945188292429661,-0.802315375408479,1,1,1
"Moderate overlap","few_exchangeable",2,45305,0.0406560432093317,0.586666666666667,-0.1011874157701,1.86357713478009,1,2.31222231942328,3.15086171703226,2.02663387735741,3,3,3
"Moderate overlap","few_exchangeable",2,30883,0.0408062028917158,0.0266666666666667,0.0262851086755445,2.42779392171822,1,-0.713250261275287,-2.05957043163907,-1.45050735987269,1,1,1
"Moderate overlap","few_exchangeable",2,47107,0.0420381574649731,0.826666666666667,0.0113067555042154,4.00794525383566,1,-0.681505841190156,-0.40904718582752,-0.406394968320502,1,1,1
"Moderate overlap","few_exchangeable",2,12396,0.0581904996808476,0,0.0410716550403247,6,0,-1.90580643457658,-0.67185550977156,0.239440983089887,1,1,1
"Moderate overlap","few_exchangeable",2,3568,0.0372950590379108,0.16,-0.185955347295607,1.91989333834499,0,0.907154948876839,0.748249048272357,1.0153603824785,3,2,3
"Moderate overlap","few_exchangeable",2,46657,0.0395500842028477,0,-0.00965481521616818,2.73205705087624,1,0.561216518348107,0.588933217617113,-0.134326997694794,3,3,2
"Moderate overlap","few_exchangeable",2,5710,0.044058604093266,0.306666666666667,0.0752458468132329,2.14720921296237,1,0.339504413173392,-0.896098281407552,0.452392145557292,2,1,2
"Moderate overlap","few_exchangeable",2,13257,0.0433327376677207,0.573333333333333,-0.0311180811230432,5.90813577974859,1,-0.606575416715178,-1.01511140758421,-0.561583493234965,1,1,1
"Moderate overlap","few_exchangeable",2,28647,0.0345699135048185,0,-0.170942878261858,4.917298557787,1,-1.47684392470744,-2.01270101173656,-1.3587268933384,1,1,2
"Moderate overlap","few_exchangeable",2,22991,0.0391952814272554,0,0.0247309124815107,4.33603576678099,1,2.52165753805773,1.27444028761841,-0.715799672508082,3,3,2
"Moderate overlap","few_exchangeable",2,28404,0.0457137900338863,0.853333333333333,0.0620343972453603,5.96238607180726,1,-0.624703876481628,-0.416122932037364,-0.368876592361919,1,1,1
"Moderate overlap","few_exchangeable",2,34850,0.0387705707269995,0,0.0243658086951153,4.26758804033236,1,-1.64736030649143,0.81612148075271,0.171019279574301,1,2,2
"Moderate overlap","few_exchangeable",2,39191,0.0332842644502603,0.0266666666666667,-0.341702241836253,2.86158333237177,1,-0.635125182309387,0.920314366339567,-1.32811677023524,1,1,1
"Moderate overlap","few_exchangeable",2,41023,0.037720412690064,0.293333333333333,-0.091950478060455,5.14437564928301,1,-0.963571850991126,-0.418073807159227,-0.269373352109687,1,1,2
"Moderate overlap","few_exchangeable",2,32958,0.04004669967361,0.493333333333333,0.0114364396826534,1.09087646443918,1,-0.893048554958786,-0.21348032304579,0.378602226371195,1,1,1
"Moderate overlap","few_exchangeable",2,42498,0.0543880103362115,0.0266666666666667,0.273849781173298,0.856522602312442,1,0.318463429503583,-0.846568663601073,-0.432345593616667,2,2,2
"Moderate overlap","few_exchangeable",2,43439,0.0393900514657662,0.0533333333333333,-0.000798297001255222,3.50084319659008,1,0.933250926371776,0.350849491916337,-0.692019156530168,2,2,2
"Moderate overlap","few_exchangeable",2,36902,0.0393665684842586,0.28,-0.00856265600692963,3.88428325041709,1,-0.277483109573105,-0.0913932896980542,-0.815753388859645,2,1,1
"Moderate overlap","few_exchangeable",2,8727,0.057937299463791,0,0.431576648637819,0.785772168689891,1,-1.09603637367892,-1.38966511681385,0.486921417051457,2,1,2
"Moderate overlap","few_exchangeable",2,12407,0.0426454379845866,0,0.057414837440767,4.9411986434487,1,-1.80097024180441,-0.54354280689819,-1.47011052648666,1,1,1
"Moderate overlap","few_exchangeable",2,40517,0.0327736328716269,0,-0.360109947052546,0.97408824293266,1,-1.84564324085553,-1.22733617392265,-1.93335983013004,1,1,1
"Moderate overlap","few_exchangeable",2,33030,0.0400253602081399,0,-0.058651159153754,2.53011248372905,1,-0.285943869101947,1.02153412018712,0.610657783332908,1,3,2
"Moderate overlap","few_exchangeable",2,2452,0.0422744576627495,0.493333333333333,-0.0548610116054563,0.396529927495311,0,0.414279332549265,-0.504758160076362,0.699058516969379,1,1,1
"Moderate overlap","few_exchangeable",2,14083,0.0396608924241984,0.52,-0.0265337543431894,2.79470624714026,1,-1.04318725592077,-0.358387556409194,-0.157603708106916,1,1,1
"Moderate overlap","few_exchangeable",2,36604,0.0376478570378512,0,-0.0219067478705952,2.60224225046763,1,1.47069610822782,0.0355206133631152,-0.403452159880623,3,3,1
"Moderate overlap","few_exchangeable",2,36350,0.0403402951867857,0.813333333333333,-0.126994205614317,5.23577487700615,1,-0.082440446502844,-0.779972234969534,-0.0525770978772705,1,1,1
"Moderate overlap","few_exchangeable",2,25848,0.046492312774672,0.0266666666666667,0.10685483852516,1.48417335076536,1,1.10765182535235,0.473182916919034,0.321675878120757,3,2,3
"Moderate overlap","few_exchangeable",2,31954,0.0433279761843255,0.306666666666667,0.056040537430003,2.19650705004432,1,1.94034287092966,1.27893397834666,0.733302115702761,3,3,2
"Moderate overlap","few_exchangeable",2,48473,0.0407606602465963,0.973333333333333,0.0130810773336612,1.62937551481135,1,0.930751888945926,0.264125755382055,0.0207224082134863,1,1,1
"Moderate overlap","few_exchangeable",2,44362,0.040558710081152,0.04,0.0424596767973622,4.79416740593998,1,0.956032604382237,1.24042115585685,0.789776874604358,3,3,3
"Moderate overlap","few_exchangeable",2,32088,0.0662611213184494,0,0.407074875791457,6,0,-1.34081214184602,-0.474132192544573,-0.64776832628641,1,2,1
"Moderate overlap","few_exchangeable",2,24862,0.0431123426565883,0.173333333333333,0.0317486494106594,2.18183861886643,1,-0.113843217881373,0.526238408753939,0.257103486566345,2,2,2
"Moderate overlap","few_exchangeable",2,26476,0.0414323481908107,0.186666666666667,-0.068153724924251,2.03977603430854,1,-0.423311629322105,1.12568874665988,0.13266130463526,1,2,2
"Moderate overlap","few_exchangeable",2,17116,0.0370215326393381,0.573333333333333,-0.118389807307678,0.782725413372214,1,-0.957560398507783,-0.291939223410176,-0.254221473446784,1,1,1
"Moderate overlap","few_exchangeable",2,15186,0.0398205079002739,0.186666666666667,-0.0324143424294707,2.61792957652126,1,1.26789650015482,2.31477234682907,1.16396387721815,3,3,2
"Moderate overlap","few_exchangeable",2,20961,0.0399322838043902,0.0666666666666667,-0.0523865827471353,2.96499854118564,1,-0.868566144816245,0.464986571403135,-0.654893391992446,1,1,2
"Moderate overlap","few_exchangeable",2,8039,0.0549910605363854,0.0266666666666667,0.329738610992837,0.694908887536216,1,-0.501238097529475,0.375517671857285,2.13766000340446,1,1,3
"Moderate overlap","few_exchangeable",2,25973,0.0438045326998635,0.16,0.0762685554202756,2.27119756954522,1,-0.662497764834085,0.928039701728822,2.02545004487181,1,2,2
"Moderate overlap","typical",19,22172,0.763474711642757,0.733333333333333,-0.227816528388805,0.086389017858818,1,-0.686213010006966,0.361819690889729,-0.400611450872866,1,1,1
"Moderate overlap","typical",19,28450,0.795909115794788,0,-0.0826402537389228,3.25905690136437,1,-3.07629221514842,-1.81086131830981,-2.39213655513037,1,1,1
"Moderate overlap","typical",19,25715,0.780523614078625,0.813333333333333,-0.131938050301019,0.805736779629966,1,0.0942348256938351,-0.823638933778659,-0.484165696827556,1,1,1
"Moderate overlap","typical",19,42815,0.801101723702017,0.906666666666667,-0.0418544649109611,2.33572257435112,1,0.59764102884012,-0.496250753022881,0.196626521996805,1,1,1
"Moderate overlap","typical",19,30457,0.799783888343431,0.453333333333333,-0.00090531785926018,0.731109155783898,1,0.522904816882451,0.385523286742061,-0.368004006860214,2,2,1
"Moderate overlap","typical",19,4315,0.828044003799654,0,0.0252435645324145,6,0,-1.0692503181423,-0.740797823737914,-0.76240352053472,2,2,1
"Moderate overlap","typical",19,48503,0.767250001711303,0.68,-0.214547181303162,0.36984436395138,1,1.30477850525979,0.725451586267223,-0.698033524259546,1,1,1
"Moderate overlap","typical",19,29743,0.868775364471559,0.0533333333333333,0.589841187874357,0.370121088810441,1,1.07359004644239,0.67570839604868,1.23875134902149,3,3,2
"Moderate overlap","typical",19,1079,0.800381839150428,0.786666666666667,-0.0503172221118362,2.35148227821333,1,0.518072040675315,0.228027875084191,-0.0122704896911131,1,1,2
"Moderate overlap","typical",19,36192,0.808924080465958,0.706666666666667,-0.0163137824967374,3.31578091225094,1,0.196273184176354,0.722239965389878,0.108953423270263,1,2,1
"Moderate overlap","typical",19,41175,0.813741114173059,0.866666666666667,0.0658205065774966,1.69527083271157,1,0.180839234537854,0.456840140373441,0.857803123320181,2,2,2
"Moderate overlap","typical",19,27731,0.800552617880277,0.0933333333333333,-0.0805707579415823,0.881875772029161,0,-0.176249993875753,0.241445158808748,2.45042622431866,2,2,2
"Moderate overlap","typical",19,48723,0.815080216204892,0.0666666666666667,0.0724131169836517,2.29989717605333,1,0.238832183511623,0.452710149627188,0.577427656299832,2,2,3
"Moderate overlap","typical",19,2943,0.811449374104583,0.653333333333333,-0.00765100568672183,3.69463789861376,1,-0.985857156751296,-0.11934468313178,0.126105758086072,1,1,1
"Moderate overlap","typical",19,12363,0.815198025137561,0.96,0.00878889417079209,4.06531833333381,1,0.193033156290253,-0.439543638676124,-0.173242442300501,1,1,1
"Moderate overlap","typical",19,39822,0.812490879318966,0.106666666666667,-0.00473115763320076,3.96639908884387,1,-1.2992344941853,-0.695276042847812,-1.0899118630622,1,1,1
"Moderate overlap","typical",19,6184,0.811386027734497,0,0.00364850040452946,4.01113962366509,1,-0.783341855492832,-2.9046454419703,-0.320033815269513,1,1,2
"Moderate overlap","typical",19,15034,0.813090859189553,0.226666666666667,-0.00787208508377724,4.71384339775133,1,1.40096505256855,-0.294812601292045,0.582891203158092,1,2,2
"Moderate overlap","typical",19,26278,0.850734873901675,0.293333333333333,0.410155601998766,1.0511013112295,1,0.892883605905177,0.710664980079397,1.98634842821027,3,2,3
"Moderate overlap","typical",19,36318,0.781683086903167,0,-0.109596477353184,0.654515403137262,1,-1.31124520368898,-1.55943562640188,-0.559292823677237,1,1,2
"Moderate overlap","typical",19,44960,0.79354022449078,0.56,-0.242748855361908,6,0,0.690950523252572,1.05460257034642,1.38023890719623,1,1,3
"Moderate overlap","typical",19,41440,0.805730659024964,0.293333333333333,0.0626651057806786,0.00329722862649293,1,-0.00194319671062707,0.57109588325148,0.5536707913236,2,2,1
"Moderate overlap","typical",19,21862,0.808576558840883,0,0.00294583620307742,3.25874713033022,1,-1.77510124251823,-0.456349962564518,-0.466168503760004,1,3,1
"Moderate overlap","typical",19,42193,0.824592801142534,0,0.0572475598940878,5.03638767361698,1,-1.74845102664406,-1.57805309842183,-0.913450884134381,1,1,1
"Moderate overlap","typical",19,19935,0.857102301861675,0.0533333333333333,0.242981908969542,6,0,-1.50575352469952,-0.668964173063099,-0.549237977639211,1,2,1
"Moderate overlap","typical",19,36284,0.844890135106595,0.0133333333333333,0.352503786053922,1.0531800792296,1,0.78373260265366,1.14478628355414,0.415289189859275,3,3,2
"Moderate overlap","typical",19,18404,0.820131622626032,0.333333333333333,0.0281111726074368,4.90895523360185,1,0.272327540068055,-1.33120591419064,0.0658624181531745,1,1,1
"Moderate overlap","typical",19,25660,0.813987981430365,0.293333333333333,0.0709269266727535,2.09520598248723,1,-0.586396673633263,0.941998465774315,1.74161775267908,1,2,3
"Moderate overlap","typical",19,10016,0.806862965015893,0,0.0485206033232346,1.12900499467341,1,0.77846825302951,-1.64520396504316,-1.08382075982288,2,2,2
"Moderate overlap","typical",19,4604,0.796698122662143,0.04,-0.0672646741206377,3.16782757180293,1,0.243414055258299,0.299834712988167,1.55359497126585,3,2,1
"Moderate overlap","typical",19,11746,0.760776188138311,0.92,-0.242753096417639,0.0309311834955098,1,0.274562308127921,0.274786792580376,-0.79555386260032,1,1,1
"Moderate overlap","typical",19,43455,0.809439554602521,0,0.0674883668199289,1.38461523779949,1,0.353417331206833,-0.349059326507534,-0.14493101903806,1,2,3
"Moderate overlap","typical",19,48161,0.817493491207976,0.84,0.0181505383170757,4.45824906257636,1,0.290660384780811,-0.397620229322139,0.505290334558538,1,1,1
"Moderate overlap","typical",19,2672,0.811667864206625,0.36,-0.00375580307509527,3.63379331385148,1,-0.905642241320089,-0.374872213190057,0.232981045579983,1,1,2
"Moderate overlap","typical",19,49655,0.805134421391672,0.333333333333333,0.00695307413696988,1.77142974946484,1,0.295258859875761,-0.162530944753229,-0.443858481333148,2,2,1
"Moderate overlap","typical",19,5975,0.783548463483169,0.0133333333333333,-0.234599075804587,5.89552987246357,1,-0.389369477885352,0.642594759397464,0.562035585432333,2,2,3
"Moderate overlap","typical",19,21014,0.810024847664265,0.0533333333333333,0.0356898739880427,1.96892199922614,1,-0.175986100766188,1.84003763629152,1.7619268435692,2,1,2
"Moderate overlap","typical",19,22438,0.776999777006859,0.0533333333333333,-0.235185378986271,3.63499561635013,1,0.940805940268678,0.260878518896703,0.338706265619779,3,2,3
"Moderate overlap","typical",19,42671,0.818848563198884,0.56,0.0184736326332362,4.99320603358619,1,-0.458885712643839,0.550522755060011,0.647524585411347,1,2,2
"Moderate overlap","typical",19,20771,0.812437488390104,0,-0.00359660891345603,4.01096637824561,1,-1.63992039698442,-1.11981868369283,-1.37819542250918,1,1,1
"Moderate overlap","typical",19,38676,0.812748748032444,0.0533333333333333,-0.00406370424926905,3.96643039566619,1,0.254396612431389,-1.05793903294462,-0.47205414168888,2,1,2
"Moderate overlap","typical",19,1884,0.814021946243416,0.693333333333333,0.00465152780710465,3.98345373742956,1,-0.085016041685716,0.621772717456866,0.580741160331898,1,2,2
"Moderate overlap","typical",19,40879,0.854142955787883,0.453333333333333,0.238224689813521,6,0,0.510247447885635,1.22323534259377,0.0412751515532835,1,2,1
"Moderate overlap","typical",19,16473,0.810310758706212,0,0.0356556896306857,2.23635264319106,1,0.799099827699849,0.327783964767452,0.206532613731681,3,3,3
"Moderate overlap","typical",19,1490,0.850361745589746,0.36,0.211967785741987,6,0,0.414676641849204,1.38143401522695,0.345862899559255,1,2,1
"Moderate overlap","typical",19,14771,0.822803920180834,0,0.16899665417038,1.41920167104984,1,-0.255505501123792,-0.868652298013339,0.960921869510601,2,1,3
"Moderate overlap","typical",19,35025,0.776311932928995,0.573333333333333,-0.169115066379622,1.03605874352178,1,-0.824649654955351,-0.365413031519784,-0.71055139437639,1,1,1
"Moderate overlap","typical",19,45718,0.815263239571825,0.226666666666667,0.0104629874568216,4.20903832374589,1,-0.708696376725224,-0.864386083213344,0.670889707713764,1,1,1
"Moderate overlap","typical",19,9476,0.814248899611309,0,0.0784627049959752,2.33182485570969,1,-0.903877409854244,-1.18578272658155,1.12192917475644,3,1,1
"Moderate overlap","typical",19,9791,0.810113288147033,0,0.00268558495023319,3.12703902561795,1,-0.777933799966313,-0.994209354055903,-0.281755661895141,2,1,2
"Moderate overlap","typical",19,1588,0.823015323766953,0.0533333333333333,0.167731985276159,1.30081588177028,1,0.228729662243586,0.720494271760785,0.34194383662261,3,1,1
"Moderate overlap","typical",19,31416,0.799419425574629,0,-0.0461946144309655,2.75184363191539,1,0.320833365828482,0.547749399997172,0.981296078729831,3,3,1
"Moderate overlap","typical",19,49917,0.865411846477463,0.453333333333333,0.303200100163061,6,0,-0.893760560821229,-0.735331528566748,-0.563374498113253,1,1,1
"Moderate overlap","typical",19,913,0.808198067580822,0.906666666666667,-0.0351730301542004,4.15591571703781,1,0.28716645831016,0.393895651209086,0.863039681763885,2,2,2
"Moderate overlap","typical",19,29561,0.844334385316585,0.04,0.350288518239972,1.02378550618782,1,0.885700093077183,1.55339977822039,1.8496433667164,2,3,3
"Moderate overlap","typical",19,15502,0.772711697596604,0,-0.174372638675095,0.981976187023792,1,-2.2256850600467,-2.02579382917951,-1.31102598779449,1,1,1
"Moderate overlap","typical",19,8023,0.815141705405066,0.733333333333333,0.0235439723921171,0.444100401364267,0,-0.787788088414598,-0.0305195993276352,-0.329522604012091,1,1,1
"Moderate overlap","typical",19,12320,0.822448483695975,0.0533333333333333,0.0459649096451673,5.00882364119759,1,-1.90090429926233,-0.3984880153984,0.370368821389718,1,1,1
"Moderate overlap","typical",19,47538,0.822391006657885,0.226666666666667,0.042528481498195,4.86981019277932,1,-0.246230261947411,-0.762311242794302,-0.964497055664706,1,2,1
"Moderate overlap","typical",19,39193,0.788788471628181,0,-0.104352575482582,1.74967843518575,1,-1.93216941280879,-0.348616032032329,-0.391245902601722,1,1,2
"Moderate overlap","typical",19,19142,0.820621367691554,0.96,0.0325059675948491,4.71735456088702,1,0.30644503951532,-0.288116545248992,0.0779092316819717,1,1,1
"Moderate overlap","typical",19,5271,0.824319849496381,0,0.186898383768983,0.9027211158868,1,0.230163314723428,0.920574017859099,0.582480469147234,2,3,1
"Moderate overlap","typical",19,49253,0.799887847639916,0.12,-0.0543974823142541,2.57258107711045,1,-0.69767764140786,-0.772424685789338,-0.866251981189719,1,2,1
"Moderate overlap","typical",19,25869,0.844154503303329,0,0.377200259966196,0.779663843046666,1,1.24739198920248,0.273931125493723,-0.449486710329386,3,2,3
"Moderate overlap","typical",19,10808,0.798512046963048,0.0533333333333333,-0.0436977432866414,2.90460313790417,1,1.01120742153305,2.50626147033271,0.911298642504356,3,2,3
"Moderate overlap","typical",19,46233,0.816308671687899,0.493333333333333,0.0152359074684973,4.22550190814062,1,-0.580972200651526,0.574467744136819,-0.0792650409458535,1,2,1
"Moderate overlap","typical",19,33259,0.810620439844469,0.04,0.0503150795837013,2.21433622627235,1,2.41532604810479,2.29202304135587,0.66362651835807,3,3,3
"Moderate overlap","typical",19,30068,0.865529433528453,0.0666666666666667,0.322477584199784,6,0,-1.06743777324363,0.193889922926273,-0.559460539848196,1,1,2
"Moderate overlap","typical",19,43569,0.785016532435158,0.146666666666667,-0.132379754210866,1.64210191083218,1,-0.227881382620432,0.353482517977598,-0.805040440607952,1,1,2
"Moderate overlap","typical",19,4912,0.814925902447076,0.333333333333333,0.0740135187387474,2.34252909517143,1,0.149809906303618,0.637018169959206,1.54866479936617,3,2,2
"Moderate overlap","typical",19,36323,0.820273731750454,0.453333333333333,0.0298985350114735,4.78298398313725,1,0.277838773898867,0.656523089646477,-0.124398100817478,1,2,2
"Moderate overlap","typical",19,8968,0.802145004231732,0.733333333333333,-0.051247578555845,2.8105160154314,1,0.168977134355712,1.11048412131767,0.3500679901962,1,1,1
"Moderate overlap","typical",19,6978,0.787508356842855,0.146666666666667,-0.114647845076836,1.65886055654574,1,-1.67066294350055,0.066993074301196,0.0445250576618761,1,1,1
"Moderate overlap","typical",19,872,0.812730384715433,0,0.0754209894121114,1.63250575814505,1,-0.220118706071471,-2.13235598984239,0.358356703966416,2,1,2
"Moderate overlap","typical",19,23281,0.803830683431207,0.36,0.0295736222199585,0.769043034260958,1,0.964138153444839,-0.526216872634508,-0.274420663306858,2,1,2
"Moderate overlap","typical",19,6777,0.812759322472031,0.04,0.0571439332402206,2.31660607659905,1,1.60171692839366,0.485883321422022,0.42974626966707,3,3,2
"Moderate overlap","typical",19,37850,0.811732727942653,0,0.0460588679267313,2.49351234615369,1,0.909843954797639,0.000954721372490614,-0.695265980979401,2,2,3
"Moderate overlap","typical",19,29935,0.757287411534935,0.293333333333333,-0.275054479598084,0.568310751644727,1,0.00737218928707044,-0.210020672965693,-1.80786819360044,1,1,1
"Moderate overlap","typical",19,16113,0.7980761677089,0.48,-0.0376806855188418,1.30492515038064,1,-0.618239992230262,0.816278891015807,0.737449419478632,1,2,2
"Moderate overlap","typical",19,33067,0.811694317955227,0,0.0725693779426995,1.78558511556876,1,0.54246985741369,-0.129563249413777,-0.579189529949179,2,1,3
"Moderate overlap","typical",19,31728,0.809248829744879,0.346666666666667,-0.0699639330648827,5.49017342163909,1,0.598158967390762,0.876198730783437,0.416195279368143,1,2,3
"Moderate overlap","typical",19,5200,0.810782741985551,0.493333333333333,-0.043579891462604,5.22378413569343,1,0.180151918523511,-0.0807178505924706,0.633698353497418,2,1,2
"Moderate overlap","typical",19,39468,0.802634132590195,0,-0.0353265627071089,2.86784223806144,1,-1.76512020393048,-2.17750847092977,-0.509263208556032,1,1,1
"Moderate overlap","typical",19,7186,0.771871050968722,0.36,-0.168613963893764,0.0200123350366833,1,-0.847052706228632,0.132618991563506,-0.419965046035079,1,2,1
"Moderate overlap","typical",19,34272,0.816025914202106,0.733333333333333,0.0758497621650731,2.3497866769808,1,1.42000724157598,0.592138993467997,0.406627082043786,3,2,2
"Moderate overlap","typical",19,45625,0.880364853442832,0.106666666666667,0.448709268860498,6,0,-0.575261405604466,-0.546469465283101,-1.7607273948232,1,1,1
"Moderate overlap","typical",19,48,0.818889158576728,0.0533333333333333,0.0333210383946261,4.56748501762824,1,-0.402497722862373,1.33472231489798,-0.949504951786995,1,2,1
"Moderate overlap","typical",19,5171,0.801931475245784,0.186666666666667,-0.0426398084174597,2.41110976853071,1,0.755595414470785,1.62443466648321,0.582257701502656,1,2,1
"Moderate overlap","typical",19,30496,0.817937145125687,0.346666666666667,0.102611190344891,2.00552231803699,1,1.5727439375861,0.425381299271916,0.383737134957211,2,2,3
"Moderate overlap","typical",19,49448,0.82509007387974,0.0533333333333333,0.0503640441989481,5.38534469752689,1,-1.04755614234754,-0.908421824685131,-0.118161188730657,1,1,2
"Moderate overlap","typical",19,39417,0.810126828869604,0,0.000343790767538099,3.28886139398984,1,-0.724192983091776,-1.41492393470068,-0.354516946763632,2,1,1
"Moderate overlap","typical",19,5128,0.803635002620797,0.0533333333333333,0.00939087948089568,1.44061150771078,1,0.0440820341226784,-0.930841400487574,-0.14619405545864,2,1,1
"Moderate overlap","typical",19,12634,0.819457943951936,0.04,0.112438857292284,2.12849760669378,1,1.65232547809576,1.27096962423403,1.13647320322009,2,3,3
"Moderate overlap","typical",19,35692,0.79928371310098,0.4,-0.0332810123525891,1.692095277129,1,0.00774167176498153,-0.82544663562219,0.311429337795527,1,1,2
"Moderate overlap","typical",19,9296,0.750500024586897,0.0933333333333333,-0.398202632014034,3.25676303400941,1,1.54336385858642,1.90733279364034,1.79384420377915,3,3,3
"Moderate overlap","typical",19,26772,0.791596751109143,0.226666666666667,-0.0923084507303937,1.85731071528476,1,-0.0154223664981431,-0.416437594367835,-0.730587793238937,1,1,2
"Moderate overlap","typical",19,26665,0.809604867663248,0.533333333333333,0.00483875845111248,2.94956494056708,1,0.737986335112245,0.372033531244414,-0.078155414399017,2,2,1
"Moderate overlap","typical",19,37343,0.795342013166597,0.0933333333333333,-0.0654946134829331,2.9562898494926,1,1.43534803872082,2.6982861651784,1.20124610705332,3,2,3
"Moderate overlap","typical",19,46420,0.789747782908484,0.333333333333333,-0.118286545953352,2.38150011823876,1,-0.728102665254433,-0.445900032111811,-1.37532155490241,1,1,1
"Moderate overlap","typical",19,44635,0.728603456553828,0.04,-0.556325577832346,5.80971511219844,1,-0.645830852412405,0.350387437067434,1.62586461377476,3,2,2
"Moderate overlap","typical",19,691,0.815888752119121,0,0.0971249528216498,1.97558832819805,1,0.369698592138804,-1.30171414763322,-1.0461744367155,3,1,1
"Moderate overlap","typical",19,2177,0.803004473611643,0.693333333333333,-0.0196682599585627,1.96147800808055,1,-0.5025223859777,0.339843468926582,1.26091491410542,1,1,2
"Moderate overlap","typical",19,37374,0.840553047317405,0.253333333333333,0.157463505910922,2.79383466113359,0,-1.34818112499459,-0.470434359695394,-0.600526864383388,1,1,1
"Moderate overlap","typical",19,46719,0.800763746086101,0.48,-0.0432061080225332,2.37173941149364,1,-0.283601799894668,-1.05183422905122,0.0344438083899726,1,1,1
"Moderate overlap","typical",19,35424,0.822422045650694,0.04,0.147857847599314,1.58783823284062,1,0.117850356980728,1.16365712877167,0.869367780870253,2,3,2
"Moderate overlap","typical",19,35103,0.772264257929117,0.0533333333333333,-0.19248667805294,1.05509834515159,1,0.00711581111304075,-0.414335927592648,-1.90716032904664,1,2,1
"Moderate overlap","typical",19,13831,0.804078214809778,0.56,-0.0341634675992313,2.77122102884443,1,-0.862468546202554,-0.231086659906664,0.490417381076037,1,1,1
"Moderate overlap","typical",19,13851,0.824543878746806,0.68,0.0522320913779057,5.24516006817544,1,0.857228308682427,0.0886634012669937,-0.505074766296527,1,2,1
"Moderate overlap","typical",19,1135,0.885084336270878,0,0.501592874516228,6,0,-2.0447654574322,-1.08987473707566,-2.19894995238132,1,1,1
"Moderate overlap","typical",19,12283,0.754481189486258,0.0533333333333333,-0.375105519465865,3.1455473237862,1,1.73273377878531,1.37171931998484,1.66156139999711,3,3,3
"Moderate overlap","typical",19,20756,0.833327674073244,0.493333333333333,0.0588321023226746,6,0,-0.236719514226145,-0.0401183833011924,0.444282731032075,1,2,2
"Moderate overlap","typical",19,14405,0.854796106588226,0.68,0.236617637231115,4.60278638638556,0,-0.777316055496082,-0.438198158771,-0.472696325962872,1,1,1
"Moderate overlap","typical",19,18797,0.795446371148078,0.106666666666667,-0.225476789142656,6,0,-0.612290988440356,0.870211443385146,0.848359609307625,1,2,3
"Moderate overlap","typical",19,10707,0.77953882577802,0.04,-0.211062313846066,3.47468285182853,1,1.42293222215742,0.686055945801274,0.264898203772578,3,3,2
"Moderate overlap","typical",19,39655,0.838652534745366,0.68,0.109301340177554,6,0,0.377016519145799,0.525432246066975,0.638387305013864,1,2,1
"Moderate overlap","typical",19,10932,0.800807059567113,0.0533333333333333,-0.0369863978441882,2.41630494715038,1,0.505381700483031,-0.680568294301754,-1.43500339791241,2,1,1
"Moderate overlap","typical",19,46374,0.811899804425613,0.0533333333333333,-0.00607856643588978,3.89398239538943,1,-0.831666280709956,-1.47506959933405,-1.36721540771231,1,1,1
"Moderate overlap","typical",19,34812,0.832570397475475,0.893333333333333,0.0967607536748356,5.73881869324198,1,-0.453358357501295,-0.175471243474921,-0.553447159628001,1,1,1
"Moderate overlap","typical",19,4524,0.806168470610533,0.04,-0.0684387213179742,1.71184110459537,0,-0.0187183171644032,0.406705765946702,0.558377229781028,1,3,1
"Moderate overlap","typical",19,13238,0.81236491959494,0.92,0.00918251649260811,0.227316927984565,0,-0.263332903966516,-0.396503735288534,-0.0508322887879861,1,1,1
"Moderate overlap","typical",19,44487,0.788160950453025,0.2,-0.117817879521596,1.94385129375019,1,0.480783956266732,0.040317197151362,-1.43535026034778,1,2,1
"Moderate overlap","typical",19,35613,0.828003111114496,0.973333333333333,0.0723617681582449,5.32623946609159,1,0.0961826461924725,-0.114348500381207,-0.54468695902417,1,1,1
"Moderate overlap","typical",19,11816,0.81097850420219,0.0533333333333333,0.000190832539419983,3.49465624278483,1,-0.46328204357658,-0.470460461620061,0.257354311949845,2,1,1
"Moderate overlap","typical",19,421,0.818599331013711,0.2,0.10510493651787,2.16779081122274,1,0.937192065289507,-0.423309867410343,1.09511400142319,3,2,2
"Moderate overlap","typical",19,3239,0.809115918506848,0.84,-0.0190269052253749,3.47208920384884,1,-0.572600436893075,0.477066782757197,0.245671088447245,1,1,1
"Moderate overlap","typical",19,24312,0.798120008463707,0.92,-0.0714191074348696,2.66754574351908,1,0.481873016622581,-0.387620272164597,-0.905094457294424,1,1,1
"Moderate overlap","typical",19,38795,0.811176958273296,0.0133333333333333,0.067780318387473,1.26526089942277,1,-0.737724057793692,-0.754917902928015,0.766757160753423,2,1,2
"Moderate overlap","typical",19,13010,0.806122992678958,0.72,-0.0378699688474269,4.06074513548591,1,0.0117143530368876,1.0043828040819,1.48024781291257,2,2,2
"Moderate overlap","typical",19,31306,0.779911931053659,0.946666666666667,-0.139072156887063,0.821156586362755,1,0.268799178866841,-0.482428742099953,-0.447719640540267,1,1,1
"Moderate overlap","typical",19,44753,0.810135622506524,0,0.0332736552739592,2.50625543017982,1,0.498984530103894,1.21416186541764,1.56671159030458,2,3,3
"Moderate overlap","typical",19,25573,0.792505795978798,0.146666666666667,-0.0948157578901041,2.80596598121999,1,1.58034567868411,0.953025655914435,1.27606092776639,3,3,2
"Moderate overlap","typical",19,21207,0.826335669464363,0.0533333333333333,0.062333029925759,5.30313481441693,1,-1.29238897417322,-0.395938347920313,-0.341966868220311,1,1,2
"Moderate overlap","typical",19,47373,0.802923393432266,0.92,-0.0501473975786402,3.10547007173849,1,0.739686083885623,-0.0667566934628081,-0.894028105024377,1,1,1
"Moderate overlap","typical",19,33534,0.810884657680256,0.12,-0.00806597006484999,3.55501744261575,1,0.271578178338394,-0.0180758445243793,-0.669263088968948,1,2,2
"Moderate overlap","typical",19,47230,0.80103899380949,0,-0.046010014490447,2.61851873825989,1,-0.602636631519674,-1.34940906465817,-0.75273953767771,1,1,2
"Moderate overlap","typical",19,8970,0.873766054708909,0.333333333333333,0.380094642593824,6,0,-0.040321867623826,-1.03486545054699,-1.54878349776128,1,1,1
"Moderate overlap","typical",19,10397,0.818534392112302,0.0133333333333333,0.119289946826695,1.86963710721191,1,2.18569176398243,0.844695262584283,1.91532708068684,3,3,3
"Moderate overlap","typical",19,12564,0.806691713852535,0.08,-0.0511561958716467,4.54112132474936,1,0.973424989821161,-0.992425346874221,0.33740996809638,2,2,1
"Moderate overlap","typical",19,32854,0.785043545264184,0.0533333333333333,-0.113571637298321,2.68693670620582,1,3.52688602425025,0.760460784204589,2.08946812714166,3,2,3
"Moderate overlap","typical",19,8839,0.807620113880189,0.0933333333333333,0.0294268778594866,1.61720460498773,1,-0.441502783513295,0.039805671779986,0.286024833090888,2,2,1
"Moderate overlap","typical",19,45023,0.810730771085899,0.28,0.000200713714505252,3.40480071446204,1,0.128241819449101,-0.164870518845173,0.122456512992299,2,1,1
"Moderate overlap","typical",19,8111,0.808912974858983,0,0.00577790873656925,3.13755069589619,1,-0.849801187142155,-0.338451447743354,0.963384271411504,1,2,3
"Moderate overlap","typical",19,6443,0.796122422752827,0.48,-0.107633314959585,3.79271397576421,1,0.873564184216427,0.419606719023539,1.35655216809216,2,2,3
"Moderate overlap","typical",19,23648,0.822993641650673,0.906666666666667,0.0430859773229698,2.17907175979208,0,0.257026887519137,0.0899085141636865,0.619397974904695,1,1,2
"Moderate overlap","typical",19,39477,0.802309504465797,0.0533333333333333,0.0505799825450968,0.0655738322738226,1,0.378165082681908,1.20056885098286,-0.0055562033297444,1,3,1
"Moderate overlap","typical",19,17088,0.811235846174556,0.0666666666666667,0.014694833998651,2.94366916115193,1,0.159885515903792,-0.932156631288762,-0.0350158313472285,2,2,2
"Moderate overlap","typical",19,29247,0.781091854844574,0.04,-0.140735083633523,0.936111908444736,1,0.962164156415567,0.918690043533518,-0.961260350396143,1,2,2
"Moderate overlap","typical",19,2948,0.831352300622559,0.666666666666667,0.0994784728596694,2.16302891962937,0,-0.759495363957654,-0.610483967333807,-0.311877161436312,1,1,1
"Moderate overlap","typical",19,44917,0.758271117147508,0,-0.340478754141277,3.90797433317069,1,2.97514465502884,-0.42683853133956,-0.0353387351954614,3,2,3
"Moderate overlap","typical",19,24960,0.829311750293862,0.733333333333333,0.210220293420092,1.30048750852728,1,0.847532294013941,1.2179744624633,1.85116588871804,2,2,3
"Moderate overlap","typical",19,47619,0.815049629452212,0,0.113189771830168,1.34211121481779,1,1.55195219942592,-0.147486782204016,-0.434776968243845,2,1,3
"Moderate overlap","typical",19,29008,0.814120777169105,0,-0.0173350932862846,4.89862238742036,1,0.254838658393378,-1.82494017000343,-0.75379236514,2,1,2
"Moderate overlap","typical",19,33739,0.814337343071316,0,-0.00842326860126263,4.73002865645742,1,-0.0848856474191489,0.615556826088223,-0.521519174279048,1,2,3
"Moderate overlap","typical",19,7828,0.84418861580516,0,0.350811368207981,1.01850485931909,1,0.621566487030145,1.36093836530533,1.79288366661342,2,3,3
"Moderate overlap","typical",19,20645,0.81918670235538,0,0.164771077918536,0.789467904721324,1,0.849384157271819,0.223158787349328,-1.86718499030688,3,2,2
"Moderate overlap","typical",19,35315,0.814850626518551,0.0533333333333333,0.00374656578257859,4.31471867189613,1,0.317462220719905,-0.506239877146409,-0.740614307953432,2,1,2
"Moderate overlap","typical",19,18994,0.771570863816332,0.106666666666667,-0.311616429728196,5.666157654219,1,1.71603353287236,0.124749140250803,-0.716400249420949,3,2,2
"Moderate overlap","typical",19,6047,0.791415474241694,0.0533333333333333,-0.151808440742112,4.3717394428358,1,-0.104337916938331,0.681206642449317,-0.149069715488155,3,2,2
"Moderate overlap","typical",19,7939,0.805043860512924,0.733333333333333,-0.0244612508015574,2.5968190482796,1,0.409547829498782,0.495888806385943,0.457243079979967,1,2,1
"Moderate overlap","typical",19,37803,0.793521855204811,0.0533333333333333,-0.0633199968501186,1.55555999825162,1,-1.15617583637325,-1.4163900224055,0.128394137285114,1,1,1
"Moderate overlap","typical",19,25428,0.790102761845994,0.346666666666667,-0.0765887609042109,1.01216088634627,1,-0.978423601802173,-0.333988256461468,0.323731943237072,1,1,2
"Moderate overlap","typical",19,29892,0.799946863671061,0,-0.027311274762353,1.95279975809867,1,-0.997211494992214,-1.40217499998114,-0.978622381755965,2,1,1
"Moderate overlap","typical",19,6554,0.784554184486566,0.706666666666667,-0.101603901545165,0.489040208382614,1,-0.287384118168938,0.161643315545886,0.0489724143132769,1,2,1
"Moderate overlap","typical",19,12656,0.814410643786994,0.92,0.0147531439270786,0.635430627317513,0,0.450301770647431,0.326995681332808,0.556008247662571,1,1,2
"Moderate overlap","typical",19,13221,0.83602729530461,0.84,0.123844827178168,2.70407837815583,0,-0.53996352577879,-0.430625969794233,-0.256586627185342,1,1,1
"Moderate overlap","typical",19,48845,0.772433068397623,0,-0.174739755572419,1.00038601204914,1,-2.31185328695587,-2.21599454346567,-1.41353896191257,1,1,1
"Moderate overlap","typical",19,43831,0.770288693726576,0.0133333333333333,-0.206558366451778,1.10016309217651,1,-1.90510896385489,-0.43524996162105,-1.09681796044936,1,1,1
"Moderate overlap","typical",19,20617,0.808849387653209,0.48,-0.024056816183649,3.93235475022023,1,1.29563146006207,-0.522051543145129,0.703010493153307,2,1,2
"Moderate overlap","typical",19,9338,0.867884304097362,0.453333333333333,0.325012350192191,6,0,-0.917778556243417,-0.700108146297778,-0.714352095737537,1,1,1
"Moderate overlap","typical",19,43807,0.825420736437255,0,0.204705215080268,1.00533045374042,1,-0.0381965895215568,1.48058816655697,0.712171705710605,1,3,3
"Moderate overlap","typical",19,8995,0.805567750462221,0.373333333333333,-0.0249723164796793,2.95718112126262,1,1.23756864925091,-0.519067654353095,-0.648372591339762,1,2,1
"Moderate overlap","typical",19,38920,0.819124728254626,0.106666666666667,0.000434114938832497,5.92457659736204,1,1.08333403558703,-0.594032314087878,-0.762326796564091,2,1,2
"Moderate overlap","typical",19,23883,0.787522233953626,0.0533333333333333,-0.102782298165181,1.47611097012368,1,-1.38707812732457,-1.19678797002754,-0.342046765567622,1,1,1
"Moderate overlap","typical",19,44448,0.83515498118858,0.493333333333333,0.129383775136831,2.11290276441911,0,-0.327666529285456,-0.702542188357166,-1.19889658597554,1,1,1
"Moderate overlap","typical",19,49030,0.774792217493718,0,-0.303662338098939,5.72713152230319,1,0.354392235935598,-0.547851150896832,-0.267472754186494,3,1,2
"Moderate overlap","typical",19,47304,0.830118409149686,0.226666666666667,0.0918070986729371,5.40604615004491,1,-1.08903308808015,0.111384234889564,-1.06732529981034,1,1,1
"Moderate overlap","typical",19,21246,0.803842067653062,0.146666666666667,-0.00911863336186958,2.1540325987154,1,2.21273332090838,0.678007530019163,-0.83285869165246,2,2,1
"Moderate overlap","typical",19,40718,0.80456061291789,0.0933333333333333,-0.0337177305224237,3.86242174761018,1,1.38972212563072,1.79549254968497,1.11725833757808,1,3,2
"Moderate overlap","typical",19,45166,0.798310639851074,0.746666666666667,-0.0587349856343975,2.14687704772639,1,0.0735607012839455,0.258808434721401,-0.177897051681945,1,2,1
"Moderate overlap","typical",19,13643,0.825537234170876,0.2,0.198968795689877,0.968689094470252,1,2.04435175750936,0.456529330360558,0.213355693978415,2,2,3
"Moderate overlap","typical",19,35254,0.799547337721077,0,-0.0419428557811097,2.30241331976905,1,-0.769519057748605,-1.9418706845683,-0.621257794269688,1,1,2
"Moderate overlap","typical",19,13212,0.79606463683173,0.0533333333333333,-0.098800190805501,4.54032584978178,1,-0.897463584226943,0.309965069264005,2.06839810098113,2,2,2
"Moderate overlap","typical",19,48228,0.827118534147491,0.2,0.212198876985026,0.945534488480287,1,0.645551264628223,0.318040677917111,0.646744043408925,2,2,3
"Moderate overlap","typical",19,8224,0.865107378424458,0,0.570372986001273,0.103432861945341,1,0.216577640528356,2.16613849060503,2.57097617353559,2,3,3
"Moderate overlap","typical",19,8032,0.823154132395265,0,0.034285186256763,5.98322676570825,1,-0.889817151165297,-1.01602590981692,-1.37919796613925,2,2,1
"Moderate overlap","typical",19,49533,0.81526702294019,0.0933333333333333,0.0107302872619441,4.11747419489819,1,-0.520935415271053,-1.62489577238653,-0.75827107665251,1,1,1
"Moderate overlap","typical",19,8232,0.808087333450243,0.0533333333333333,-0.0125359685267274,3.19285460264831,1,-0.304344748804115,1.47609888204615,1.70288385356609,1,1,1
"Moderate overlap","typical",19,35268,0.797493909286357,0,-0.107949504920196,4.05568542557376,1,-0.198563469733984,0.712359221497246,0.473123098254105,1,3,3
"Moderate overlap","typical",19,20080,0.776295871919182,0.0933333333333333,-0.153042103499794,0.253505672246664,1,-0.290539591466084,0.990308306436838,-0.402992171355974,1,2,2
"Moderate overlap","typical",19,35642,0.822348282230288,0.333333333333333,0.0436727256493263,4.75945174562068,1,-0.854140873054995,-0.963435905456841,-0.921112264648541,1,1,1
"Moderate overlap","typical",19,45489,0.810103422331916,0.706666666666667,-0.0158756876380282,3.62617642117961,1,-0.843104439222888,-0.238336900409956,-0.345391214789127,1,1,1
"Moderate overlap","typical",19,13026,0.865752491754674,0,0.310626404849801,6,0,-1.88234694813135,-1.27425723782615,-0.686291065058279,1,1,1
"Moderate overlap","typical",19,39330,0.809246143665456,0,0.0439099130123395,2.13750149955667,1,-0.687646497868192,1.37174163915532,-0.52965779102786,2,3,1
"Moderate overlap","typical",19,27998,0.784337918862997,0,-0.0748822055881644,0.1597746876728,1,0.974546246101395,-0.729880315915118,-1.91669395339705,2,2,1
"Moderate overlap","typical",19,10961,0.779223583471665,0.0533333333333333,-0.121631798246956,0.219145803351107,1,-1.84770261240709,-0.322231210537158,0.639630040503336,1,1,1
"Moderate overlap","typical",19,24167,0.81197769929242,0.68,-0.0017517548148902,3.60003931953764,1,0.32990719622096,0.787730164031408,0.371151534596426,1,2,2
"Moderate overlap","typical",19,18037,0.786796163840451,0.2,-0.163807787622226,4.20918701861781,1,0.921682647134774,0.993990802828112,1.33893531567816,2,3,2
"Moderate overlap","typical",19,12870,0.864038655987806,0.293333333333333,0.296928338353619,6,0,0.200820438620573,-0.492688062483646,-1.26329504257083,1,2,1
"Moderate overlap","typical",19,9427,0.819970719386796,0.453333333333333,0.0315894880444145,4.64678655329629,1,0.786900826627054,-0.192360427030138,-0.49627902309233,1,1,2
"Moderate overlap","typical",19,25018,0.824824254167636,0.866666666666667,0.0606038140861673,5.11447759616756,1,0.650755803530838,0.955906447861073,-0.0546265374501684,1,1,1
"Moderate overlap","typical",19,40202,0.824929887981158,0.96,0.0580281041721724,5.01640326517687,1,0.00225377159638006,0.259868776793203,-0.475167175545592,1,1,1
"Moderate overlap","typical",19,36994,0.862274941372311,0.0533333333333333,0.518342856069787,0.908306088789173,1,1.46485219384548,1.51925853271822,1.64798848266559,3,3,3
"Moderate overlap","typical",19,22903,0.803006987628865,0.4,0.0263010861910595,0.540368936745923,1,0.37869983427109,0.391802373391338,-0.355423351523566,2,2,2
"Moderate overlap","typical",19,425,0.817945294151185,0.586666666666667,0.0209905484017678,4.57046893090191,1,-0.084554210547583,0.78589533716138,0.591570708340843,1,2,1
"Moderate overlap","typical",19,12625,0.696792417154314,0,-0.771335192333819,4.58811896648199,1,0.411612297775749,1.00551235292154,0.752706015975771,3,3,3
"Moderate overlap","typical",19,29956,0.801176356563834,0,-0.0389919436710948,2.47210143386169,1,-0.648728197328715,-1.27597007748789,-0.97895163083008,1,2,2
"Moderate overlap","typical",19,38649,0.817636387290985,0.96,0.109273168433627,1.09159250556665,1,0.608844240545936,0.859905475544455,1.30321040584405,2,2,2
"Moderate overlap","typical",19,30839,0.803526156618173,0,-0.0303481129319945,2.91403048432868,1,1.6714880631036,1.16072805311276,0.665138302174906,2,3,3
"Moderate overlap","typical",19,20001,0.859770400686708,0,0.278803799401165,6,0,-2.50798598464268,-0.735118979804957,-0.00308950143480929,1,1,1
"Moderate overlap","typical",19,20439,0.808079681874055,0.453333333333333,0.0196602357483968,2.77560834803359,1,1.11767037988817,1.74899153347607,1.75534552304513,2,3,2
"Moderate overlap","typical",19,24761,0.796699928085999,0.906666666666667,-0.0809038369015365,2.52441423234528,1,0.287884743257789,0.773387762432955,-0.280584910780939,1,1,1
"Moderate overlap","typical",19,7776,0.818748083066214,0,0.116362039293763,1.88721224414132,1,0.532464712383055,-0.566257633346866,0.806689856407969,2,1,3
"Moderate overlap","typical",19,22726,0.857302677028599,0,0.477774083532426,0.905532346350138,1,1.18299469550182,1.84434409736861,0.794354324375481,3,3,3
"Moderate overlap","typical",19,34993,0.7731283139048,0.04,-0.15928536539493,0.113412079313926,1,-0.684299920338847,-0.0981611570688101,-0.899553952292117,1,2,2
"Moderate overlap","typical",19,20595,0.809582445505516,0.68,0.0236011442339454,2.11884913580232,1,0.393651412417398,1.18364646658231,0.394217350571694,2,2,2
"Moderate overlap","typical",19,40459,0.780041693697997,0.0533333333333333,-0.224196450836808,4.90852301990824,1,-0.011505418433368,1.01925867821386,2.23168686289681,2,1,3
"Moderate overlap","typical",19,5029,0.882576213716586,0,0.746493448988441,0.406599764893347,1,1.02001167772815,0.729091724127212,1.80489885467469,3,3,3
"Moderate overlap","typical",19,24243,0.785307929269434,0,-0.12721524514807,2.0857414271176,1,-1.61686882155768,-2.17126805628436,-1.86794298708965,1,1,1
"Moderate overlap","typical",19,45803,0.854074050519835,0,0.211668992768931,6,0,-0.451213097234734,-0.816058397989714,-1.00960657967654,1,2,2
"Moderate overlap","typical",19,26349,0.812933385674242,0.733333333333333,0.0433895297789675,2.31755030424615,1,0.658354712090933,-0.238533063986092,0.491054143034354,2,2,2
"Moderate overlap","typical",19,37974,0.810794524021934,0.293333333333333,0.000120824697980026,3.47717502709684,1,0.105413072725268,0.176614284741974,0.319943657423117,2,1,1
"Moderate overlap","typical",19,7098,0.806869951144335,0,-0.026253678958172,3.5080404551127,1,0.118908308919843,-0.179164662280993,0.351312775079106,2,1,3
"Moderate overlap","typical",19,43802,0.825283144572817,0,0.172720543952023,1.78681544046484,1,0.137315736965525,1.02345345159202,0.81839781391348,2,3,3
"Moderate overlap","typical",19,45244,0.810213552692101,0,0.00102313754534578,3.3560329072662,1,-1.06718274353157,-1.2470978183559,-1.01258092231484,2,2,2
"Moderate overlap","typical",19,42211,0.819417928168928,0.04,0.118388315300017,1.91554336570515,1,1.43007048969751,1.29819489560863,1.71464326987065,3,3,3
"Moderate overlap","typical",19,3373,0.814311359833716,0.146666666666667,-0.0114608223734258,4.77900076674682,1,0.20365763193667,1.27417690895076,0.474311955232047,1,1,3
"Moderate overlap","typical",19,37895,0.824693887513206,0.266666666666667,0.175740300666767,1.35628955047155,1,0.0467052595085104,1.29130523026517,1.42090366793229,2,2,3
"Moderate overlap","typical",19,39400,0.793537629208529,0.0533333333333333,-0.0697033402755971,2.59427057426757,1,0.464921321499277,0.405307231318435,2.35013366022841,3,2,3
"Moderate overlap","typical",19,36872,0.789187733692113,0.0933333333333333,-0.176475766469378,4.61642008990883,1,1.50702366874465,0.018262909928328,1.16517035867695,2,1,3
"Moderate overlap","typical",19,26796,0.811030550962414,0.36,-0.0722827312647754,5.97774068690372,1,0.398410982010369,0.49527252530106,0.712082825036733,1,1,3
"Moderate overlap","typical",19,22167,0.829176450564899,0.293333333333333,0.235930791213145,0.666082975925117,1,0.202740057216352,1.09745307417185,1.09792678875156,2,2,3
"Moderate overlap","typical",19,32221,0.818833165564171,0.2,0.0442133612688032,0.748282908198619,0,-0.0719674291755715,0.78407254368794,-0.984544347382945,1,2,1
"Moderate overlap","typical",19,45634,0.797647757287152,0.733333333333333,-0.0209869452189169,0.532290260237058,1,0.382835252070777,0.888496628166554,0.920958419865324,1,2,2
"Moderate overlap","typical",19,3536,0.791454161742218,0,-0.0802295470705945,1.68820166473616,1,-1.52379087582611,-1.36112891551056,-0.528305478407595,1,1,2
"Moderate overlap","typical",19,18039,0.809145363729017,0.0133333333333333,-0.00199459210092012,3.09415376126218,1,-0.542155610215085,-0.99752604588629,-0.381947577806557,2,1,1
"Moderate overlap","typical",19,30191,0.848065225913781,0.493333333333333,0.217469200967403,3.06187692011838,0,0.452637006110474,-0.11974197573047,-1.56693640899429,1,1,1
"Moderate overlap","typical",19,38500,0.828238118146896,0.64,0.0728805564133914,5.41121796985518,1,0.411368366387405,-1.03942608117507,-0.93497889123057,1,1,1
"Moderate overlap","typical",19,27559,0.817024698834283,0,-0.0017039104293799,5.23063526839765,1,0.143444788424204,-1.99675411225663,-0.87401500511159,2,1,1
"Moderate overlap","typical",19,15638,0.790777590407709,0,-0.0934787469335843,1.9622762661656,1,-1.9641700498341,-1.34554611531212,-0.527069060000302,1,1,1
"Moderate overlap","typical",19,18324,0.815248042519805,0.146666666666667,0.103815808975634,1.43125224214152,1,-0.526517375268596,0.408436872000707,1.24357370148353,1,2,3
"Moderate overlap","typical",19,9239,0.792457398123059,0,-0.0352327810936741,0.52706781167328,1,-1.27780568273569,-1.33399905918433,0.557131673162471,1,1,2
"Moderate overlap","typical",19,34979,0.801914375233307,0.0533333333333333,-0.0504117670714086,2.74211315470386,1,-0.142908053050838,1.37520446034937,-0.320827395220449,1,2,2
"Moderate overlap","typical",19,4129,0.790111323730594,0.453333333333333,-0.0905275969630179,1.40903538472743,1,-0.672758514450981,-0.153916964175841,-0.0726710510532053,1,1,2
"Moderate overlap","typical",19,20826,0.808727636552423,0.4,-0.00693004899209537,3.26044400348229,1,0.567751993989266,0.469011134135293,-0.367185624322554,2,1,1
"Moderate overlap","typical",19,41308,0.814946473454162,0.2,0.0849602295368457,1.91589069915647,1,-0.212807394119672,0.18924612576073,1.3399545177916,1,2,3
"Moderate overlap","typical",19,1727,0.847172757571221,0.106666666666667,0.371852347056911,1.00002170891856,1,1.25041557613809,1.60064040129319,0.71827841777463,3,3,2
"Moderate overlap","typical",19,36732,0.806616760253477,0.36,0.0174352744359687,2.45576271698904,1,0.644464818454263,1.62970221285476,1.78970504719984,3,2,3
"Moderate overlap","typical",19,23057,0.810933146510326,0.68,-0.00471539538502386,3.52312200716635,1,0.896465962814498,-0.297281555090661,0.103184048107261,1,1,2
"Moderate overlap","typical",19,38822,0.816660835689296,0.56,0.0866892558962014,2.15592420428799,1,1.41672022061158,1.05553683513375,0.681809135041815,2,2,3
"Moderate overlap","typical",19,41937,0.812027697191919,0.546666666666667,0.00606766059352479,0.302795727458556,0,0.0112764446344937,1.14636996369728,0.599061521085548,1,2,2
"Moderate overlap","typical",19,9500,0.812582154710573,0,0.000515054188533703,4.16251017410138,1,0.176287944089179,-1.49504512439248,-2.50169962775114,1,1,1
"Moderate overlap","typical",19,45798,0.803192973977655,0.453333333333333,0.0181118547551478,0.422920884580441,1,0.187894828264317,1.40857137934369,1.74120507968474,1,2,2
"Moderate overlap","typical",19,21979,0.832901579903,0.0533333333333333,0.0967586302011996,5.88001899366417,1,-0.843500151889149,-0.538438465495685,-0.791621253788384,1,1,2
"Moderate overlap","typical",19,12970,0.80868547557449,0.2,-0.0786554018287555,6,0,0.563950640057238,0.813577928784715,0.99751166808001,2,1,1
"Moderate overlap","typical",19,25020,0.838144652978146,0.293333333333333,0.289728335431588,1.14919526259329,1,2.27742683163934,-0.248069888960075,0.62268277833922,3,2,2
"Moderate overlap","typical",19,41901,0.811216157178499,0.52,-0.0121814429122229,3.90031459734044,1,-0.553419324355528,0.564913593427074,-0.806107556521464,1,1,1
"Moderate overlap","typical",19,10531,0.819168620101697,0.173333333333333,0.0270878646499786,4.58305453740982,1,-0.0604424185468797,-1.58686766074968,-0.481806067722025,1,1,1
"Moderate overlap","typical",19,13978,0.822078717418319,0.373333333333333,0.0450791211306951,4.79822092469589,1,0.49507566415385,0.0877164269996741,-1.2020606534206,1,2,1
"Moderate overlap","typical",19,1928,0.782422917566063,0.36,-0.126599570080099,1.11836041569614,1,-0.626891000217396,-1.15316183846017,-0.61802298516538,1,1,1
"Moderate overlap","typical",19,4274,0.772558291452226,0,-0.206752686183185,1.80356172242109,1,-1.99904956934493,-0.853068447737085,-2.14740479386076,1,1,1
"Moderate overlap","typical",19,38007,0.771692506169268,0.88,-0.192596216414934,0.733938115378518,1,-0.391298305110097,0.00768681304152848,-0.690504342722434,1,1,1
"Moderate overlap","typical",19,46274,0.850800270263567,0.0533333333333333,0.430759947021937,0.703269128771252,1,0.234073846251698,0.862852974276055,0.744905221371604,3,2,3
"Moderate overlap","typical",19,16965,0.807687260359351,0.08,0.0037893456914988,2.5394687547036,1,0.504617963928101,-1.08478516964238,-0.360281973907262,2,1,1
"Moderate overlap","typical",19,36302,0.817772074627606,0.0933333333333333,0.0224425106109352,4.37963483510718,1,-0.972540582941812,-0.595408483177138,-0.898468659607611,1,2,1
"Moderate overlap","typical",19,38043,0.885522272673894,0,0.504423541921773,6,0,-0.590060830981568,-1.65413853520174,-2.85847829058409,1,1,1
"Moderate overlap","typical",19,49499,0.797710751716698,0.0533333333333333,-0.07786762262079,2.95073655611608,1,-1.4409388299153,-0.87933579549616,-1.41432397519613,1,1,1
"Moderate overlap","typical",19,35928,0.856175695158101,0.0133333333333333,0.456458189426186,1.0846838922866,1,1.91641909212318,0.980387867459436,1.56637471209738,3,3,3
"Moderate overlap","typical",19,49418,0.786917437169554,0.653333333333333,-0.0939952872826431,0.551345761910972,1,0.659621775255152,0.887563736630125,0.294656205202988,1,2,1
"Moderate overlap","typical",19,42941,0.785153542975449,0.2,-0.0989649135919901,0.5189223251358,1,-1.44998116447603,0.621743309028478,0.833882035226152,1,1,2
"Moderate overlap","typical",19,30665,0.816674544702307,0,0.090731790519879,2.20664691880402,1,-0.447579542759272,0.387323707962421,1.0479771478983,2,3,2
"Moderate overlap","typical",19,41610,0.816408078616623,0.0133333333333333,0.109225348837724,1.85794406452689,1,1.83406873004508,1.11320349130878,2.59058902557486,3,3,3
"Moderate overlap","typical",19,25,0.814266798163032,0,0.0108427955290749,4.12161912287698,1,0.0482068082254438,-2.23024601303073,-1.12086574337324,1,1,2
"Moderate overlap","typical",19,719,0.7928430003169,0.453333333333333,-0.0882106619159506,1.92127107838073,1,-0.62236219518714,0.207287838366728,-0.486945113486729,1,2,1
"Moderate overlap","typical",19,11818,0.813297494484332,0.106666666666667,0.00358246314691879,3.94243771066138,1,-1.45496506433085,0.633264552602301,0.346721773149071,1,1,2
"Moderate overlap","typical",19,3817,0.779043863618724,0.36,-0.144635389156999,0.829254112868616,1,-0.520583370701691,-0.258673812795296,-0.859922126004613,1,2,1
"Moderate overlap","typical",19,37947,0.783729088617129,0.333333333333333,-0.150151907972381,1.98105798185953,1,-0.977588773713505,0.396747076512879,-0.946212459540878,1,1,1
"Moderate overlap","typical",19,49274,0.821369846600745,0.693333333333333,0.0370765412355052,4.77779679506842,1,0.23772267598501,-0.0565841626277675,-0.577895194237568,1,2,1
"Moderate overlap","typical",19,1416,0.818335607320105,0.746666666666667,0.0227355427272435,4.67902181692151,1,-0.381910086894787,0.81112830681009,0.979194783141245,1,1,2
"Moderate overlap","typical",19,1233,0.799638215212347,0,-0.0418505739520703,2.36459741103362,1,0.837237788275695,1.72623614018116,1.68935322579849,3,3,3
"Moderate overlap","typical",19,43563,0.804218993216194,0.466666666666667,0.00455857826719308,1.49766082826159,1,0.234528693086191,0.503433774459728,0.112389482823227,2,1,2
"Moderate overlap","typical",19,13401,0.789776462166801,0.0133333333333333,-0.170742094038165,5.01991993060816,1,0.532913624616549,0.830149154479969,0.215851695972451,2,3,2
"Moderate overlap","typical",19,38929,0.800810198935052,0,-0.0528657112274584,3.42252802628163,1,-2.99685995028731,-2.47464751895804,-2.19940564919882,1,1,1
"Moderate overlap","typical",19,15315,0.828325210247976,0.0666666666666667,0.0809741782524322,5.37039993537548,1,-1.03337248161679,0.384748194156048,-0.985667461999843,1,2,1
"Moderate overlap","typical",19,19538,0.821868150322624,0.28,-0.00317102883295939,4.95013827458024,0,-0.271363219174313,-0.727264426547208,1.13148879684729,1,1,2
"Moderate overlap","typical",19,23177,0.828018838068593,0.293333333333333,0.0711207820580344,5.42455136990371,1,-0.696292307700594,0.0273218528851339,-0.389601222970113,1,1,2
"Moderate overlap","typical",19,7369,0.813921232401766,0.0666666666666667,0.00431276745376685,3.98570853862349,1,-0.966011355161964,-1.44885219994458,-0.710706687136187,1,1,1
"Moderate overlap","typical",19,14772,0.860929101131696,0.0266666666666667,0.294832818214979,6,0,-1.8047296397805,0.308922277244199,-0.108790595570013,1,1,2
"Moderate overlap","typical",19,37499,0.755898822890702,0,-0.281583835244223,0.669615042163063,1,-1.56269325529985,-0.752298535078772,-1.92273159116319,1,1,1
"Moderate overlap","typical",19,17061,0.816249612888538,0.293333333333333,0.122098843987733,0.620465761380466,1,0.470624172806442,-0.604939530730414,1.03317239025762,2,1,2
"Moderate overlap","typical",19,38967,0.8117351418539,0,-0.000884814615199403,3.77561654032506,1,-1.04854086824421,-1.42606778499809,-1.15758224908951,1,2,2
"Moderate overlap","typical",19,14254,0.811099605444475,0.64,0.00593196035283805,3.1891528602404,1,0.153446018094681,-0.0215726429783102,0.415483882443812,2,2,2
"Moderate overlap","typical",19,2881,0.792364917579227,0.08,-0.105030887362616,2.50517708771963,1,-1.63281346370756,0.188443392878606,-0.71916054573798,1,1,1
"Moderate overlap","typical",19,12843,0.809409351130051,0.0133333333333333,0.0132546390050896,2.96980790548232,1,1.44415426509978,0.761779854640186,-0.292205908298321,2,3,2
"Moderate overlap","typical",19,25246,0.782830502782341,0.0933333333333333,-0.141580730403071,1.79489995302651,1,-0.0106988527704331,-1.36421179129017,-1.72112275216859,1,1,1
"Moderate overlap","typical",19,11584,0.804055898951828,0,-0.0598974601068241,4.18210451811153,1,0.0203451670784188,-0.063664276740617,-0.600077961045521,2,2,3
"Moderate overlap","typical",19,12265,0.801286976518999,0.146666666666667,-0.0358695487874918,2.4965322106276,1,0.946467411113274,-0.235126230376429,-1.32980214709872,2,1,1
"Moderate overlap","typical",19,43952,0.796702559080687,0.453333333333333,-0.0220720617670929,0.6388944881308,1,0.593749861394396,-0.250839195768652,0.238827199924885,1,2,2
"Moderate overlap","typical",19,40861,0.807650762101734,0.653333333333333,-0.127933937229893,6,0,0.360793476838064,0.235511772394959,0.0288956450386287,2,2,2
"Moderate overlap","typical",19,1308,0.777445348072207,0.64,-0.134227599716741,0.306035091827262,1,-0.263385278270908,-0.971798358815214,-0.253640814385789,1,1,1
"Moderate overlap","typical",19,13778,0.822998207272287,0.04,0.0486394727227046,4.86340522820119,1,-1.6509335090014,-1.23307881666082,-0.799262655677808,1,1,1
"Moderate overlap","typical",19,5008,0.878391618266735,0.36,0.45225902613507,6,0,0.0309152483071485,0.81938861837367,-1.1991281019139,1,1,1
"Moderate overlap","typical",19,49308,0.80608617113138,0.733333333333333,-0.00900730215694878,2.25220330525124,1,0.520784044950069,0.91805568122412,0.912381381597562,1,2,2
"Moderate overlap","typical",19,48725,0.82559285351796,0,-0.00857042330982116,6,0,-0.186369591244516,-1.73720001120914,-0.643986712543854,2,1,1
"Moderate overlap","typical",19,24656,0.813021985351493,0.106666666666667,-0.0132861400768505,4.44527229063381,1,0.804238404043268,-0.502910203616646,-0.746778970199671,2,2,2
"Moderate overlap","typical",19,1312,0.872331983455966,0,0.377662147511888,5.76512033585459,0,-0.780516090772166,-0.63617213663675,-1.90743082545648,1,2,1
"Moderate overlap","typical",19,5055,0.809377056635688,0.586666666666667,0.0443178878299704,2.31763939050312,1,1.55267089423758,2.06368317694744,2.17765132804556,3,2,3
"Moderate overlap","typical",19,38363,0.817499914807443,0.64,0.0224329360399329,4.37831074402217,1,0.751136812266275,-0.754404395445594,-1.28978133709866,1,1,1
"Moderate overlap","typical",19,1922,0.811340435617768,0.0133333333333333,0.0321944135807606,2.51688887922496,1,-1.00453460819076,-0.634532861389306,0.512012505765122,2,2,2
"Moderate overlap","typical",19,21970,0.810427251788514,0.773333333333333,0.0143825453041226,2.70501922224867,1,0.519232322231037,0.94604462952551,0.303340919650246,2,2,2
"Moderate overlap","typical",19,9495,0.827679988648809,0,0.188907907067514,1.78849864684151,1,0.585852928681971,-0.552022436533802,-0.126920538299159,3,3,2
"Moderate overlap","typical",19,397,0.822938614813416,0.2,0.16835677039687,1.20542097185579,1,0.330421531559684,1.06062125064329,0.762893456120331,2,2,3
"Moderate overlap","typical",19,39506,0.798745783479422,0.4,-0.0562466516922981,2.33569485339904,1,-0.805493491162072,-0.974160611335158,-0.114422242603492,1,1,1
"Moderate overlap","typical",19,42187,0.829563860090395,0.0933333333333333,0.250448644282669,0.378257088337377,1,0.47776763597607,0.794513963122294,1.32500353601073,2,1,3
"Moderate overlap","typical",19,38123,0.816590158688316,0,0.0223847407915883,4.46719259007087,1,0.259334285038076,-1.29668431075542,-2.56612049515653,1,1,1
"Moderate overlap","typical",19,9755,0.805748273476982,0.453333333333333,-0.0347627992731283,3.2016371153299,1,0.455422170401917,0.897352922241749,-0.542005187039488,1,2,1
"Moderate overlap","typical",19,6618,0.78176405071757,0.68,-0.136830233668163,1.21575691813964,1,-0.415942834542813,-0.786723998214694,-0.695091339785693,1,1,1
"Moderate overlap","typical",19,23695,0.816057875480351,0.88,0.0119634932003807,4.17526925983976,1,-0.482280744554466,-0.249690811312974,-0.511881487848713,1,1,1
"Moderate overlap","typical",19,14899,0.810775901623798,0.573333333333333,-0.00616146072957413,3.77181812864846,1,1.23924849924716,0.0555806773023547,0.0272900167222475,2,2,1
"Moderate overlap","typical",19,49593,0.804214227982519,0,0.0630345198849589,0.51759230617136,1,0.118460091642036,-0.482659754747269,-0.976373317006498,1,3,2
"Moderate overlap","typical",19,14168,0.806188242598171,0.226666666666667,-0.0112972017011197,2.74750997309875,1,0.79326937125086,0.255668097588959,-0.991011527500325,2,2,1
"Moderate overlap","typical",19,40581,0.813117863132175,0.466666666666667,0.0027467229865481,3.85678673854145,1,-0.128660082882476,-0.647330833497387,0.578508369089348,1,1,2
"Moderate overlap","typical",19,19244,0.866925848970037,0,0.325412111072708,6,0,-2.35623285532123,-2.05462812538394,-1.1153992731867,1,1,1
"Moderate overlap","typical",19,15177,0.808939537481491,0.12,-0.000128418705036548,2.86801227024319,1,-0.0369159207249835,-0.176391268529886,-0.28380779967429,2,1,2
"Moderate overlap","typical",19,46223,0.822647558743961,0.0533333333333333,0.0411857528424369,5.11029180167696,1,-0.125615995671252,-1.87216242318722,-0.443464684853572,1,1,1
"Moderate overlap","typical",19,30870,0.79012975769409,0.0533333333333333,-0.11045527265924,2.21554548227158,1,-0.719873922373022,-0.228344585344894,-1.48484932723678,1,2,1
"Moderate overlap","typical",19,19449,0.798598452388278,0,-0.120099625133182,1.51436938904226,0,0.970331511659371,-0.174948050132545,-0.329075520327126,2,3,1
"Moderate overlap","typical",19,19432,0.811112888358048,0.466666666666667,-0.019826397901765,4.50493596730839,1,-0.104531417886648,0.554671791975359,0.84345479260732,2,1,2
"Moderate overlap","typical",19,46306,0.8221261898561,0.0666666666666667,0.20100646340735,0.298361440829085,1,1.22305521179737,0.527329161911196,0.310971913038676,2,1,3
"Moderate overlap","typical",19,36811,0.812463103243532,0.693333333333333,0.0601930196362215,2.31587811529752,1,1.92034618514789,1.53730610847831,1.14782331794003,3,2,3
"Moderate overlap","typical",19,24676,0.768735368782553,0.786666666666667,-0.196731028096709,0.37236445386455,1,-0.420520110926266,-0.469710639334739,-0.733136927781194,1,1,1
"Moderate overlap","typical",19,26813,0.813790887650389,0.48,0.00384527790539968,3.88985189982455,1,-0.142246397979575,-0.564657809398362,0.04440890840186,1,1,2
"Moderate overlap","typical",19,39516,0.87641760929998,0.733333333333333,0.681437076784113,0.0779172989445804,1,2.38864968944252,1.50915256248263,1.86269869433008,3,2,3
"Moderate overlap","typical",19,18481,0.806738962977093,0,-0.0388983662161616,0.461968872696161,0,-0.120524174531112,1.86741819714448,0.463954025582088,1,3,3
"Moderate overlap","typical",19,25662,0.832005056528015,0,0.263274930870575,0.696571730708329,1,-0.988498461773119,-0.128486301829318,-0.268760125373739,3,2,2
"Moderate overlap","typical",19,49710,0.824226011196608,0,0.062062193488146,4.99168758963027,1,-2.28572603885642,-1.72990891124378,-1.67532026296605,1,1,1
"Moderate overlap","typical",19,972,0.800084644603468,0.0533333333333333,-0.0449802271165658,2.22784658752803,1,-1.23231811240474,0.0219643014924391,-0.117517333264388,1,2,2
"Moderate overlap","typical",19,46160,0.823219048264856,0.56,0.152675856085851,1.6497161990017,1,0.540374024872823,1.27564320426546,1.54133814170864,2,2,3
"Moderate overlap","typical",19,30744,0.805659442291769,0.48,-0.0230479869105333,2.68190834313687,1,-0.388556349728252,0.858707406675382,0.43849900343495,1,2,2
"Moderate overlap","typical",19,22464,0.866749948499297,0.12,0.334152309566264,6,0,-0.875761066452043,0.526847617533199,-0.771957658506892,1,2,1
"Moderate overlap","typical",19,27772,0.821281762425513,0,0.140383954365895,1.80617746781975,1,0.315911164017893,1.03068273852044,0.990540979367198,1,3,3
"Moderate overlap","typical",19,37259,0.809098066876294,0.453333333333333,0.0655232533794754,0.413305325532765,1,0.254127541562511,0.720904182078587,1.95134399712135,1,2,2
"Moderate overlap","typical",19,16141,0.79437490571505,0.44,-0.0764407953537787,2.84742700232038,1,1.76142104950989,1.92855921667524,1.16402754039976,3,3,2
"Moderate overlap","typical",19,44555,0.813678831780408,0.56,0.00252027793117104,4.0078599801746,1,0.329567396197141,-0.133227117706185,0.409470297630443,1,2,2
"Moderate overlap","typical",19,28086,0.813559625457265,0.106666666666667,0.00211182046054015,4.04238765529979,1,-0.222985178203356,-0.159457550734139,-1.48542296390412,1,2,1
"Moderate overlap","typical",19,33527,0.80332659596168,0.0933333333333333,-0.0843880705516096,5.16697716113409,1,0.339125083862783,-0.44224600002923,0.890142235404116,2,2,1
"Moderate overlap","typical",19,48342,0.821979166933545,0.04,-0.0351607103618801,6,0,0.784497979967507,-1.21001656066778,-0.789390488628204,2,1,2
"Moderate overlap","typical",19,35443,0.832022861776472,0.48,0.0953985978884195,5.77050649475206,1,-1.19243702219689,0.0728870688638644,-0.143152650840068,1,1,1
"Moderate overlap","typical",19,3505,0.864507554096644,0,0.308947940302385,6,0,-2.16480851873392,-0.762808548593378,-0.334751865000183,1,1,1
"Moderate overlap","typical",19,49598,0.814360647878447,0.68,0.00572137827975361,4.0026604424032,1,0.0601815546063285,0.59836868335778,-0.353501389480429,1,2,1
"Moderate overlap","typical",19,47739,0.879118690793265,0,0.44124803371389,6,0,-2.18601392487446,-0.790096769421899,-1.45829301616317,1,1,1
"Moderate overlap","typical",19,38650,0.86559614196185,0.2,0.549644473994785,0.904923219551111,1,2.99017056136039,1.7566199658168,2.33076216078125,3,3,3
"Moderate overlap","typical",19,44702,0.861524360481865,0.0666666666666667,0.277446897870437,6,0,0.373729830905651,-0.752247909633889,-1.03573363040597,1,1,2
"Moderate overlap","typical",19,28836,0.816691278088193,0.453333333333333,0.113942074051576,1.36864762284085,1,0.153727630685805,0.490890847551597,1.2675039716316,1,2,3
"Moderate overlap","typical",19,19614,0.805219456064002,0,-0.0191964092326202,3.52215952001016,1,-1.82878571826422,0.266380284720762,1.64002907827825,1,2,3
"Moderate overlap","typical",19,5855,0.822201205952902,0,0.176609657685583,1.00782960615647,1,-0.411877791770672,0.081963038089321,0.875165463864244,2,1,3
"Moderate overlap","typical",19,13850,0.771794585021402,0.986666666666667,-0.179229882211172,0.244438807227568,1,0.246237553475249,0.21297681224798,-0.233686539476468,1,1,1
"Moderate overlap","typical",19,40013,0.870006240480106,0.933333333333333,0.355185410741988,6,0,0.0487119350968787,0.116029498626561,-0.744560182903739,1,1,1
"Moderate overlap","typical",19,31005,0.805240854224556,0,-0.0213172528419854,3.30782205694145,1,-0.325403912967352,1.13256762656682,-1.44619588716711,2,2,1
"Moderate overlap","typical",19,2004,0.799295955791592,0.453333333333333,-0.0285833390854555,1.47457514089104,1,-0.825291626873703,-0.220533005136362,0.975907651044769,1,1,2
"Moderate overlap","typical",19,42134,0.829165341603326,0,0.0456613306959999,6,0,0.071434495574472,0.995052979564011,-0.915796523271061,1,3,1
"Moderate overlap","typical",19,38132,0.818700245152594,0.2,-0.0246788810954435,6,0,0.0697316590477739,0.401954179518477,0.547235222556675,2,1,1
"Moderate overlap","typical",19,5420,0.801798037055821,0,-0.0546546397327208,3.22170519095536,1,-1.79451255151744,-1.42690293540888,-1.46345028874306,1,1,1
"Moderate overlap","typical",19,8233,0.858905274803515,0,0.499952842863533,0.513614205137588,1,-0.0349819805909133,1.69973407873585,2.7219331922261,2,3,3
"Moderate overlap","typical",19,31494,0.76816026520713,0.2,-0.22145062618711,1.03802402744843,1,-1.065539178972,-0.142655743994598,-1.28045043256985,1,1,1
"Moderate overlap","typical",19,25577,0.776674013365063,0.866666666666667,-0.165017343214098,0.926116645132687,1,-0.500523473293988,-0.200039960417743,-0.551236722804976,1,1,1
"Moderate overlap","typical",19,24355,0.828650508464657,0.586666666666667,0.0445272054887371,6,0,0.861787141066215,1.13466889934079,0.919708050776226,1,2,2
"Moderate overlap","typical",19,44651,0.778637882513018,0.04,-0.141406055394403,1.00841978069716,1,-0.581124607014268,-1.85998141294997,-1.14768327102712,1,1,1
"Moderate overlap","typical",19,18570,0.771956585411553,0,-0.176586026002036,0.618127521339324,1,-1.9489492310559,-1.05763478091602,-0.614481241142038,1,1,1
"Moderate overlap","typical",19,33354,0.817467377168076,0,0.0976229257708736,2.03328107096642,1,0.693606511441846,0.431662067755425,0.545194082187746,3,3,3
"Moderate overlap","typical",19,2320,0.824037545550328,0.48,0.0423852706584009,5.59386240563043,1,0.917370687254806,-0.533724447369641,-0.235425323883282,1,2,1
"Moderate overlap","typical",19,36590,0.830197755457463,0.4,0.223182045823648,0.963973195806823,1,1.42825665224325,1.471930832733,0.943702501514195,2,3,2
"Moderate overlap","typical",19,25544,0.818609916821694,0.0533333333333333,0.10083543690862,2.17100931850965,1,-0.139608305653792,-0.27433181207201,0.138568727362782,3,2,2
"Moderate overlap","typical",19,21374,0.87161727251736,0,0.663981283706724,0.167586683680165,1,1.16235150003265,1.32788506167989,-0.166281196714541,3,3,3
"Moderate overlap","typical",19,7623,0.777380796234398,0.493333333333333,-0.261156011071093,4.75704306645385,1,0.922056938613593,0.384843313698653,0.246336298927999,3,2,2
"Moderate overlap","typical",19,19054,0.809059967348707,0,-0.0175924350077241,3.99548473586628,1,-1.87353630777645,-1.79822058889491,-2.50574002466042,1,1,1
"Moderate overlap","typical",19,10222,0.809532373584401,0.893333333333333,-0.0145153133003211,3.47158507598995,1,0.402539631588514,-0.755915433429846,-0.348629680687168,1,1,1
"Moderate overlap","typical",19,9659,0.794868112545734,0.2,-0.0612745631319727,1.60724823408149,1,-0.720736305434609,-0.703281591799965,0.043144829729318,1,1,2
"Moderate overlap","typical",19,23149,0.789036569741806,0,-0.189289173450971,5.29194498184523,1,0.476216306751967,-0.834268039385408,-0.348970680312185,2,3,1
"Moderate overlap","typical",19,38515,0.792641674458269,0,-0.0961988090422521,2.65942487953749,1,-1.84386312828112,-2.00430212376721,-1.88333022801233,1,1,1
"Moderate overlap","typical",19,40933,0.821391525498557,0.0533333333333333,0.0405011974432794,4.92644846316981,1,1.36634710468123,0.260077425419496,-0.904211733482229,1,2,2
"Moderate overlap","typical",19,23393,0.814705535385539,0.6,0.0690573747763858,1.91415313257778,1,-0.0808268075932717,0.106446546721167,1.08254347488358,2,2,2
"Moderate overlap","typical",19,23213,0.799182632673014,0.2,-0.0672758783718703,2.68175147133121,1,0.429278235378224,1.29989102710309,-0.525995039390315,1,2,1
"Moderate overlap","typical",19,8391,0.835639304837644,0.2,0.117928919877427,3.21494846460966,0,-0.369089818860389,0.577885453564513,-0.345164163372123,1,2,2
"Moderate overlap","typical",19,27961,0.834384976262323,0.106666666666667,0.109215761244215,2.66718432272657,0,-0.933872842966152,-1.34119380883505,-0.429344766194773,1,1,1
"Moderate overlap","typical",19,3841,0.802015800251485,0.293333333333333,-0.00133666422728207,1.3880945738504,1,0.81925659907051,-0.371386618525653,-0.852215209789507,2,2,1
"Moderate overlap","typical",19,43593,0.828335238538263,0,0.214632574505354,1.29385926354962,1,-0.29381520842667,-1.05620243408163,0.546870457054999,3,1,1
"Moderate overlap","typical",19,15715,0.806970450128129,0,0.025839741012518,2.08281889604783,1,-1.81557715546677,0.624919243929715,0.956201002139809,1,1,3
"Moderate overlap","typical",19,5864,0.866991309530546,0.0533333333333333,0.325160237157322,6,0,-1.80032174690162,-0.66424887747551,-0.495508952934303,1,1,1
"Moderate overlap","typical",19,27509,0.825235768638084,0.733333333333333,0.0475907077980029,5.81290425611245,1,-0.57090210153131,0.283961842319223,0.78754562518367,1,1,2
"Moderate overlap","typical",19,30281,0.810774975271884,0.453333333333333,0.0124195669885312,3.03053342735388,1,0.582768919215476,0.641774761144327,0.761217130472697,1,2,3
"Moderate overlap","typical",19,9324,0.793292406557203,0.08,-0.0925158822978038,2.39344128762326,1,-1.09114661576163,-1.19165310622193,-1.12067004372289,1,1,1
"Moderate overlap","typical",19,30133,0.807158205126899,0.106666666666667,0.0725164166972241,0.721926732156236,1,0.472220143005752,-0.00440369372540913,0.393704124906023,1,1,3
"Moderate overlap","typical",19,23884,0.803052212778684,0.933333333333333,-0.0386784391828314,2.61254235949988,1,0.624427896407349,0.271599917045722,0.445555921179259,1,1,1
"Moderate overlap","typical",19,41831,0.782877311356281,0.0533333333333333,-0.144812753765709,1.64377061757581,1,-0.352654181402166,0.193159051536383,-1.0794606290106,1,1,2
"Moderate overlap","typical",19,23755,0.860387736425702,0.56,0.274187985541725,6,0,-1.09221080779182,0.0856088798056118,0.150210448538148,1,1,1
"Moderate overlap","typical",19,38056,0.828999654510675,0.36,0.230392840155271,0.814820791533235,1,0.958781690061443,0.533338486041321,-0.290488426790825,3,2,1
"Moderate overlap","typical",19,5292,0.828090288518392,0.226666666666667,0.0709963489690546,5.70457338113785,1,-1.26026412145966,0.295419957264446,0.284817700569666,1,1,2
"Moderate overlap","typical",19,8820,0.792025100395547,0,-0.1031546893525,2.69475232252883,1,2.33881146794386,1.58772113791351,0.267338224237014,3,3,3
"Moderate overlap","typical",19,26589,0.888699398853458,0,0.82917255259002,0.0695742398013572,1,0.817505573085394,1.50991352260891,1.58021719729479,3,3,3
"Moderate overlap","typical",19,25235,0.754418624117179,0.0133333333333333,-0.350270316765134,3.57133234734746,1,-0.036636680792911,0.568242211124908,2.22936931725577,3,2,3
"Moderate overlap","typical",19,10159,0.790484096253375,0,-0.0951315776289805,2.75696505946268,1,-2.86705242443958,-3.55113293217698,-2.62484507121613,1,1,1
"Moderate overlap","typical",19,4966,0.855854993765894,0,0.49130000558656,0.520713658627375,1,0.583105686640958,-0.513458760164705,0.851101157531196,3,1,3
"Moderate overlap","typical",19,42842,0.805257750587489,0.0933333333333333,-0.0399030794801112,3.40392151753002,1,-0.891583611824833,-1.06800767127967,-1.35833698212057,1,1,1
"Moderate overlap","typical",19,41442,0.805223871928478,0.88,-0.0235362912266193,2.64713579287862,1,0.697908544096247,0.0255221127897727,0.385853272479754,1,1,2
"Moderate overlap","typical",19,37790,0.875239204110809,0,0.391464754719303,6,0,-1.47907277425232,-1.41535503549052,-1.52148714419001,1,1,1
"Moderate overlap","typical",19,16508,0.795881085890812,0.0533333333333333,-0.133635105706898,1.0945801657869,0,1.33504121871054,-0.483159905692861,0.648559333927118,2,2,3
"Moderate overlap","typical",19,48746,0.814332023207461,0.48,0.0065595833366161,3.99975211483869,1,0.612087911487203,1.08661568590971,0.270714538213778,1,2,2
"Moderate overlap","typical",19,42374,0.829067116984385,0,0.199442473561183,1.74393963966367,1,0.433630126304354,0.0781855173619614,0.222273831201217,3,3,2
"Moderate overlap","typical",19,13658,0.800192753752387,0,0.000111775137468184,1.18137294844227,1,-0.897481572409576,-1.54777580033894,-0.434789903978137,2,1,1
"Moderate overlap","typical",19,32570,0.828699948021207,0.2,0.0735028147169761,5.43027432516377,1,-0.818104802422647,-1.21237870302245,-0.734851518273115,1,1,1
"Moderate overlap","typical",19,16015,0.807752830907325,0.626666666666667,-0.0377334115153082,0.810449686832726,0,0.379424781528328,-0.306059046307124,0.618234830925513,2,2,2
"Moderate overlap","typical",19,12136,0.81182419196712,0.04,-0.00129046160092505,3.74418100926133,1,1.00254937169442,-0.629220666559363,-1.15589559439498,2,2,2
"Moderate overlap","typical",19,35414,0.809321799253355,0.12,-0.0227575546412829,0.642912816746468,0,-0.0668432173417053,-0.61894965643358,0.800873679580825,2,1,2
"Moderate overlap","typical",19,30591,0.796231746471807,0.68,-0.060735823221246,1.82360011004325,1,0.312024390120477,-0.337168447969349,-0.362291628410193,1,2,1
"Moderate overlap","typical",19,2278,0.82434909779958,0.36,0.162479426840745,1.89372617637847,1,1.4937512065851,0.439438051985725,1.23813320737602,3,2,3
"Moderate overlap","typical",19,23557,0.781387707357735,0,-0.222115518710206,4.35561284757496,1,0.911166602613235,1.01061881694724,-0.0664808509689545,2,3,3
"Moderate overlap","typical",19,1902,0.822823158514863,0.106666666666667,0.0384210632214361,5.2216857635067,1,0.244655584403373,-1.15576808985016,-0.307127025992385,1,1,2
"Moderate overlap","typical",19,23467,0.828574684781972,0,0.248880716624525,0.341304345752229,1,-0.808612839684007,-0.0601822581120934,0.0988241992462807,2,3,2
"Moderate overlap","typical",19,33285,0.806204587167405,0.653333333333333,-0.015560121965734,2.56062272897526,1,-0.312234577195099,0.777271602765635,0.71936350851713,1,2,2
"Moderate overlap","typical",19,26896,0.840343011112739,0,0.348528750923919,0.568136786473785,1,0.111832928013219,1.14924373176822,0.307337272484528,2,3,3
"Moderate overlap","typical",19,17059,0.833935969814256,0.626666666666667,0.0799891874772487,6,0,-0.23410241220104,0.998603628170357,0.85552393887184,1,2,2
"Moderate overlap","typical",19,24221,0.789713005785251,0,-0.0890304137007394,1.63853671782824,1,-0.728822488445106,-1.34733372116736,-1.45885197499435,1,2,2
"Moderate overlap","typical",19,20570,0.763208426332577,0,-0.311411260131341,2.9198541751085,1,1.57006371966538,0.970458359675861,1.77515345287679,3,3,3
"Moderate overlap","typical",19,49116,0.830185728092392,0.2,0.0919293269822559,5.63468356765264,1,0.0236543957049095,1.19404776534989,-0.593388487370123,1,2,1
"Moderate overlap","typical",19,44537,0.789795921356322,0.706666666666667,-0.0735648210674551,0.865580997149926,1,-0.0331905871174616,-0.637611906386445,0.424774984001305,1,1,1
"Moderate overlap","typical",19,26151,0.83612184142817,0.0133333333333333,0.313932964633834,0.176476751678799,1,-0.0396968187048545,0.0358108959735567,-0.504658466619787,3,2,2
"Moderate overlap","typical",19,37004,0.811390053326017,0.453333333333333,0.0370701825768331,2.65552583343052,1,1.22157312534702,0.267222863094012,0.00846391210128464,3,2,1
"Moderate overlap","typical",19,37673,0.803570221737049,0.0666666666666667,-0.0944905517228909,5.00164660814873,1,0.199506350805043,-0.220802031211358,0.640030304519908,1,2,3
"Moderate overlap","typical",19,22065,0.789662617790296,0.72,-0.115122734707156,2.05742228365068,1,-0.64558099121449,0.499776653246862,-0.38043144479155,1,1,1
"Moderate overlap","typical",19,21724,0.80761396919475,0.146666666666667,-0.0210105572607397,3.28985590007668,1,-0.39835604237559,-0.953217898679061,-0.867085063092534,1,2,1
"Moderate overlap","typical",19,39576,0.802835487101067,0.733333333333333,-0.0423828566624014,2.70134516758417,1,-0.701087715257675,0.207301123857215,0.496718138150351,1,1,1
"Moderate overlap","typical",19,41293,0.80863189147833,0.36,-0.0216595112225892,3.50198794026394,1,-1.10734933632329,-0.703195718509728,-0.501150318741932,1,1,1
"Moderate overlap","typical",19,13563,0.798657280489708,0.906666666666667,-0.0630232948511886,2.4259364368958,1,-0.377882729023579,-0.322511076783706,-0.130968200145469,1,1,1
"Moderate overlap","typical",19,204,0.851107272842468,0.0533333333333333,0.204608795289679,6,0,-1.85696220984083,-0.659810630798093,0.455534909536165,1,1,1
"Moderate overlap","typical",19,18906,0.770133207047951,0,-0.168267944005049,0.313198436949295,1,-1.51325177819815,-2.18079378837807,-1.02453563430591,1,1,1
"Moderate overlap","typical",19,30126,0.791079673508718,0.0533333333333333,-0.107953651385387,2.26391998830508,1,-0.40115587073788,0.214968067224488,-1.07776141330753,1,1,2
"Moderate overlap","typical",19,16387,0.84070061226217,0.293333333333333,0.318254985834577,1.23160679562901,1,1.00121168508289,0.986875581024142,0.827518465573679,3,2,3
"Moderate overlap","typical",19,14202,0.828928988089405,0.426666666666667,0.229593676767194,0.814617987434543,1,1.25493696465493,0.435975416414093,0.637622073654632,2,2,3
"Moderate overlap","typical",19,47913,0.806894951212241,0.0533333333333333,-0.075247589095804,2.37174645299638,0,0.656578071015819,-0.964329423478789,0.70103016548609,2,1,1
"Moderate overlap","typical",19,6279,0.844942336010153,0.0533333333333333,0.364086025932156,0.806298526284554,1,1.13818121639867,1.82442033186922,1.33626413484392,2,3,3
"Moderate overlap","typical",19,37093,0.82613858610154,0.2,0.0588535435073636,5.59355374950808,1,0.947717354882458,0.71397980231157,-0.389518195824441,1,2,2
"Moderate overlap","typical",19,33370,0.800996171724721,0.2,0.00678623784524057,0.632309705585735,1,0.0772819473571593,1.02542719804081,-0.198893304620902,2,2,2
"Moderate overlap","typical",19,41632,0.794167166981149,0.04,-0.0392125101413381,0.996933984203006,1,-0.0819071172529735,-1.62005127312364,-0.00778141296965206,1,1,2
"Moderate overlap","typical",19,42906,0.81044300011169,0.2,-0.00254279073813768,3.65335115715745,1,-0.428096435412263,-0.537274214483117,1.16115054553213,1,2,2
"Moderate overlap","typical",19,29626,0.804788087945979,0.0533333333333333,-0.00420550242250872,2.15368493848599,1,-0.9994940974709,-0.95588417892223,1.03365356015725,1,1,2
"Moderate overlap","typical",19,17839,0.822571364874251,0.84,0.140554072890307,1.86017800682915,1,1.13499962364088,1.13595968708456,1.85447732203887,2,2,3
"Moderate overlap","typical",19,7668,0.856447567656342,0.106666666666667,0.233237673233035,6,0,0.503944385857319,-1.69076105849254,-0.84881416002386,1,1,1
"Moderate overlap","typical",19,27567,0.831725956842382,0.573333333333333,0.0897387226259703,5.87664189425196,1,-0.0767613829189622,0.131842166990328,-0.65656554520532,1,2,1
"Moderate overlap","typical",19,225,0.804583281610106,0.28,0.0196105345145849,1.13437911826399,1,-0.295955418239763,0.18779760779202,0.296134643176312,2,1,2
"Moderate overlap","typical",19,6019,0.813644703816264,0.0533333333333333,-0.0240598935256569,5.10086562154823,1,-0.697857923796441,0.879993720492597,0.68539824929497,1,1,3
"Moderate overlap","typical",19,24896,0.823755119361373,0,0.190610567879906,1.15671350060856,1,0.359826813883939,-1.21005971600204,-0.110804715285829,2,2,3
"Moderate overlap","typical",19,28988,0.839976107488361,0.906666666666667,0.152098150645216,2.87284087389708,0,-0.417537568142478,-0.158628607852489,-0.478909089068508,1,1,1
"Moderate overlap","typical",19,40100,0.820402582993513,0.0533333333333333,-0.0219397104239665,6,0,-0.804344806951551,-0.0310135043031732,-0.133923873413384,2,2,1
"Moderate overlap","typical",19,17527,0.800551831311741,0.56,-0.046243742249209,2.30469766532903,1,-0.337136528688402,-0.28296324417493,0.0547450143140036,1,1,2
"Moderate overlap","typical",19,26476,0.79834585051616,0.24,-0.0574744349719873,2.03977603430854,1,-0.423311629322105,1.12568874665988,0.13266130463526,1,2,2
"Moderate overlap","typical",19,706,0.809050154723546,0.28,-0.0140794119432419,3.39612802428336,1,0.0089607826965823,-0.934783519854143,-0.768234210316648,1,2,1
"Moderate overlap","typical",19,20091,0.822437571888068,0.4,0.139631521060788,1.83739333130376,1,1.08599372571592,0.366315534432926,-0.162181955956239,3,2,2
"Moderate overlap","typical",19,11333,0.809227762344803,0.426666666666667,-0.0623633500429985,5.78968374237766,1,0.694752168904008,-0.309050395849705,0.215195072466725,2,2,1
"Moderate overlap","typical",19,20380,0.820546131864597,0,0.0255899787627379,1.98790179565549,0,-0.0346971467126216,-0.66164801039196,-1.68435755164732,2,2,2
"Moderate overlap","typical",19,41294,0.81166555976513,0.453333333333333,-0.0173443317038338,4.22717557899646,1,0.195242236464632,0.00485424450662617,-0.0389979226706027,2,2,2
"Moderate overlap","typical",19,41650,0.810570548563752,0.48,0.0054888161503861,3.20288428803018,1,0.877806783800014,1.22838750712755,1.06345208381975,1,1,3
"Moderate overlap","typical",19,41495,0.791603709840655,0.0933333333333333,-0.0860574710529045,1.69192819208061,1,-0.958465436919493,-0.573412293212937,-0.346412458793507,1,1,2
"Moderate overlap","typical",19,49923,0.795603090687469,0.906666666666667,-0.060374501200708,1.52958492571662,1,0.114446928685267,0.271600807849516,0.430846228425876,1,1,2
"Moderate overlap","typical",19,28357,0.808145029531611,0,0.0272887085067155,2.1462108494935,1,0.314140656585703,-0.107738283815011,-0.458640875611677,1,3,1
"Moderate overlap","typical",19,32611,0.792443835380401,0.64,-0.0819123193887108,1.528205424848,1,-0.373478826459059,0.542787129690868,0.0527212107396929,1,2,1
"Moderate overlap","typical",19,3640,0.809594931186017,0.426666666666667,-0.00628882502368722,3.23433532683049,1,-0.435362435684819,1.37853316955925,1.0464104237715,1,2,2
"Moderate overlap","typical",19,23918,0.812082307284496,0.453333333333333,-0.0115932351495684,1.01518104448253,0,0.150545054196374,0.0581471408832086,0.245375512903597,2,1,2
"Moderate overlap","typical",19,31102,0.826239707144638,0,0.0693847788534896,5.12077849813623,1,-0.18461275591481,-0.205769018796579,-1.53883846349772,1,1,2
"Moderate overlap","typical",19,27964,0.80671697032541,0.453333333333333,0.00421209161598002,2.25671258293261,1,1.04462231263394,-0.0901197182906509,-0.601163386052295,2,2,1
"Moderate overlap","typical",19,27380,0.825605224258869,0.0533333333333333,-0.0254803972648285,6,0,-0.138431821895555,0.551968507230508,-0.0172177370959614,1,1,3
"Moderate overlap","typical",19,19726,0.801067611482184,0.693333333333333,-0.0357176168095727,1.97617113212695,1,0.212894117166853,0.593134367679077,0.607546935661483,1,2,1
"Moderate overlap","typical",19,23171,0.7876589026672,0,-0.10411556585337,1.78074422447368,1,-1.02574293400265,-2.20247186337762,-1.23540642986786,1,1,1
"Moderate overlap","typical",19,20096,0.808234938890846,0,-0.0291864185994255,4.17908502928445,1,-0.219045963749939,0.230928494991329,-0.0247375051425358,1,3,2
"Moderate overlap","typical",19,26194,0.827460260874369,0,0.186237162158174,1.79916016599276,1,-0.045048093149185,0.744639220192809,0.692543350958526,3,3,2
"Moderate overlap","typical",19,45686,0.829192697690524,0.733333333333333,0.199150162254591,1.5673602628544,1,1.1627411164239,0.500293009977614,0.720049974307957,3,2,2
"Moderate overlap","typical",19,48652,0.790114511528939,0.106666666666667,-0.0527894071860862,0.175038486126352,1,0.510080051474467,1.01604703343243,-0.625143319716183,2,2,1
"Moderate overlap","typical",19,15143,0.779569024260595,0.0533333333333333,-0.167136636141544,1.67041499384409,1,-1.65062124095464,0.219682420904246,-0.803465434380259,1,1,1
"Moderate overlap","typical",19,6380,0.810161418475234,0.426666666666667,0.00286112945739481,3.26953734353793,1,1.16437544062785,0.00669181499016773,1.0619439272987,1,2,2
"Moderate overlap","typical",19,12205,0.810766036020815,0.68,0.015097836195082,2.85974403745797,1,0.240692280811793,0.634384249681931,1.14622511520599,2,1,2
"Moderate overlap","typical",19,49848,0.823573662898255,0.12,0.154681476857327,1.92935827972842,1,1.06018654705301,0.344185209803425,0.834698473108589,3,2,3
"Moderate overlap","typical",19,2321,0.795838452105339,0,-0.0821852393444593,3.12536728739536,1,-3.6746697341257,-0.199784301586071,-1.05096975502969,1,1,1
"Moderate overlap","typical",19,8786,0.800580118758966,0.106666666666667,-0.0185492459042715,1.70061911990619,1,0.70589623474315,-0.960107352659114,-0.871332686323865,2,1,1
"Moderate overlap","typical",19,20901,0.779625904577609,0,-0.161405994476114,1.64925841269134,1,-2.4388156674649,-0.265934693963578,-0.762150071956145,1,1,1
"Moderate overlap","typical",19,2504,0.818054427244938,0.453333333333333,-0.021656929934075,3.54422915261239,0,0.713031611953167,-0.248437465211229,-0.248716214865176,2,1,2
"Moderate overlap","typical",19,24926,0.794858827928962,0.626666666666667,-0.0517910615838781,1.04521837706864,1,0.0584493794491429,0.454230782327637,0.238313792717941,1,2,2
"Moderate overlap","typical",19,44604,0.824742490508592,0.466666666666667,0.00789842702885757,6,0,0.668921720977969,-0.0345536231695862,-0.0347316568469442,2,1,1
"Moderate overlap","typical",19,1509,0.774322915374767,0.293333333333333,-0.177519168060747,0.765949374626455,1,-0.48201071800987,0.361362553261035,-0.935997237050121,1,2,1
"Moderate overlap","typical",19,25073,0.792895234830071,0.746666666666667,-0.087051733277518,1.73031209580893,1,0.0507596584597785,0.98075374802172,0.586647638452807,1,1,1
"Moderate overlap","typical",19,55,0.795557993427283,0.106666666666667,-0.0806809233629322,2.52261087398253,1,-0.644806454562313,-1.35713938492201,-1.20070911913005,1,1,1
"Moderate overlap","typical",19,31185,0.820106422417236,0.0933333333333333,0.0290082439995931,4.87263907261129,1,-1.0337386346328,-1.17666058179987,0.367565996878633,1,1,1
"Moderate overlap","typical",19,32764,0.826794530439253,0,0.182414158151667,1.78603709810985,1,0.274831395486208,0.515274557384557,0.847031202391435,3,3,3
"Moderate overlap","typical",19,32693,0.819796558744065,0.36,0.0285279465234329,4.66200111688998,1,-0.82220118725527,-0.95663860223615,0.124487381872345,1,1,1
"Moderate overlap","typical",19,36542,0.797834113200282,0.973333333333333,-0.0734791496448888,2.5576107761566,1,0.477508013940336,0.453416770584811,-0.34948798706035,1,1,1
"Moderate overlap","typical",19,46930,0.810305775753723,0.28,-0.0149875322998416,3.71530570935003,1,-1.04192161536001,-0.836956220229392,-0.877339692873901,1,1,1
"Moderate overlap","typical",19,46800,0.813812279771054,0.453333333333333,0.00564561165382704,3.96028715481773,1,0.965880005561003,-0.479208473343356,-0.625438633118397,1,2,1
"Moderate overlap","typical",19,5108,0.818032413695489,0.106666666666667,0.102863135865733,1.9713035922525,1,1.2515862162213,1.22976831707997,0.388975595926654,2,3,2
"Moderate overlap","typical",19,2854,0.793848803758386,0,-0.0651371507425123,2.10194644111898,1,-2.57213259138545,-2.51208693804393,-0.537431043077882,1,1,1
"Moderate overlap","typical",19,38569,0.791466295096777,0,-0.0555685421995538,0.98466752451205,1,-1.19351935192362,-1.61728241803913,0.00643405496790592,1,1,2
"Moderate overlap","typical",19,32182,0.864648196736276,0.106666666666667,0.53897810207391,0.95032290666567,1,2.19865429310994,1.8696407728715,2.93631120140083,3,3,3
"Moderate overlap","typical",19,6185,0.802123112093237,0.0533333333333333,-0.0494410247172055,2.75973625617578,1,0.391565024082278,1.70997459250398,-0.257243193323432,1,2,2
"Moderate overlap","most_exchangeable",38,6751,0.997078024246533,0.76,2.73092395947449,3.43254819561466,1,-0.733397659764284,-0.380324176279983,-0.307045766421457,1,1,1
"Moderate overlap","most_exchangeable",38,31874,0.996963167185861,0.84,3.05936554799093,2.03941521976532,1,-0.430118786658551,-0.396760481689291,-0.667276887191882,1,1,1
"Moderate overlap","most_exchangeable",38,19789,0.997216664434937,0.52,3.04703342530477,2.48776253211841,1,0.526767864782844,1.17497698526772,-0.163964316434546,1,2,2
"Moderate overlap","most_exchangeable",38,31459,0.997060986775608,0.213333333333333,3.18398159960735,1.62115715904258,1,-1.211836702957,-1.73521213747894,-0.638858699108389,1,1,1
"Moderate overlap","most_exchangeable",38,37609,0.99646530296511,0.306666666666667,1.92355599045315,5.93516569218353,1,1.04616198988988,1.29986890258676,-0.580938284497671,2,2,2
"Moderate overlap","most_exchangeable",38,9094,0.997064134568666,0.373333333333333,2.47967077726997,4.46200998410672,1,-0.145477659213377,0.0986548322312229,0.068399906447682,2,1,2
"Moderate overlap","most_exchangeable",38,32866,0.997325167357487,0.186666666666667,3.12926670451282,2.26814184312954,1,-0.469017479897168,0.862918787540778,2.2140907134044,2,2,2
"Moderate overlap","most_exchangeable",38,2307,0.991807058683582,0.213333333333333,-0.37495681522883,1.59352014306933,0,0.0717899804669259,-0.820535080597296,-2.12465093245258,1,1,1
"Moderate overlap","most_exchangeable",38,36615,0.997066275105332,0.64,2.6396682441985,3.81694609481992,1,0.257758655756924,0.78495313432888,-0.28487170247952,1,1,1
"Moderate overlap","most_exchangeable",38,15729,0.99700367907159,0,2.624515387303,3.86553212032025,1,-1.07140135470433,0.452207403911548,0.0313314107152961,2,2,1
"Moderate overlap","most_exchangeable",38,43642,0.992673169385822,0.04,-0.153594266585707,0.519917633518983,0,-0.464143937834449,0.328684337709137,2.08859187196281,2,1,3
"Moderate overlap","most_exchangeable",38,10845,0.996511136229757,0.04,2.01263311420067,5.99858242852998,1,-0.695980608004109,0.635611984914854,-0.383403129511641,1,2,1
"Moderate overlap","most_exchangeable",38,48619,0.997010859384809,0.413333333333333,3.23010845906581,1.30607408837544,1,-0.947513561601985,0.134666106430333,0.960461502889394,1,1,1
"Moderate overlap","most_exchangeable",38,4223,0.997485574820776,0.36,3.34856057732008,1.80303998441893,1,1.1571709873158,0.536151511751918,-0.0962462484567299,3,2,2
"Moderate overlap","most_exchangeable",38,1652,0.997646611511073,0.746666666666667,3.43062713049301,1.71355192459259,1,1.51582123799085,1.33224766831781,1.47380711547227,3,3,3
"Moderate overlap","most_exchangeable",38,41428,0.983856888945207,0.48,-1.26071429980138,5.27324296999723,0,-1.20142916947322,-1.11928128107788,-0.284371988255377,1,1,1
"Moderate overlap","most_exchangeable",38,1324,0.983982736656581,0,-1.282183759908,6,0,-2.34455688678769,-1.63148591731679,-1.96566070564334,1,1,1
"Moderate overlap","most_exchangeable",38,46465,0.997097691898263,0.506666666666667,2.74178636919775,3.42752764190355,1,-0.852573549690088,-1.52684338701191,-0.461185538611991,1,1,1
"Moderate overlap","most_exchangeable",38,9469,0.99697370817375,0.306666666666667,2.23165788419013,5.4890571245669,1,-0.376913137618968,-1.64989971044206,-1.72038228168891,1,1,1
"Moderate overlap","most_exchangeable",38,13300,0.997486494422016,0.293333333333333,3.85257322699994,0.184127827174075,1,-0.0872477423349097,-0.412854458729296,-0.510407668623723,1,2,2
"Moderate overlap","most_exchangeable",38,22772,0.997455012782521,0.04,3.71701654032878,0.710087100719471,1,0.153285456722927,2.27213559625734,1.087915152671,2,3,2
"Moderate overlap","most_exchangeable",38,17980,0.996894168372028,0,3.20222186352605,1.5287743857865,1,-0.934591019530592,-2.22709081771248,-1.81287763236778,2,1,1
"Moderate overlap","most_exchangeable",38,45617,0.997780284756567,0.4,3.80104409166681,0.932649933270746,1,1.98521349192176,0.904986192855292,0.416176469079978,2,3,3
"Moderate overlap","most_exchangeable",38,49860,0.997019593282776,0.88,2.94417818464826,2.52634157721657,1,-0.267891038098027,-0.0442521730998853,-0.376231485644835,1,1,1
"Moderate overlap","most_exchangeable",38,6016,0.996590742670566,0,2.17421342381802,5.29084817036046,1,-0.877656156045756,-1.24377762744801,-1.36418132946763,2,2,1
"Moderate overlap","most_exchangeable",38,18270,0.997253859634661,0.426666666666667,3.11872565737475,2.33695549053048,1,1.46825985572892,-0.198362708524828,0.874146052769697,3,2,2
"Moderate overlap","most_exchangeable",38,24809,0.997325346432705,0.52,3.33655999597303,1.65033718912016,1,1.37661589300833,1.73695059399818,0.322805697676149,1,2,2
"Moderate overlap","most_exchangeable",38,6534,0.9971182436036,0,2.32654815474535,5.26832992127069,1,-1.48506798070575,-0.222186963288773,-1.98548255688785,1,1,1
"Moderate overlap","most_exchangeable",38,15754,0.997044234210105,0,2.96895864506471,2.67983624600601,1,-0.021826941018621,-0.752298020483883,-0.73304506180208,1,1,3
"Moderate overlap","most_exchangeable",38,28101,0.996993646701074,0.293333333333333,2.49942977602317,4.2975736714387,1,0.52282291488274,-0.83587214858851,-0.0521453858373621,1,1,2
"Moderate overlap","most_exchangeable",38,18636,0.995318158535307,0.106666666666667,2.08165629803512,4.3356775081813,1,0.564709771997362,0.510096030022863,1.23339872315338,3,3,2
"Moderate overlap","most_exchangeable",38,9294,0.996852346719809,0.04,2.87034396956985,2.73884288663023,1,-0.460306329966643,-0.213854605206181,-1.95100747388646,1,1,1
"Moderate overlap","most_exchangeable",38,31425,0.981688860580314,0.64,-1.4047251499693,6,0,0.533018319182562,1.02819864948288,0.1232708092095,1,1,1
"Moderate overlap","most_exchangeable",38,13232,0.98465488479376,0,-1.24034914673747,6,0,-2.15954897993767,-0.47428088336834,-1.0910006065759,1,1,1
"Moderate overlap","most_exchangeable",38,39088,0.996876966920458,0,3.12035715994466,1.8057129026854,1,-2.17794438240461,-0.619790679453184,0.0779114748125164,1,1,2
"Moderate overlap","most_exchangeable",38,44492,0.99752461390885,0.0133333333333333,3.60039503486508,0.97834944499046,1,1.19612599571338,2.49592035443302,0.784127521662833,1,3,1
"Moderate overlap","most_exchangeable",38,44434,0.997437973097792,0.6,3.51060550315604,1.01471696170177,1,0.721980516523972,0.52827290912584,-0.332181201411544,1,2,1
"Moderate overlap","most_exchangeable",38,49665,0.997558324018231,0.733333333333333,3.4417715796273,1.6358016518205,1,0.958851184861016,1.46516209923138,1.2932400097268,2,3,3
"Moderate overlap","most_exchangeable",38,37555,0.980154415269995,0.213333333333333,-1.49685325483077,6,0,-0.491335459122533,-1.91723051771954,-1.72360384147195,1,1,1
"Moderate overlap","most_exchangeable",38,3226,0.997547908431624,1,3.61093000671309,0.89369604168677,1,0.732916188011683,1.31447216499038,1.48176209646038,2,2,2
"Moderate overlap","most_exchangeable",38,36531,0.997908076470323,0.213333333333333,4.06630801654599,0.295364537634108,1,0.864836053814553,0.852004419997472,1.02254880824852,3,2,3
"Moderate overlap","most_exchangeable",38,8186,0.996923977312736,0,2.72194040393295,3.35928590721988,1,-1.44544986039025,-0.388329202551498,-1.87207712568796,1,1,1
"Moderate overlap","most_exchangeable",38,8691,0.996852986175186,0.533333333333333,3.2654895542282,1.38053586980894,1,0.286325740680525,0.881553017755601,0.383054137758751,1,1,2
"Moderate overlap","most_exchangeable",38,48486,0.997259559265071,0.16,3.56256691129213,0.905172532613806,1,-0.204283369618119,0.0147605312238764,-1.01682510536527,1,2,2
"Moderate overlap","most_exchangeable",38,26419,0.997007194987779,0,2.80381167927214,3.11674611504329,1,-1.5875406188876,-2.51925928001022,-2.6332517492171,1,1,1
"Moderate overlap","most_exchangeable",38,38559,0.997292054421953,0.48,3.14709706458584,2.17140943695429,1,-0.492525700765258,1.02352587353313,0.879037498975743,1,2,2
"Moderate overlap","most_exchangeable",38,35746,0.981637651981041,0.0133333333333333,-1.42048724269287,6,0,-0.767730248616787,-1.85582103958027,-2.40795596165453,1,1,1
"Moderate overlap","most_exchangeable",38,36809,0.996845826258277,0.773333333333333,2.29285252627316,5.15852663584363,1,0.18425308638209,-0.869648844427884,0.10572533608086,1,1,1
"Moderate overlap","most_exchangeable",38,7279,0.997159486173038,0,2.92325360603278,2.78364878066285,1,-0.401032140365813,-1.73239250435825,0.660936629297983,2,1,1
"Moderate overlap","most_exchangeable",38,24834,0.997147121846195,0.64,3.05169913199074,2.33518502505817,1,0.472767336126055,0.16936702544868,0.8477660172292,1,1,2
"Moderate overlap","most_exchangeable",38,25577,0.996742374645456,0.76,3.31061537938993,0.926116645132687,1,-0.500523473293988,-0.200039960417743,-0.551236722804976,1,1,1
"Moderate overlap","most_exchangeable",38,36472,0.997039670114284,0.293333333333333,2.72682873674271,3.41652380452872,1,-1.16828513163182,-0.633019571210377,-1.0192036834763,1,1,1
"Moderate overlap","most_exchangeable",38,5773,0.997365254677036,0.0133333333333333,3.28744264967871,1.81565009120737,1,1.765570022119,-0.548279425765283,-1.7867003301788,1,2,1
"Moderate overlap","most_exchangeable",38,39809,0.996547682356321,0.186666666666667,2.32121713252813,4.43242624397717,1,0.315660857120609,0.583205347537783,0.572746844473582,1,2,3
"Moderate overlap","most_exchangeable",38,8949,0.997373859058786,0.0133333333333333,3.37784380942379,1.33050065160337,1,-1.11797250741654,-0.517302533867423,-0.559600626774261,1,2,1
"Moderate overlap","most_exchangeable",38,29574,0.998257528430006,0.506666666666667,4.10925280677526,0.633173893546995,1,2.71089844081094,0.950293757538835,1.39404770498929,3,3,3
"Moderate overlap","most_exchangeable",38,2649,0.997068273550455,0.506666666666667,2.75451719445078,3.39224522069659,1,0.218380896492046,-0.0245610964590281,-0.444753477016747,1,2,1
"Moderate overlap","most_exchangeable",38,18151,0.996857111795792,0.186666666666667,2.54855983316413,4.02387884661126,1,0.266500218431103,-0.119589741220424,-0.0661452038699352,2,2,1
"Moderate overlap","most_exchangeable",38,41143,0.996818196254031,0.213333333333333,2.3856489582134,4.56711512996942,1,-0.86286477567302,0.776721727938079,0.459587092442659,1,2,2
"Moderate overlap","most_exchangeable",38,28082,0.974601452785988,0,-1.75032537175113,6,0,-0.256141642332772,0.175667762573592,-1.16761290993359,2,2,1
"Moderate overlap","most_exchangeable",38,213,0.997522328199152,0,3.75887342083641,0.617787080660557,1,-0.613877869318662,-0.138689681259104,0.52817996208497,2,2,3
"Moderate overlap","most_exchangeable",38,23254,0.99678917499305,0.186666666666667,3.24383557229143,1.39499603890331,1,-1.08120615788301,-0.564215111202226,-0.579093505839144,1,1,2
"Moderate overlap","most_exchangeable",38,20720,0.99723515218112,0.2,3.07894519437822,2.30529292150853,1,0.18320460734424,1.53151894988922,0.347475957992726,1,2,1
"Moderate overlap","most_exchangeable",38,36107,0.996924079006447,0.186666666666667,3.30239525033903,1.0487945406897,1,-1.49099777776029,-1.61412114918297,-0.72721833971591,1,1,1
"Moderate overlap","most_exchangeable",38,35464,0.978614506838752,0.626666666666667,-1.55646187272753,6,0,-0.455818343635697,-0.168347400690099,0.195260140383486,1,1,2
"Moderate overlap","most_exchangeable",38,9445,0.997594388818223,0.0666666666666667,3.50453550883166,1.47575008973758,1,-0.0821403125921444,0.762788192377729,0.728559713918099,1,3,3
"Moderate overlap","most_exchangeable",38,37367,0.997122850264303,0,3.32727716896535,1.35944775318656,1,-0.518833669439442,0.681941450665265,-1.16412218554274,1,2,1
"Moderate overlap","most_exchangeable",38,47180,0.997031519681335,0.72,2.82118303605326,3.06653604791469,1,0.295105806130361,-0.284931836180702,-1.29606183929164,1,1,1
"Moderate overlap","most_exchangeable",38,32020,0.996958059945707,0.533333333333333,3.17748943893916,1.52404496460224,1,-1.11549253820907,-0.664429458316898,-0.166975485933225,1,1,1
"Moderate overlap","most_exchangeable",38,48041,0.99543283216372,0.04,2.09729735552827,4.50304004691794,1,1.006596047314,0.377962292110793,0.231907260829409,3,3,1
"Moderate overlap","most_exchangeable",38,14548,0.998252724501247,0.306666666666667,4.20029552530615,0.369137424679617,1,1.03060010586819,0.656690351929199,1.17016956680311,3,3,3
"Moderate overlap","most_exchangeable",38,86,0.997377535361179,0.773333333333333,3.25417963677936,1.94854987567482,1,0.849193162702715,0.00257272120723245,-0.0345256840989537,2,2,2
"Moderate overlap","most_exchangeable",38,20766,0.99697467964437,0.613333333333333,2.76770669881692,3.20323637675244,1,1.42294388490703,0.62014658860979,0.980687233711476,2,2,3
"Moderate overlap","most_exchangeable",38,36402,0.996592116863697,0,2.08999024816937,5.53514826896959,1,-1.43286616475548,-0.172458655672446,-0.521825128954197,1,2,2
"Moderate overlap","most_exchangeable",38,49905,0.979209980614341,0.213333333333333,-1.54204198967416,6,0,-0.395599007775504,-0.401576114126461,-0.254931890689074,2,1,2
"Moderate overlap","most_exchangeable",38,7951,0.978713182015262,0.373333333333333,-1.54944798145207,6,0,-0.073935324351135,-0.34754914807709,-0.798423705525138,1,1,2
"Moderate overlap","most_exchangeable",38,44600,0.997115935598231,0.04,3.17533210592057,1.78376832264461,1,-0.195802974674817,-1.81900310557697,-0.705527050634294,2,1,1
"Moderate overlap","most_exchangeable",38,28184,0.996893068220827,1,2.58164776509473,3.83796992593231,1,0.563549718731,0.67712447452277,0.954936671420401,2,2,2
"Moderate overlap","most_exchangeable",38,1543,0.9970628624253,0.573333333333333,2.60914822590079,3.93706993529167,1,-0.112203092223847,-0.491293122176364,0.398969325044149,1,1,2
"Moderate overlap","most_exchangeable",38,15601,0.996920249997727,0.64,3.04873613520804,2.01192536538131,1,-0.515719877213097,0.330956101567843,-0.106239257971167,1,1,1
"Moderate overlap","most_exchangeable",38,49515,0.997400969149583,0.133333333333333,3.27410958741511,1.80684693042538,1,1.11186103503051,-0.875934639251211,0.363350932975391,3,1,1
"Moderate overlap","most_exchangeable",38,21840,0.996957512296319,0.506666666666667,3.22235807683485,1.57906278860888,1,0.129371339380555,0.765052798615485,0.983982012,2,1,2
"Moderate overlap","most_exchangeable",38,43184,0.997117856284245,0,2.28812703104535,5.44272611560803,1,-1.61296116374978,-0.226466426632266,-1.3797012387897,1,1,1
"Moderate overlap","most_exchangeable",38,30624,0.997233991807069,0.293333333333333,3.47144110162914,0.939214569315354,1,0.238272768171569,-0.649528423041619,1.17836480110657,2,1,2
"Moderate overlap","most_exchangeable",38,19039,0.997774113641602,0.04,3.62210900000147,1.30694377023512,1,0.71748219759414,0.0224155312201848,1.21381154997618,2,3,3
"Moderate overlap","most_exchangeable",38,45890,0.997549762883962,0.04,3.36727104521016,1.7908811571607,1,0.0523733287922069,1.97461154921055,2.80591187761827,1,3,3
"Moderate overlap","most_exchangeable",38,29093,0.997826244960748,0,3.88375991302533,0.651842199725867,1,0.349509568057122,1.80114934336169,0.781584915451379,3,3,2
"Moderate overlap","most_exchangeable",38,40444,0.997419694354634,0.413333333333333,3.24217094071748,2.07064839763475,1,0.805466065593739,0.0543007934184623,1.2136049492088,3,2,2
"Moderate overlap","most_exchangeable",38,19238,0.997479306017756,0.106666666666667,3.36870714803779,1.68818506899743,1,1.23595587260552,-0.484041431238659,-0.331665681556536,1,2,2
"Moderate overlap","most_exchangeable",38,32727,0.996511214301352,0.0266666666666667,2.08227079012621,5.39385221922418,1,-0.53301202340372,-0.663407773251643,-1.13875170998873,1,2,2
"Moderate overlap","most_exchangeable",38,20035,0.997347270083185,0.373333333333333,3.19325366591829,2.0343022007719,1,0.35004067751048,-0.396865366902304,-0.805901297879733,1,2,1
"Moderate overlap","most_exchangeable",38,27258,0.997270722360495,0,3.0750493793229,2.39769122140375,1,-0.350930458798941,1.21526616198028,1.48254269206727,3,3,3
"Moderate overlap","most_exchangeable",38,36167,0.997532074532387,0.0133333333333333,3.32343048599708,1.90982267702313,1,0.259499225377687,0.0163315418200147,0.635372738416519,3,3,2
"Moderate overlap","most_exchangeable",38,13382,0.997035585815822,0.866666666666667,2.36684001483737,4.94358819153093,1,0.802122038650058,0.0759141475899115,-0.73158802035603,1,1,1
"Moderate overlap","most_exchangeable",38,39870,0.998095886229211,0.186666666666667,3.92871321314622,0.82553522329055,1,0.58421822151315,0.885378682740112,1.77393421715876,3,3,3
"Moderate overlap","most_exchangeable",38,2808,0.982108161782771,0.293333333333333,-1.39292372122714,6,0,-1.4648740922861,-0.916601291765734,-0.220295467951189,1,1,1
"Moderate overlap","most_exchangeable",38,18176,0.996125749660213,0.0133333333333333,1.88940927824232,5.80063611524011,1,-0.0626855969484628,-1.0693857243234,-0.963566971808871,2,2,2
"Moderate overlap","most_exchangeable",38,6887,0.997063435047178,0.2,2.79412429364034,3.17606833498492,1,-1.14783093934327,-1.618648743157,-1.3889129547474,1,1,1
"Moderate overlap","most_exchangeable",38,34304,0.996783318529006,0.693333333333333,2.52034844903228,4.03073442058313,1,0.24886103090106,0.971952803537993,1.32506103091646,1,2,2
"Moderate overlap","most_exchangeable",38,36035,0.996839905497031,0,2.94316565109754,2.38883351307604,1,-2.09404064929479,-1.70779515502158,-2.10977735175109,1,1,1
"Moderate overlap","most_exchangeable",38,4030,0.997110383012675,0.52,2.99648061355633,2.51570978295329,1,-0.191588335737428,-0.734583095637937,-0.0557491886741798,1,1,2
"Moderate overlap","most_exchangeable",38,4319,0.997048563512585,0.52,3.3446280582735,1.29635045575183,1,0.878554655054967,0.0401325001936975,0.200343975674654,1,1,2
"Moderate overlap","most_exchangeable",38,28668,0.997971180496198,0.373333333333333,3.86784425684087,0.852788740823861,1,1.63215595406358,0.492682889684833,1.7121231846486,3,2,3
"Moderate overlap","most_exchangeable",38,43480,0.997091983681677,0.6,2.86778415976976,2.98273268930823,1,0.710094360792047,0.618238250624181,1.09653809126959,2,2,3
"Moderate overlap","most_exchangeable",38,20141,0.997093949434687,0.0133333333333333,2.90541751166439,2.87723786445994,1,0.314141168764814,-0.538084971528817,0.348620359945246,2,2,3
"Moderate overlap","most_exchangeable",38,11910,0.99719028105723,0.6,2.9682409556456,2.73598417879119,1,0.544591691483278,0.979543018773467,1.05916970026722,2,2,3
"Moderate overlap","most_exchangeable",38,40478,0.997050252062295,0.426666666666667,2.89514897713028,2.74120950073703,1,-1.11830798314903,-1.18099949882111,-0.855778315815313,1,1,1
"Moderate overlap","most_exchangeable",38,40619,0.997018930866676,0.08,2.75157233855301,3.36287635393074,1,-1.08968864796457,-0.161656445748461,-0.659387353102881,1,1,2
"Moderate overlap","most_exchangeable",38,8680,0.99707706113159,0.506666666666667,2.60999330418968,3.95049795516593,1,-0.101855551061432,-0.251242720276257,-0.581614176719514,1,1,2
"Moderate overlap","most_exchangeable",38,29665,0.997080192359913,0,2.43396343467035,4.71574495089527,1,-1.54114797615433,-1.89655449869426,-2.14934730698004,1,1,1
"Moderate overlap","most_exchangeable",38,5405,0.996463019788911,0,3.21343667495777,1.14559907884151,1,-1.36725493293296,-1.0528788809403,-2.13364917719833,1,1,1
"Moderate overlap","most_exchangeable",38,11349,0.997035942689944,0.72,3.11490293777624,2.02841020112861,1,0.183353112821169,0.339838963914543,0.392867831261226,1,1,2
"Moderate overlap","most_exchangeable",38,27714,0.99754017541994,0.786666666666667,3.68156711678419,0.736338794088011,1,0.522107656104069,0.0339328793498732,0.190100745080897,2,2,2
"Moderate overlap","most_exchangeable",38,24722,0.997441746546573,0.293333333333333,3.28339654637755,1.85851743229968,1,-0.315176061715157,-0.312039680573196,0.996969908572691,2,2,2
"Moderate overlap","most_exchangeable",38,15626,0.990262068291047,0.386666666666667,-0.512919966852678,1.29241826944053,0,1.10360243059077,1.9910939781173,0.611192439175983,1,3,2
"Moderate overlap","most_exchangeable",38,7488,0.997134931092054,0.72,2.96545881082324,2.53572575408519,1,-0.599190685325154,-0.997969263717934,0.0735142513200241,1,1,1
"Moderate overlap","most_exchangeable",38,34408,0.960209412403941,0.2,-2.17148088414969,6,0,-0.0164011184047729,-0.678182622410047,-0.0171335491203958,1,2,2
"Moderate overlap","most_exchangeable",38,39276,0.997413447091801,0,3.88841118912847,0.373682584615024,1,1.35627312899908,-0.640904308116231,0.196275361568624,3,1,3
"Moderate overlap","most_exchangeable",38,20038,0.997124175234878,0.546666666666667,3.18562425842107,1.86821580692834,1,0.804003747713618,0.146829638418739,0.531523636869796,1,1,2
"Moderate overlap","most_exchangeable",38,34500,0.997205495197864,0.466666666666667,2.96849821379932,2.7003470359037,1,0.34057578233004,0.839246718057241,-0.262183815191405,1,2,1
"Moderate overlap","most_exchangeable",38,47424,0.996988547099049,0.0133333333333333,2.81557245753573,3.14074551041768,1,0.831926296105919,0.0709742606082944,1.43987834449766,3,1,3
"Moderate overlap","most_exchangeable",38,27091,0.997486526929414,0.653333333333333,3.29764967286413,1.95060567101537,1,2.12094765709459,1.38502362886392,1.77786243245278,3,2,2
"Moderate overlap","most_exchangeable",38,10955,0.997093582528663,0.213333333333333,3.23941163697454,1.81286186028027,1,0.706928586139186,0.143614997984402,0.701878433115389,2,1,3
"Moderate overlap","most_exchangeable",38,20994,0.997689777816811,0,3.76537668031654,0.616377855993752,1,0.445163145702459,-0.220370293006856,-0.970034091455884,3,2,1
"Moderate overlap","most_exchangeable",38,41295,0.997343747383367,0.506666666666667,3.13950777031799,2.25710787261225,1,1.28718979266767,2.33448421325925,1.71941273644454,3,3,3
"Moderate overlap","most_exchangeable",38,12629,0.997454930901987,0.04,3.78211577283069,0.279317259342142,1,-1.11226859508106,-0.640332040296584,-0.294625928591039,1,2,2
"Moderate overlap","most_exchangeable",38,12973,0.99706275977656,0.173333333333333,2.57294965839734,4.0947476571546,1,0.547272770080988,0.0112469171214655,-1.21233683486804,1,1,2
"Moderate overlap","most_exchangeable",38,3839,0.997949949231353,0.106666666666667,3.76117689152489,1.15977326303216,1,1.35441211119331,0.0271950335549819,0.649741400087334,3,3,3
"Moderate overlap","most_exchangeable",38,16359,0.996946295067307,0.04,3.09453932257527,1.86065545465513,1,-1.73819456541015,-1.72735942002943,-1.155275988273,1,1,1
"Moderate overlap","most_exchangeable",38,21006,0.997080290150353,0.76,2.56425523032871,4.14527663718107,1,0.249547960098347,-0.25974779814571,-1.20282807258467,1,1,1
"Moderate overlap","most_exchangeable",38,30481,0.996927351600937,0.186666666666667,2.63505813637196,3.60789259408731,1,0.66280785567866,0.781855795352565,0.399509616954553,1,2,3
"Moderate overlap","most_exchangeable",38,42656,0.996935395872891,0.466666666666667,3.32151705178666,1.07619292664713,1,0.337856547838822,-0.153095390198335,-0.0387703976680519,2,1,1
"Moderate overlap","most_exchangeable",38,19531,0.996848744581719,0.453333333333333,3.3354050868635,1.14739866529272,1,-0.0835148203299121,0.0717158892463202,0.213395196976909,2,1,2
"Moderate overlap","most_exchangeable",38,26697,0.997074854397363,0.186666666666667,2.54992332244826,4.20455579435282,1,-0.852306513488461,-1.71351101384018,-1.76024673071138,1,1,1
"Moderate overlap","most_exchangeable",38,30202,0.997347339710683,0.293333333333333,3.31219717395659,1.83330276259627,1,0.369729207806269,1.7352260980283,0.376945936091892,1,3,2
"Moderate overlap","most_exchangeable",38,14910,0.988319927957109,0.0666666666666667,-0.807443423938041,2.95032530557364,0,1.72282238790054,-1.06352744262961,-1.57527242409484,1,1,1
"Moderate overlap","most_exchangeable",38,9613,0.996721472508557,0,3.47266756122847,0.97256631508916,1,0.829156929416288,-0.254741411078927,-0.929057292250502,2,1,3
"Moderate overlap","most_exchangeable",38,31277,0.99724133275186,0,3.12692708809197,2.10372960303322,1,-1.51309996771249,-0.129615946323659,-0.510810645451657,1,2,1
"Moderate overlap","most_exchangeable",38,32402,0.996442370243745,0,3.1378454635276,1.37248066820569,1,-1.20218607702004,0.0189358215337009,-1.50365307523803,1,1,1
"Moderate overlap","most_exchangeable",38,31013,0.997043722631105,0.266666666666667,2.90001875708233,2.84864227492714,1,0.130962963362781,-0.522180873663413,-0.606264709017535,2,1,2
"Moderate overlap","most_exchangeable",38,44099,0.997611948517485,0.0666666666666667,3.47156781086111,1.61448287549068,1,0.904189042844121,2.50645256067902,1.36357590885824,3,3,3
"Moderate overlap","most_exchangeable",38,14513,0.997004516989399,0.426666666666667,2.7781299496277,3.18721964923442,1,-0.649539729223851,-0.179409775904335,-1.07491565693174,1,1,1
"Moderate overlap","most_exchangeable",38,33340,0.996628018210887,0.253333333333333,3.3295825541195,0.959272480554537,1,-0.622669895453036,0.848012892480328,0.36742954745461,1,1,2
"Moderate overlap","most_exchangeable",38,42363,0.998136970929955,0.213333333333333,4.05488999620438,0.438020994924672,1,0.783187866537818,1.25258501072189,1.44980487749885,3,3,2
"Moderate overlap","most_exchangeable",38,34693,0.997219087173331,0.0133333333333333,3.08117077177737,2.32088698703707,1,0.286546843738069,-1.00301834244331,-0.754623339069596,3,1,1
"Moderate overlap","most_exchangeable",38,33103,0.996487140863602,0.613333333333333,2.10997644651305,5.32254324538436,1,-0.158710316543688,0.510441584866768,0.119351966041644,1,2,2
"Moderate overlap","most_exchangeable",38,28215,0.996672646834192,0.0133333333333333,3.12493464706626,1.50650887106313,1,-1.86055612804799,-0.620827178791889,-1.01402113322513,1,1,1
"Moderate overlap","most_exchangeable",38,8447,0.997020887849976,0.213333333333333,2.81999948346164,2.98696945144938,1,-1.45797668717082,-0.251433826297764,-0.173270207599044,1,1,1
"Moderate overlap","most_exchangeable",38,46134,0.996873428211968,0,2.74103198984264,3.24628419331084,1,-0.998546618363993,0.81744402597935,-0.655719436354877,2,1,1
"Moderate overlap","most_exchangeable",38,37824,0.997348203583977,0.426666666666667,3.30726943241977,1.58163167988434,1,0.189707299966526,1.01410789273551,0.19352520799091,1,2,1
"Moderate overlap","most_exchangeable",38,41252,0.997078004192914,0.76,2.47671521005983,4.51730267370674,1,0.45094624406561,0.340854061079185,-0.749222501941153,1,1,1
"Moderate overlap","most_exchangeable",38,27813,0.996231290376775,0,2.11582754561002,4.8795314530954,1,0.295755102885573,-0.922832745401697,-0.761699152799353,2,2,3
"Moderate overlap","most_exchangeable",38,36743,0.996931046489234,0.64,3.43014310020676,0.819568815448045,1,-0.199846436154422,0.297175805466462,0.823446640942558,1,1,2
"Moderate overlap","most_exchangeable",38,27793,0.997361733031977,0.52,3.46685215485065,1.19992177795382,1,-0.355390347872507,0.582733790429002,0.177009978048969,1,2,2
"Moderate overlap","most_exchangeable",38,2294,0.996945355751891,0.6,3.10137967818838,1.8784255934393,1,-0.719806918971724,-1.05136026642243,-1.12591435475168,1,1,1
"Moderate overlap","most_exchangeable",38,5981,0.99709488201506,0.92,2.95820562698385,2.53460312740336,1,-0.394960444977956,-0.686728813250938,-0.231827463775484,1,1,1
"Moderate overlap","most_exchangeable",38,44598,0.997071602099529,0.946666666666667,2.52586205426293,4.29824631526076,1,0.128195560297526,-0.559351353226219,-0.822431008184691,1,1,1
"Moderate overlap","most_exchangeable",38,46061,0.982749127908202,0.04,-1.36427165669263,6,0,-1.45337632511301,-1.52316388558876,-1.72885349322395,1,1,1
"Moderate overlap","most_exchangeable",38,32788,0.99694431442888,0.306666666666667,2.44032870813534,4.6382985488302,1,-1.07979375373368,-0.987285940552314,0.623219161716034,1,1,1
"Moderate overlap","most_exchangeable",38,27794,0.996796242990373,0.213333333333333,2.14972892649434,5.68427915384754,1,0.263122405991186,-1.950484091747,-1.57458184748858,1,1,1
"Moderate overlap","most_exchangeable",38,20542,0.990982900066516,0.0666666666666667,-0.51649080847119,2.22526787774052,0,-1.40343663215646,-1.62835614186396,-1.50523988809409,1,1,1
"Moderate overlap","most_exchangeable",38,45324,0.967413055307676,0.52,-1.89390251209383,3.69467705402903,0,2.15963758968829,1.62258595650994,0.649108961341764,3,3,2
"Moderate overlap","most_exchangeable",38,31610,0.997569325692657,0,3.82590747588606,0.410500514248959,1,-0.0229916881472271,-0.653886666365748,-1.71281865773679,2,3,1
"Moderate overlap","most_exchangeable",38,37244,0.99750102426853,0.64,3.47616484198168,1.33373912746054,1,0.41114428985797,-0.298045065788752,0.144349146847846,2,2,2
"Moderate overlap","most_exchangeable",38,615,0.996916194511663,0.0666666666666667,2.62427462501123,3.67501994002032,1,-0.301097396588297,0.595571934645889,0.701207172784686,1,2,3
"Moderate overlap","most_exchangeable",38,23430,0.997997928217115,0.746666666666667,3.80565365637544,1.08469340392516,1,1.99586405544432,1.11389307024846,1.43771336137211,3,3,3
"Moderate overlap","most_exchangeable",38,211,0.997154028621662,0.186666666666667,3.14162607654163,1.99505364107397,1,-0.871354568629743,-1.18861778450372,0.430618053074315,1,1,2
"Moderate overlap","most_exchangeable",38,34259,0.996358841586781,0.04,2.18390973212594,5.01303468353494,1,0.643243683285094,-0.783766301777879,0.382650368605635,3,1,2
"Moderate overlap","most_exchangeable",38,14703,0.997285220631272,0.12,3.09512015073467,2.36519091704087,1,2.23830916761083,0.776158200708702,-0.641920265189623,1,2,1
"Moderate overlap","most_exchangeable",38,41103,0.997007504794304,0.506666666666667,2.96452283387795,2.56874336860947,1,-0.122876986380024,-0.10377508027564,-0.489584837537071,1,1,2
"Moderate overlap","most_exchangeable",38,45684,0.997276233509323,0.306666666666667,3.12194782443946,2.33876745010222,1,0.176613711760743,1.21988323915445,0.567998415487826,1,3,2
"Moderate overlap","most_exchangeable",38,23886,0.988867442102005,0.173333333333333,-0.725022726359717,2.25575855001807,0,0.185572537593116,-0.720621951267202,-1.33002044005968,1,2,1
"Moderate overlap","most_exchangeable",38,18747,0.996929420957863,0.84,2.12753017285636,5.95043284854852,1,-0.349478530213488,-0.850451585240062,-0.898000581346322,1,1,1
"Moderate overlap","most_exchangeable",38,47189,0.995714938518111,0.0133333333333333,1.87161666004346,5.6620399671971,1,-0.65388477788839,0.0754686830298709,1.08514566786092,2,2,3
"Moderate overlap","most_exchangeable",38,11556,0.997353813084151,0.0133333333333333,3.39186697633932,1.44026430840705,1,-1.09048700661584,-0.652084544578786,-0.584907122507404,1,2,2
"Moderate overlap","most_exchangeable",38,28393,0.997421943803538,0.293333333333333,3.22714825431742,2.0751290586158,1,1.28979163122306,0.380274829874494,0.0161630335201603,3,2,1
"Moderate overlap","most_exchangeable",38,9570,0.983940013260469,0,-1.29200829457231,6,0,-1.76926532028667,-0.906581164607315,-1.47217900456885,1,1,1
"Moderate overlap","most_exchangeable",38,17766,0.996959953293475,0.52,3.1211903389039,1.97446344205003,1,-0.183743855787421,-0.265787945672315,-0.448588803262746,1,1,2
"Moderate overlap","most_exchangeable",38,10736,0.997113314199707,0.373333333333333,3.17709360256773,1.80671018242176,1,0.307198811004596,-1.75562710458164,-1.26368764990864,1,1,1
"Moderate overlap","most_exchangeable",38,34189,0.99699097195463,0.52,2.56377816980143,3.94119993281869,1,0.822421505657347,0.672303328275963,-0.60736726224123,2,2,2
"Moderate overlap","most_exchangeable",38,31497,0.98244118012694,0.173333333333333,-1.38245278952867,6,0,-1.36851238629393,-1.38459225709578,-1.32302525125543,1,1,1
"Moderate overlap","most_exchangeable",38,22915,0.996496012877261,0.84,2.65453380507175,3.00259860461575,1,2.35097370256469,1.90674637170846,2.37214793080998,3,3,3
"Moderate overlap","most_exchangeable",38,12934,0.99696851869287,0.0133333333333333,2.38488657626311,4.67520449263456,1,0.995049015739175,0.616946547605355,-0.209694787516726,1,1,3
"Moderate overlap","most_exchangeable",38,49643,0.997160137513416,0.0133333333333333,2.93833299246674,2.81968939318833,1,0.509784948227224,-0.47806353446051,-0.267159123027063,3,1,2
"Moderate overlap","most_exchangeable",38,3647,0.997663853563055,0.373333333333333,3.61778375734051,1.19799191286056,1,1.47351194944812,0.255315816077241,-0.278388451023892,3,2,2
"Moderate overlap","most_exchangeable",38,1525,0.997485448486422,0.213333333333333,3.51922642298853,1.03206729949418,1,0.544813721330634,-0.0211442865523282,-0.215325314403617,2,2,1
"Moderate overlap","most_exchangeable",38,28582,0.983479510577652,0.04,-1.31524983329443,6,0,-1.87566740489898,-0.696134739852978,-0.545386102344294,1,1,1
"Moderate overlap","most_exchangeable",38,41230,0.997308431136463,0.84,3.20807836231358,2.06404619858715,1,1.57130012371328,0.81759284395797,-0.219821177273353,2,2,2
"Moderate overlap","most_exchangeable",38,13140,0.981967412856445,0.106666666666667,-1.40282396643394,6,0,-1.63183603266469,-1.5700545951065,-0.885928437542632,1,1,1
"Moderate overlap","most_exchangeable",38,19008,0.996811723695474,0.64,2.34027535073792,4.64490201608287,1,0.269629840478209,0.882903382540112,0.080739821463716,2,2,2
"Moderate overlap","most_exchangeable",38,21622,0.997189403896059,0.373333333333333,3.0909694030247,2.15930203740895,1,0.176774711176638,-1.69688248613491,-0.529590902408445,1,1,1
"Moderate overlap","most_exchangeable",38,26690,0.996909825925754,0.413333333333333,3.51058261880317,0.446241526385376,1,0.536547050987909,-0.786466845907911,-0.500279533302757,2,1,1
"Moderate overlap","most_exchangeable",38,49342,0.978613312088152,0.293333333333333,-1.57485296716668,6,0,0.650423741372117,-1.13601658140911,-0.762012320205873,2,1,1
"Moderate overlap","most_exchangeable",38,37212,0.997066164644133,0.293333333333333,2.72817134602214,3.48036714999911,1,0.0202652095356097,1.8950945283627,1.13388720198475,2,2,2
"Moderate overlap","most_exchangeable",38,6056,0.99737077238065,0.213333333333333,3.32475751469297,1.66027521906408,1,-0.609830001913035,0.101468291478834,0.452394318079603,2,2,2
"Moderate overlap","most_exchangeable",38,45973,0.996908271392073,0.293333333333333,3.62753397787236,0.502157950033542,1,0.987619908389408,0.73354363101051,0.92667331155813,2,1,3
"Moderate overlap","most_exchangeable",38,2974,0.991637674356095,0.0133333333333333,-0.361295083309828,1.19479757650564,0,-0.604010494480488,0.728421667209627,-0.963817629061061,1,2,2
"Moderate overlap","most_exchangeable",38,19331,0.996972851842381,0.373333333333333,2.3584162663114,4.94902017457272,1,-0.523630551737444,-1.80877616334409,-1.19029189470802,1,1,1
"Moderate overlap","most_exchangeable",38,47532,0.997206441139197,0.68,3.03726509272031,2.5472722234244,1,1.31959425002148,1.44667754369387,0.70919479776622,2,3,2
"Moderate overlap","most_exchangeable",38,6140,0.997218558825376,0.0666666666666667,3.16682659137427,1.95908073117792,1,-0.488747198875375,-0.97788070059046,1.26992524283968,2,1,2
"Moderate overlap","most_exchangeable",38,11414,0.997387749703252,0.333333333333333,3.34184607745313,1.72818984062372,1,0.074484994129507,0.988650898119137,1.12969903558388,2,2,3
"Moderate overlap","most_exchangeable",38,7292,0.99690131700936,0.413333333333333,3.53477201893846,0.399362869651261,1,0.946345712980633,-0.66222317765416,-0.603007715425187,2,1,1
"Moderate overlap","most_exchangeable",38,34238,0.996881330379987,0,2.32580561825562,5.03632855695728,1,-2.10469504575454,-1.63769273723542,0.458474421153841,1,1,2
"Moderate overlap","most_exchangeable",38,36568,0.997175140193335,0,3.8568653243159,0.122726166873741,1,0.0249316598590999,0.644150405514157,1.15745814027183,3,1,3
"Moderate overlap","most_exchangeable",38,8751,0.997077987227508,0.426666666666667,2.7426040316628,3.42500043859765,1,0.788135327628994,-0.265999779848245,-0.614638179214187,2,1,1
"Moderate overlap","most_exchangeable",38,6554,0.997510974899519,0.373333333333333,3.65763373023097,0.489040208382614,1,-0.287384118168938,0.161643315545886,0.0489724143132769,1,2,1
"Moderate overlap","most_exchangeable",38,33460,0.996830168146368,0.306666666666667,3.24425873227731,1.33610763331314,1,-0.349885272767396,-1.44029937054327,-1.83337053543682,1,1,1
"Moderate overlap","most_exchangeable",38,40165,0.9974756662929,1,3.55210657845168,1.07210529092516,1,1.50668369896175,1.81439227447267,1.24446164142339,2,2,2
"Moderate overlap","most_exchangeable",38,32125,0.997653236538833,0.0133333333333333,3.59444862262552,1.2088147655411,1,0.578830670551509,-0.0887687521729697,1.10961260474426,1,2,3
"Moderate overlap","most_exchangeable",38,12910,0.997246896402174,0.04,3.32220750100364,1.64892882347766,1,-0.183194476975812,-0.201889083601356,-1.05158395972635,2,2,2
"Moderate overlap","most_exchangeable",38,29035,0.997271396438021,0.413333333333333,3.15670808270254,2.07513729939385,1,0.496393766926048,1.13183690656947,-0.145702658966505,1,2,1
"Moderate overlap","most_exchangeable",38,48857,0.99704355342134,0.88,2.70614714413371,3.47981919447679,1,1.00365536715563,0.35223304510227,-0.11151142245864,2,2,2
"Moderate overlap","most_exchangeable",38,15518,0.997502910971144,0.186666666666667,3.46880767705487,1.50453185708883,1,1.74621199337221,1.06396350632546,-0.448452082692537,3,2,2
"Moderate overlap","most_exchangeable",38,43313,0.997074080830941,0,2.84140109800657,3.11285459830094,1,-0.761881899238738,-0.571557280756136,0.909036022633442,2,1,3
"Moderate overlap","most_exchangeable",38,28030,0.997001499464343,0.413333333333333,2.83112547927791,2.96625376715076,1,-0.903427604729386,-0.629060712944516,-1.1632145737908,1,1,1
"Moderate overlap","most_exchangeable",38,34504,0.997271232539867,0,3.28224118008041,1.71169302968274,1,-1.47701356915447,-0.268571867490295,-0.462064082475837,1,2,2
"Moderate overlap","most_exchangeable",38,5545,0.997496311899769,0.306666666666667,3.57412510768296,1.15791065386404,1,1.03771432363351,1.31613127508908,0.864862149368636,1,2,3
"Moderate overlap","most_exchangeable",38,11702,0.997436065087473,0,3.76755675767584,0.158377658877405,1,-0.236392046784917,-0.575681784117645,-0.826108721751756,2,2,1
"Moderate overlap","most_exchangeable",38,44034,0.997453216172248,0.64,3.49303255341928,1.16157475893446,1,-0.12886159008861,0.971052365927441,1.25636558039168,2,2,2
"Moderate overlap","most_exchangeable",38,46457,0.99707974086324,0.04,3.12583620849822,1.80964845139202,1,-1.78030368330696,-1.67821948999186,-0.179020499021365,1,1,1
"Moderate overlap","most_exchangeable",38,11928,0.985494490274341,0.04,-1.05771796210338,3.53115289150262,0,0.215704318352746,-0.573114028358582,-0.0523021803713885,3,1,1
"Moderate overlap","most_exchangeable",38,28964,0.996771678324072,0.213333333333333,3.25868573423243,1.32833436447837,1,-0.947436211450823,-0.301426846687139,-0.408080990331537,1,1,2
"Moderate overlap","most_exchangeable",38,40973,0.997461168770275,0,3.81118203463692,0.176141352341021,1,-1.29145619816099,0.601389942641504,-0.479985144358671,1,3,1
"Moderate overlap","most_exchangeable",38,37491,0.996624634184859,0.64,2.05918384840421,5.98738592547501,1,0.578929886606524,-1.20718944689546,-0.44054766618055,1,1,1
"Moderate overlap","most_exchangeable",38,20018,0.997436737520676,0.2,3.48185342411787,1.06639658464165,1,0.72737975731283,1.31550009921279,0.769725850319458,2,2,1
"Moderate overlap","most_exchangeable",38,2379,0.975125071770875,0.16,-1.68886387376341,6,0,-0.0362060724963512,-1.42087492031566,-0.640614167358948,1,1,2
"Moderate overlap","most_exchangeable",38,4608,0.99753646343675,0.173333333333333,3.47846245457586,1.4594764678423,1,-0.00155434153810451,0.482725636100716,0.472676035273788,2,3,2
"Moderate overlap","most_exchangeable",38,7410,0.997037235770451,0.84,3.15644168572241,1.802134555171,1,0.464411147680538,-0.839622461122761,-0.986007572705902,1,1,1
"Moderate overlap","most_exchangeable",38,26659,0.997016561904072,0.0133333333333333,2.92430151271255,2.79878347286789,1,-0.166306616042243,0.130125535834875,-0.326883724148999,1,1,3
"Moderate overlap","most_exchangeable",38,4227,0.99691171966063,0.48,2.50863660692804,4.19488979083959,1,0.378495582361136,0.39417048504537,-0.660115862851259,1,2,1
"Moderate overlap","most_exchangeable",38,10782,0.997012748377136,0.04,2.98134668881494,2.34507917409955,1,-1.83480316302288,-1.65425565408091,-0.92598720692,1,1,1
"Moderate overlap","most_exchangeable",38,38365,0.997946978294902,0,4.07272179660936,0.297505603940847,1,-0.00683153210578074,-0.288610232672908,0.677169872030062,3,2,3
"Moderate overlap","most_exchangeable",38,42417,0.993257493134763,0,-0.0194031030900267,0.0584194669499993,0,0.288060105379904,-1.16626254794538,-0.585374431794299,3,1,2
"Moderate overlap","most_exchangeable",38,11441,0.97845263886708,0.306666666666667,-1.56466309367537,6,0,-0.673349870619605,-0.849036930618829,-0.479451177003263,1,1,2
"Moderate overlap","most_exchangeable",38,29677,0.997812562818527,0.186666666666667,3.65962004285059,1.30048191000536,1,1.05465600325592,0.656607150933583,0.436995251683422,3,3,3
"Moderate overlap","most_exchangeable",38,32046,0.996996732751869,0,2.59130393183412,3.99029467233965,1,-0.232077074028939,1.54924900637966,0.199781878047069,2,2,1
"Moderate overlap","most_exchangeable",38,6907,0.996526914595119,0.0133333333333333,3.40545505165939,0.312586170781422,1,-2.09276724017733,-0.958468556150805,-0.570996833705485,1,1,1
"Moderate overlap","most_exchangeable",38,45221,0.997684701384403,0.84,3.47527942242805,1.63731351947866,1,2.25010372690086,1.41605438402445,1.14719595186284,3,3,3
"Moderate overlap","most_exchangeable",38,36580,0.996601607170684,0.72,3.46784483900328,0.290649995412272,1,-0.61423624494131,-0.642033844232204,-0.85702687027956,1,1,1
"Moderate overlap","most_exchangeable",38,22349,0.997081294011073,0.293333333333333,2.45897450392234,4.59541099804218,1,-0.52662849024243,-1.1521620937189,-1.8641977212366,1,1,1
"Moderate overlap","most_exchangeable",38,34151,0.996303423141883,0.0666666666666667,2.30381501216942,4.38486346753223,1,-0.479142791526583,0.51858820741573,0.808873548656915,1,3,2
"Moderate overlap","most_exchangeable",38,2640,0.997349394672399,0.626666666666667,3.55204653078904,0.927664884514819,1,-0.0776673172779064,1.00847496753298,0.331674384167463,1,2,2
"Moderate overlap","most_exchangeable",38,37170,0.997085916855939,0.133333333333333,2.72074647093212,3.50409525154937,1,-1.21912476587665,-2.01055621370976,-1.12156242990352,1,1,1
"Moderate overlap","most_exchangeable",38,10939,0.981860304969158,0.84,-1.41111420927333,6,0,-0.562922622545146,-0.235172770252266,-0.180135044859906,1,1,1
"Moderate overlap","most_exchangeable",38,26572,0.996663809199633,0,3.08871167478552,1.7699500848848,1,-1.93806731140058,-2.39081317441385,-3.04409443774604,1,1,1
"Moderate overlap","most_exchangeable",38,5204,0.998140394029007,0.76,3.95505635451051,0.821040632846344,1,1.78809634984936,1.60883863266567,2.20395596265267,3,3,3
"Moderate overlap","most_exchangeable",38,35841,0.996701221606895,0.2,3.32858132126378,0.986173162434913,1,-0.177545233123663,-1.46101290119146,-2.14813852233916,1,1,1
"Moderate overlap","most_exchangeable",38,16692,0.991701780613299,0.133333333333333,-0.273123141346196,0.508124614134431,0,2.46176957391858,0.193902495494356,0.945011031405946,3,2,3
"Moderate overlap","most_exchangeable",38,24232,0.997094353610871,1,3.04264719686074,2.23306467131824,1,0.30388365778716,-0.429471377645379,-0.300224022409772,1,1,1
"Moderate overlap","most_exchangeable",38,2495,0.997585351686268,0.04,3.80589225816085,0.54130702288347,1,-0.15265590213897,0.117278014328258,0.551211657164282,1,2,3
"Moderate overlap","most_exchangeable",38,11307,0.997031923006779,0.213333333333333,2.80310738320369,3.11866617450549,1,1.63600270887909,0.296699723878823,0.0688262589809976,2,2,3
"Moderate overlap","most_exchangeable",38,38612,0.982551666805458,0.0133333333333333,-1.37199614761582,6,0,-1.77547945116581,-1.64049533855988,-1.29547216580436,1,1,1
"Moderate overlap","most_exchangeable",38,36887,0.992202996586629,0.946666666666667,-0.27880338407822,1.16118066944182,0,0.212289840562441,0.358409721837584,0.0887488115651961,1,1,1
"Moderate overlap","most_exchangeable",38,13397,0.98186814263513,0.04,-1.39474992721298,6,0,-1.11223979816096,0.357834708497835,-0.457660501496655,1,1,2
"Moderate overlap","most_exchangeable",38,11068,0.997271693416663,0.293333333333333,3.21200638379261,1.96478512164626,1,-0.527374676236674,0.388325311439698,-0.245231049956692,1,2,2
"Moderate overlap","most_exchangeable",38,7344,0.997750540227462,0.133333333333333,3.56415343443601,1.47217738320298,1,2.51852127840825,0.266618424733943,-0.262663203581208,3,3,2
"Moderate overlap","most_exchangeable",38,32058,0.99755468775016,0.666666666666667,3.51822663930886,1.3901655836141,1,1.22661524646179,1.40592215386842,0.777675437911128,2,3,2
"Moderate overlap","most_exchangeable",38,18770,0.997219320592405,0.0133333333333333,3.01845811581888,2.60381286850419,1,0.28959420164827,0.531338107203056,0.313819095572334,3,2,1
"Moderate overlap","most_exchangeable",38,12256,0.982607850868496,0.186666666666667,-1.3679566254948,6,0,-1.59457633351346,-0.971596690955494,-0.529928069437254,1,1,1
"Moderate overlap","most_exchangeable",38,48723,0.997286123145321,0.226666666666667,3.13368813777173,2.29989717605333,1,0.238832183511623,0.452710149627188,0.577427656299832,2,2,3
"Moderate overlap","most_exchangeable",38,48502,0.99676296221368,0.04,2.94234278434287,2.38113460567859,1,-0.703884356865355,-0.200182825539539,-1.87688199618359,1,1,1
"Moderate overlap","most_exchangeable",38,7956,0.996591741705032,0.266666666666667,3.54269559199226,0.0670018486472132,1,-0.92304557809543,-1.62812762546706,-1.47710195882288,1,1,1
"Moderate overlap","most_exchangeable",38,1958,0.996679812132554,0.0666666666666667,2.29442983430432,4.62911169410778,1,0.518193610766865,-0.819229050393893,-1.16289855351505,2,2,2
"Moderate overlap","most_exchangeable",38,30258,0.996804597281055,0.56,3.20167017557272,1.4414048324097,1,-0.349393925632357,-0.840206384174428,-1.4665366768305,1,1,1
"Moderate overlap","most_exchangeable",38,23497,0.998078802791717,0,3.85455441404054,0.786663540384752,1,0.632279541865824,0.16722705199114,0.669826451871799,3,3,1
"Moderate overlap","most_exchangeable",38,44463,0.996932216638283,0.293333333333333,2.70327682366544,3.2324071503565,1,0.933050021699918,0.608250919721634,0.326810643818983,2,3,3
"Moderate overlap","most_exchangeable",38,47315,0.996706353080995,0,2.35240979318034,4.47779441732158,1,-1.20807599916633,0.338932032262418,-0.960624247998777,2,3,2
"Moderate overlap","most_exchangeable",38,873,0.997004491609038,0.386666666666667,3.05711483769637,2.07901782865438,1,-1.04260030271671,-1.40102309153916,-1.0505472144724,1,1,1
"Moderate overlap","most_exchangeable",38,48199,0.997530998997036,0.0533333333333333,3.34949808435955,1.80815773371119,1,1.45826127234457,-0.883356880873148,-0.752720196307128,3,2,1
"Moderate overlap","most_exchangeable",38,2002,0.997199783692983,0.213333333333333,3.13587056917308,2.17118555400206,1,0.164347586573269,2.01128069834572,0.848403961594683,2,2,2
"Moderate overlap","most_exchangeable",38,26719,0.99688833049069,0,2.8830539621254,2.5945937143627,1,-2.10552917631208,-0.212804587165382,-0.461967759188086,1,1,1
"Moderate overlap","most_exchangeable",38,14517,0.996831980526239,0.0666666666666667,2.61833462454752,3.75260979494408,1,0.59574414717437,-0.745425946175311,-0.0905000214417044,2,2,1
"Moderate overlap","most_exchangeable",38,42934,0.997239123761581,0.426666666666667,3.49268919134301,1.08835310493453,1,0.538897693607336,1.51404626694145,-0.0486907579048848,1,2,2
"Moderate overlap","most_exchangeable",38,31345,0.997143041500487,0.506666666666667,3.0232867145227,2.36766628095265,1,1.03798351686765,0.0698074413027713,0.560843866833748,2,1,1
"Moderate overlap","most_exchangeable",38,5784,0.996986323630542,0.4,2.62594959557856,3.71245690750037,1,0.4609444536582,-0.344658182104822,-0.593979582223063,2,2,2
"Moderate overlap","most_exchangeable",38,148,0.997768324220623,0.293333333333333,3.57222442706944,1.44436425372357,1,0.775854081916407,1.94446646512788,2.13450762497645,3,3,3
"Moderate overlap","most_exchangeable",38,19261,0.983080162965456,0,-1.34214713312848,6,0,-1.72801630419592,-1.70958758104213,-1.99273601130785,1,1,1
"Moderate overlap","most_exchangeable",38,11684,0.968785608411903,0.0133333333333333,-1.95520895924088,6,0,-0.222206085697309,-0.52315694552245,0.198149296467904,2,2,1
"Moderate overlap","most_exchangeable",38,17622,0.996979747960655,0.56,3.28209038899985,1.45423171482524,1,0.306414821083577,-0.341161304606324,-0.295016864759759,1,1,2
"Moderate overlap","most_exchangeable",38,5869,0.997304198532977,0.48,3.18259290578738,2.11909407899906,1,1.79752117861556,1.46401376587711,2.75626980529716,3,3,3
"Moderate overlap","most_exchangeable",38,13951,0.997056508825194,0.106666666666667,2.67646262502924,3.68558001470043,1,-0.450085994432349,0.476200221906764,1.04771170874974,1,1,3
"Moderate overlap","most_exchangeable",38,1490,0.972914613835288,0.373333333333333,-1.81075006134687,6,0,0.414676641849204,1.38143401522695,0.345862899559255,1,2,1
"Moderate overlap","most_exchangeable",38,48148,0.997247661194294,0,3.07765553177573,2.43568063501158,1,-0.81141709580034,0.552294502300633,1.07949093293585,2,2,3
"Moderate overlap","most_exchangeable",38,17626,0.99577630185205,0.386666666666667,2.19316254270428,4.14552447530314,1,1.13960540504193,1.02969667618922,0.912720650878564,3,3,2
"Moderate overlap","most_exchangeable",38,31365,0.996336112557161,0.813333333333333,2.2215266643936,4.59884468340463,1,1.27438549648297,1.10420810281873,1.25177377773587,2,2,3
"Moderate overlap","most_exchangeable",38,45362,0.99725233869171,0.213333333333333,3.02709338094938,2.52415524264767,1,-0.358530574558644,-0.325079565775885,-0.536171002833922,1,2,1
"Moderate overlap","most_exchangeable",38,31167,0.997105259110802,0.466666666666667,3.05906293052452,2.28434548476716,1,0.970871604388551,1.005224242055,1.02028510466472,1,1,2
"Moderate overlap","most_exchangeable",38,22453,0.997069824314567,0.0133333333333333,2.48855831630312,4.45863003962081,1,-0.560029050800756,-0.235776815654514,-1.48385708857334,1,1,2
"Moderate overlap","most_exchangeable",38,37549,0.997704912260246,0.426666666666667,3.48365957315734,1.62322359966537,1,2.2087032098914,1.1502250811681,2.40592609282155,3,3,3
"Moderate overlap","most_exchangeable",38,41915,0.997025428565397,0.653333333333333,2.28907034839472,5.29917505606317,1,-0.523942119812218,-0.9487928954403,-1.10851740093414,1,1,1
"Moderate overlap","most_exchangeable",38,23721,0.99645795995159,0.04,2.56772136917259,3.55478540254046,1,0.250577209144574,0.822864272049723,1.48886646977776,3,2,3
"Moderate overlap","most_exchangeable",38,27645,0.997406562766741,1,3.36992574222217,1.59281015053885,1,1.09976042316224,1.08433158767932,0.66328512635401,2,2,2
"Moderate overlap","most_exchangeable",38,47934,0.99663226146834,0.4,2.03207587141561,5.92773830081172,1,1.07291815213345,0.00576062870900526,0.464925032871566,1,1,2
"Moderate overlap","most_exchangeable",38,32725,0.99689206009242,0.466666666666667,2.27124722297462,5.36469772525639,1,-1.08020685107618,-0.490980388000491,0.676870749087325,1,1,1
"Moderate overlap","most_exchangeable",38,12053,0.997506064715338,0.506666666666667,3.52787366968773,1.30726782668519,1,0.734825749259321,0.488859020088441,0.755190030550505,2,2,3
"Moderate overlap","most_exchangeable",38,33936,0.996041408275711,0.293333333333333,2.34048943830343,3.66956801324717,1,0.749938657576673,1.03315775209235,1.5877183440265,3,3,3
"Moderate overlap","most_exchangeable",38,2240,0.95280675324783,0.68,-2.36541152546937,6,0,1.23302033641613,0.956043836706234,0.803843545198025,2,2,3
"Moderate overlap","most_exchangeable",38,5192,0.992426125095595,0.653333333333333,-0.237123136572112,1.02801063480761,0,-0.797005795004686,-0.0648598912568301,0.0156443105344574,1,1,1
"Moderate overlap","most_exchangeable",38,30698,0.997195546658783,0,3.05256449144553,2.47321957436011,1,0.404729883000778,-0.898401554769541,-0.596582158143228,3,1,2
"Moderate overlap","most_exchangeable",38,10664,0.997046686081749,0,3.50547659382631,0.640801629766974,1,-0.0726231612708642,-2.8027985117793,-1.86636425626874,1,1,1
"Moderate overlap","most_exchangeable",38,43856,0.997013074860481,0.386666666666667,2.25732713368468,5.41304871699812,1,-0.42806461701786,-1.40891468491993,-1.69874229176827,1,1,1
"Moderate overlap","most_exchangeable",38,45049,0.997365002208892,0.426666666666667,3.2386490239364,1.84727314444317,1,-0.101794682542996,0.14930315691766,-0.115455525818427,1,2,1
"Moderate overlap","most_exchangeable",38,2103,0.997371636851161,0.6,3.18276060484606,2.20000638204865,1,1.03968208056532,1.21188982866042,1.45330671922758,3,2,2
"Moderate overlap","most_exchangeable",38,17893,0.997091783886119,0,2.7730726639547,3.3450686116077,1,-1.14286938424797,-0.649923318751972,-0.731216021525135,2,2,1
"Moderate overlap","most_exchangeable",38,32736,0.98060331961731,0.746666666666667,-1.47874678878306,6,0,-0.184238214596987,-1.10793166396736,-1.13352655297655,1,1,1
"Moderate overlap","most_exchangeable",38,21129,0.996021778268019,0.293333333333333,2.32379331009222,3.65602057389354,1,0.960915028971044,0.622855345278933,1.11118657727593,3,3,3
"Moderate overlap","most_exchangeable",38,44458,0.996997362911289,0.84,2.37487895632656,4.89483605942074,1,-0.210562183931151,-1.10545443286349,-0.752692613955499,1,1,1
"Moderate overlap","most_exchangeable",38,12562,0.997136359582953,0.0666666666666667,2.92068856556733,2.70484706006369,1,-1.54289155693904,-1.63563531565906,0.284408189271912,1,1,1
"Moderate overlap","most_exchangeable",38,27942,0.997164387007524,0,3.0256485058059,2.4211272947526,1,-1.89762571755597,-0.409490275065705,-1.22497826918728,1,2,1
"Moderate overlap","most_exchangeable",38,9076,0.996837321756355,0.0666666666666667,2.66458000428459,3.60022906006234,1,0.833411299027063,-0.646823607471085,0.242850715510046,2,2,1
"Moderate overlap","most_exchangeable",38,14042,0.99728172309916,0.186666666666667,3.24539518828915,1.81881610838061,1,-0.529858347292104,1.72365993065995,1.20206916695638,1,2,2
"Moderate overlap","most_exchangeable",38,33769,0.997260821724998,0.16,3.08039808168465,2.44447303342262,1,0.826479954026106,0.650212009197308,1.55868834425383,1,2,3
"Moderate overlap","most_exchangeable",38,39643,0.996947720283209,0.946666666666667,2.24717937280765,5.45585680667922,1,-0.308858854320783,-0.224663493005524,0.0747244809642783,1,1,1
"Moderate overlap","most_exchangeable",38,20801,0.997529319607436,0.0533333333333333,3.71261733995938,0.420649197597861,1,0.117475247975148,-0.515881436591122,-0.525350040245511,2,2,1
"Moderate overlap","most_exchangeable",38,8097,0.976808040467232,0.52,-1.63750792883873,6,0,0.0925381371043741,0.179889622845746,1.35399604105393,2,1,2
"Moderate overlap","most_exchangeable",38,28146,0.997088783614949,0.173333333333333,2.85507989767163,3.06062920811349,1,-0.15612643489327,0.376795287390532,0.856559658928727,1,1,3
"Moderate overlap","most_exchangeable",38,34514,0.983229972836428,0.186666666666667,-1.33430338395355,6,0,-1.49268173842361,-0.572435841937153,-0.599173617637814,1,1,1
"Moderate overlap","most_exchangeable",38,35190,0.997705166493242,0,3.65292138681076,1.15239539406914,1,0.165313037487518,1.9738416997216,1.12006330307938,3,3,2
"Moderate overlap","most_exchangeable",38,4179,0.997584599834272,0.213333333333333,3.52390658196468,1.39589003936485,1,0.936013019724754,0.495944890153695,-0.059348152000973,1,3,2
"Moderate overlap","most_exchangeable",38,48039,0.996972475016044,0.52,3.18171239317145,1.52997057869162,1,-1.12191948793041,-0.885836695037495,-0.313147505387437,1,1,1
"Moderate overlap","most_exchangeable",38,25846,0.99706452572869,0.866666666666667,2.8133272088532,3.1476882276483,1,1.14112888748861,0.164699049829045,0.817767866793217,2,2,2
"Moderate overlap","most_exchangeable",38,19080,0.997069961666274,0.213333333333333,2.60922138773487,3.95750673478543,1,0.00756369855709859,-0.996538011856575,-0.609425715959214,2,1,1
"Moderate overlap","most_exchangeable",38,19236,0.99715753640987,0.6,2.94971425797398,2.62631122285438,1,-0.522408505411366,-1.10156840760777,0.307103962651624,1,1,1
"Moderate overlap","most_exchangeable",38,35601,0.997487934661045,0.64,3.4047283177209,1.7105311879328,1,1.21924799699615,1.51706836368606,0.650433712260314,2,3,3
"Moderate overlap","most_exchangeable",38,29845,0.997362486564158,0.0666666666666667,3.16116282162235,2.15619885468955,1,-0.19961879118975,-1.05970771174454,-0.409154546469731,1,2,1
"Moderate overlap","most_exchangeable",38,49394,0.997412596672217,0.653333333333333,3.35591212214098,1.57806915005665,1,0.297994721720997,1.50841263690934,1.3413503226312,1,2,2
"Moderate overlap","most_exchangeable",38,10448,0.996462252581823,0,3.37991116633979,0.376012713703421,1,-2.80005255882466,-1.88139023398099,-1.31592332498172,1,1,1
"Moderate overlap","most_exchangeable",38,47107,0.99708148129605,0.76,2.59650767004961,4.00794525383566,1,-0.681505841190156,-0.40904718582752,-0.406394968320502,1,1,1
"Moderate overlap","most_exchangeable",38,25802,0.997028520633772,0.293333333333333,2.48556339415353,4.48462342372557,1,-1.35233267464708,-0.246186637081836,0.720551037566118,1,1,1
"Moderate overlap","most_exchangeable",38,20212,0.997155331540091,0.186666666666667,2.88892663955923,2.96748997821198,1,-0.552449771517517,0.73698668882459,-0.276642146958598,1,2,2
"Moderate overlap","most_exchangeable",38,3942,0.99713852014216,0.186666666666667,3.04627850041482,2.35877915369512,1,-0.460150912398737,-1.33036715893566,-0.125380751706071,1,1,2
"Moderate overlap","most_exchangeable",38,6169,0.988674508305376,0.64,-0.808280828344106,3.25788017362356,0,-0.537815435695608,-1.35045633615222,-0.836477461067962,1,1,1
"Moderate overlap","most_exchangeable",38,49408,0.980547519326445,0.746666666666667,-1.47978116810182,6,0,-0.545542282490834,-1.1440831883186,-0.618822987457053,1,1,1
"Moderate overlap","most_exchangeable",38,9962,0.997301313681605,0.0933333333333333,3.51418142336063,1.1368038933759,1,0.393811858825377,-0.341946775098249,-1.23254563391961,2,2,2
"Moderate overlap","most_exchangeable",38,32668,0.988512468418188,0.88,-0.722642880587113,1.91249831580882,0,1.23272082584546,0.616311632298895,1.46251159502587,2,2,2
"Moderate overlap","most_exchangeable",38,25666,0.997059761228963,0.373333333333333,2.34300285541654,5.03149539925007,1,-0.015565895005946,0.505480176125294,-0.406395783585516,1,1,2
"Moderate overlap","most_exchangeable",38,30502,0.997034481979217,0.853333333333333,2.28590139139195,5.31589618784182,1,-0.0712121740079973,-0.375510475952005,-0.918593336409488,1,1,1
"Moderate overlap","most_exchangeable",38,26427,0.99790992114371,0.04,3.80387092007837,0.8904696227985,1,0.228539556684145,0.624525570685915,2.18099900425854,3,2,3
"Moderate overlap","most_exchangeable",38,16381,0.997184477043925,0.133333333333333,3.19168996456248,1.86077771209601,1,-0.563611862342823,-1.3705583480201,0.325098853100173,1,1,2
"Moderate overlap","most_exchangeable",38,26491,0.997142249529496,0.506666666666667,2.84688739754131,3.10142821863497,1,-0.49445897025301,0.797811145466203,0.501704967982964,1,2,2
"Moderate overlap","most_exchangeable",38,19720,0.997457338192224,0.72,3.27356406628443,2.00648690734643,1,2.20799250113233,0.873599389781162,1.32104358973742,3,2,2
"Moderate overlap","most_exchangeable",38,42207,0.99694893645876,0.04,2.75966087253181,3.27735647832187,1,1.62508543253859,0.57550674934474,1.42843935434057,3,1,3
"Moderate overlap","most_exchangeable",38,16337,0.997451686594362,0.133333333333333,3.46518985450874,1.12775218681072,1,0.949053102540305,1.72111982344147,1.19447363375222,2,2,1
"Moderate overlap","most_exchangeable",38,12536,0.997314752669767,0.653333333333333,3.24979671707484,1.87334008603054,1,0.0274052325669814,0.907520404142499,0.292346475688658,1,2,2
"Moderate overlap","most_exchangeable",38,16097,0.997085723331693,0.306666666666667,2.96551377812167,2.43931982409643,1,-1.36539082640895,-0.553755609589359,0.526173218665425,1,1,1
"Moderate overlap","most_exchangeable",38,36104,0.997099364614528,0.306666666666667,3.10759906368848,2.1418738432575,1,0.219181197800869,-0.93908782433038,-0.461530418176958,1,1,2
"Moderate overlap","most_exchangeable",38,12467,0.996898802422479,0.213333333333333,3.53411409172497,0.532963239455516,1,-0.292574979956342,-0.935298266150997,-0.0325735627346903,2,1,2
"Moderate overlap","most_exchangeable",38,6974,0.997005962128574,0.413333333333333,3.04712302760489,2.28632070283307,1,0.149812578719599,-0.231729984438615,-0.252500696751795,2,1,2
"Moderate overlap","most_exchangeable",38,37190,0.996706420629457,0.0666666666666667,2.55494454995343,3.86795424424654,1,0.0905116972850201,0.67746419693578,-0.035267440747287,1,3,1
"Moderate overlap","most_exchangeable",38,39407,0.996867390644018,0.213333333333333,2.39289030938712,4.64266678025163,1,0.190379400919718,1.17208250449549,-0.336331637588576,1,2,1
"Moderate overlap","most_exchangeable",38,32156,0.997378009778728,0.613333333333333,3.38861940743279,1.4919343588665,1,0.046475108513139,0.287238051425095,-0.114781207221304,1,2,2
"Moderate overlap","most_exchangeable",38,48824,0.997074873988907,0.653333333333333,3.1619936081463,1.91021560919216,1,0.43939499837031,0.0577077080664693,0.577063918891521,2,1,2
"Moderate overlap","most_exchangeable",38,39647,0.96724509104531,0.653333333333333,-1.99961724025775,6,0,0.193987882670835,0.679017148444274,-0.0109048029583513,1,2,2
"Moderate overlap","most_exchangeable",38,30600,0.997936638373061,0.52,4.09487680897276,0.284881146389155,1,1.33204756551028,0.90146848686333,0.76754296008246,2,3,3
"Moderate overlap","most_exchangeable",38,20470,0.997330670959468,0.186666666666667,3.45452204777047,1.40995905155156,1,0.521719367431892,0.953325180326798,0.131696893729485,2,2,3
"Moderate overlap","most_exchangeable",38,39009,0.994756880929037,0.213333333333333,1.98788872193737,5.00358611733823,1,1.37403662604809,-0.329173647811428,0.369541837527423,3,2,1
"Moderate overlap","most_exchangeable",38,38689,0.997085783605332,0,2.42320634211516,4.79567328099969,1,-2.64069050087524,-1.15714640828096,-2.07123715590249,1,1,1
"Moderate overlap","most_exchangeable",38,17341,0.996741123044017,0.506666666666667,3.51844879489447,0.303063038037744,1,-0.283221477545748,-1.52509442659232,-1.45840951176459,1,1,1
"Moderate overlap","most_exchangeable",38,20896,0.996804056438083,0.0666666666666667,2.4142793240601,4.46160257146112,1,-0.0151622920994988,-0.889913049659892,-1.53472875154959,1,2,1
"Moderate overlap","most_exchangeable",38,10518,0.997236011367184,0.293333333333333,3.04976920379359,2.52216727887861,1,0.708564258256846,0.25321795999856,0.382087274511342,2,2,3
"Moderate overlap","most_exchangeable",38,12453,0.997473171705791,0.213333333333333,3.36466931165602,1.58421199458727,1,-0.638347797366305,0.196515816400757,1.42422610629264,2,2,2
"Moderate overlap","most_exchangeable",38,22479,0.996644440979184,0.04,2.14337592542099,5.44460057016857,1,-0.449278103515076,-0.391373841894865,-1.42108790875752,1,2,1
"Moderate overlap","most_exchangeable",38,18267,0.990851599163208,0.72,-0.461405097136052,1.32058764889129,0,0.642224503885552,0.127759736303177,-0.270084079171575,2,2,2
"Moderate overlap","most_exchangeable",38,5639,0.996950162693906,0,2.45956588239359,4.44655368167991,1,-0.617283677489242,-1.86449532107691,0.0137422860727995,2,1,2
"Moderate overlap","most_exchangeable",38,6086,0.997377174097016,0.373333333333333,3.78161575356973,0.347990460996256,1,0.211733715768026,-0.0904132359544465,-0.575564840207975,2,2,2
"Moderate overlap","most_exchangeable",38,20188,0.997088751587513,0.373333333333333,2.77472291484034,3.32391011074272,1,-0.223923087282629,-0.516139524408205,0.0500972927392138,2,1,2
"Moderate overlap","most_exchangeable",38,37893,0.997153783023923,0.0133333333333333,2.91356670535066,2.84137262487501,1,-0.732856718690365,1.36976677661238,0.370346212065667,1,2,1
"Moderate overlap","most_exchangeable",38,23781,0.997071713819542,0.426666666666667,2.63226025445039,3.86307177862906,1,0.670896316196599,0.353734347317765,-0.518790443266558,1,1,2
"Moderate overlap","most_exchangeable",38,3106,0.997624079448347,0,3.61635453293964,0.913172528195304,1,-0.718158049840734,0.63822016038565,0.386654940731891,1,3,1
"Moderate overlap","most_exchangeable",38,2481,0.99742377132719,0.533333333333333,3.42360081960307,1.54582843814526,1,0.757526555166085,0.869637480075642,0.716850742205926,2,2,3
"Moderate overlap","most_exchangeable",38,136,0.996972487918548,0.186666666666667,2.42486030731428,4.58537428332096,1,-0.100257702082834,-1.31262785857145,-0.463513822684556,1,1,2
"Moderate overlap","most_exchangeable",38,47063,0.997355656983779,0.0133333333333333,3.27666388339125,1.92903722081522,1,-0.601457141260846,0.261239010547494,-0.483157262742093,1,3,2
"Moderate overlap","most_exchangeable",38,9389,0.997110353118981,0.48,3.18324427063878,1.83441280070115,1,-0.370109668937083,-0.77258812881727,0.228468942813805,1,1,2
"Moderate overlap","most_exchangeable",38,45638,0.997202493243817,0.64,3.17764350567451,1.81959769539499,1,0.262904680720612,-1.18959699744932,-0.0645724280104224,1,1,1
"Moderate overlap","most_exchangeable",38,10311,0.997035378260927,0.48,2.76997992222683,3.2646995689555,1,0.247715532181123,0.916328093968978,1.15682839382258,2,2,3
"Moderate overlap","most_exchangeable",38,34793,0.997056608388852,0.293333333333333,2.70022121014162,3.52794243810407,1,-0.088449094939697,-0.215367548039439,-0.441420135573224,2,2,2
"Moderate overlap","most_exchangeable",38,13914,0.997285100372127,0.52,3.54930079618424,0.929855428243021,1,0.0778200640584118,0.869278965694169,-0.210589418792493,1,2,2
"Moderate overlap","most_exchangeable",38,10482,0.99714118276852,0.0133333333333333,2.87116635292429,3.01940491494318,1,-1.23758899089739,-0.240569461442401,0.267608502092694,1,2,1
"Moderate overlap","most_exchangeable",38,9700,0.993047511861038,1,-0.066320579650646,0.191248243543585,0,1.01912630024653,1.04786599196379,0.503069028816667,2,2,2
"Moderate overlap","most_exchangeable",38,44193,0.997035436705658,0.04,2.69973533302893,3.52439872209552,1,-1.63123250084324,-1.01434204397541,-1.30126526284515,1,1,1
"Moderate overlap","most_exchangeable",38,45860,0.996036366886535,0,2.28716583054029,4.29590794733317,1,-0.0679603851694783,0.898246882035456,0.466559375285102,3,3,1
"Moderate overlap","most_exchangeable",38,28188,0.997522483090178,0.106666666666667,3.50317475495358,1.00260616382264,1,-0.779510575978808,-0.32414851335074,0.172922144627928,1,2,1
"Moderate overlap","most_exchangeable",38,33786,0.996987690543623,0.88,2.3613697255552,4.96131593259656,1,-0.364469234923559,-0.828816678600781,-0.331280826634809,1,1,1
"Moderate overlap","most_exchangeable",38,38215,0.980850181789502,0.96,-1.46269289266022,6,0,-0.318488999607537,-0.515684729602321,-0.19315898835489,1,1,1
"Moderate overlap","most_exchangeable",38,46368,0.997111602173089,0,3.20225391811494,1.87164140373722,1,0.328901948758388,-1.85948616715118,-0.899390829925768,2,1,2
"Moderate overlap","most_exchangeable",38,30747,0.997445723832404,0.4,3.66533448271237,0.43597769910071,1,-0.150233802014782,0.274819210292775,-0.217126930547219,1,2,1
"Moderate overlap","most_exchangeable",38,23402,0.997144578017227,0.52,3.14314942106193,1.97283006662742,1,-0.39059949684098,-0.293839356699848,0.933347708688722,1,1,2
"Moderate overlap","most_exchangeable",38,47281,0.998385951512139,0.653333333333333,4.30741849126148,0.233503332093958,1,1.64292226503624,1.16464980362726,1.88428896078428,3,3,3
"Moderate overlap","most_exchangeable",38,1895,0.99707502772837,0.653333333333333,2.57273071625246,4.10433643241506,1,0.889761800122821,-0.373104370922827,-1.3173580182879,1,1,1
"Moderate overlap","most_exchangeable",38,23782,0.997663287825837,0.0266666666666667,3.82359538788384,0.576039852565103,1,0.190442343111345,-0.129791806261998,0.566786688580001,1,2,3
"Moderate overlap","most_exchangeable",38,14264,0.997214073148073,0,3.3591151698003,1.17895280731849,1,-1.07418804161469,1.79301504008194,0.87865875295113,1,2,1
"Moderate overlap","most_exchangeable",38,29663,0.997427538051453,0.64,3.26527600231809,1.90002722635375,1,0.220502196838811,0.607194433684642,1.19953736235938,1,2,2
"Moderate overlap","most_exchangeable",38,30686,0.997582350979713,0,3.65731533591325,0.872430230609651,1,0.287345053824292,-0.418587391120846,-1.47816670697145,3,2,1
"Moderate overlap","most_exchangeable",38,28987,0.997061214755123,0.293333333333333,2.74004664069904,3.42896282240686,1,0.659099836593283,-0.331158846545673,-1.11815755443293,1,2,1
"Moderate overlap","most_exchangeable",38,15742,0.992947625279986,0.52,-0.0844755597599414,0.250717722707173,0,-0.297722684175397,0.950178842890053,1.45635107863296,1,2,2
"Moderate overlap","most_exchangeable",38,30823,0.997272057769872,0.293333333333333,3.22138251843036,1.94944595082972,1,-0.267958975236675,0.386941815602021,-0.103370056839772,2,2,2
"Moderate overlap","most_exchangeable",38,29015,0.997037161605246,0.306666666666667,2.94213245487044,2.55889775917592,1,-1.05205819903834,-1.47683528381306,-1.19475773287717,1,1,1
"Moderate overlap","most_exchangeable",38,15465,0.997203339442322,0.0133333333333333,3.03952932095203,2.45245783057372,1,-0.0841522829899211,0.270788265822009,-0.731194038720107,2,2,1
"Moderate overlap","most_exchangeable",38,38618,0.996986654091638,0.186666666666667,3.18581509630959,1.66284612929698,1,-0.403133222501243,-1.97218445326819,-1.78235109306272,1,1,1
"Moderate overlap","most_exchangeable",38,49828,0.996927600980225,0.04,2.65674330389933,3.53110246233769,1,0.685355653337828,0.269959224938344,-0.0165656042561852,1,2,3
"Moderate overlap","most_exchangeable",38,20505,0.997046559831575,0.426666666666667,2.41403698216663,4.7851823700886,1,-1.18572226254294,-1.08618319474101,-0.65861595339263,1,1,1
"Moderate overlap","most_exchangeable",38,35945,0.99707845231593,0,2.45087202586539,4.66034323749218,1,-2.39844843282469,-0.543808493650683,-0.653097712907785,1,1,1
"Moderate overlap","most_exchangeable",38,1162,0.997082169733942,0.64,2.55697475891236,4.17698131874487,1,-0.675679437159712,-0.692546416117614,-0.963963613623686,1,1,1
"Moderate overlap","most_exchangeable",38,44342,0.997481102044804,0.266666666666667,3.57835266794406,0.893196110356466,1,-0.673205618144177,0.409602399740493,1.01771195843857,2,2,2
"Moderate overlap","most_exchangeable",38,49333,0.971507366485859,0.306666666666667,-1.85558105230719,6,0,-0.279421847137624,0.564712581982212,0.629787699855641,1,2,1
"Moderate overlap","most_exchangeable",38,36314,0.996986886483789,0.106666666666667,2.84804577595748,2.89698105332784,1,-1.19735357708095,-1.28113735757482,-1.70388372693702,1,1,1
"Moderate overlap","most_exchangeable",38,39970,0.997099197606768,0.4,2.76624150382592,3.35800979019527,1,-0.567415670873532,-0.881487938004388,-0.105871512465576,1,1,2
"Moderate overlap","most_exchangeable",38,12016,0.997049443885595,0.64,2.46761575335421,4.55007908457001,1,-0.918044098996938,-0.899926991427873,-0.401424960381501,1,1,1
"Moderate overlap","most_exchangeable",38,7719,0.992364596341921,0.106666666666667,-0.218009817718597,0.725533463992178,0,-0.267099217778195,-0.184908157221904,-1.30875636259549,1,2,1
"Moderate overlap","most_exchangeable",38,13308,0.997008507797962,0,3.3787252221828,1.2735251578084,1,-0.210327871801758,0.339083570894034,-0.289682593480247,3,1,2
"Moderate overlap","most_exchangeable",38,38026,0.996968979877718,0.0133333333333333,2.77171134331801,3.19981244948172,1,0.0748563723603071,-0.188811683444474,-0.221016891487294,3,2,2
"Moderate overlap","most_exchangeable",38,27558,0.997499407985057,0.0133333333333333,3.47831329164028,1.38043933550708,1,2.01994028534036,-0.544766613663212,0.662380306367777,3,1,2
"Moderate overlap","most_exchangeable",38,35635,0.996914172998795,0.96,3.49932398308573,0.38642170945896,1,-0.130603840724841,-0.657113278499173,-0.20680830255527,1,1,1
"Moderate overlap","most_exchangeable",38,6483,0.997636460123848,0.0933333333333333,3.5203149944325,1.21991466111628,1,1.55742269294558,-0.472569613687545,0.0579762188002166,2,2,1
"Moderate overlap","most_exchangeable",38,49962,0.997129975573624,0.133333333333333,2.82437332184164,3.17441971119221,1,-1.00857072172738,0.729386291176214,0.243852198942773,1,2,2
"Moderate overlap","most_exchangeable",38,32878,0.997034918341203,0.186666666666667,2.35471382753684,5.03585993437236,1,-0.322489302878288,-0.162756789780331,-0.162135667192501,2,1,1
"Moderate overlap","most_exchangeable",38,19882,0.997069137502313,0.293333333333333,2.9133476953535,2.73026278731251,1,-0.610310454554814,-1.8292040318382,-1.5603321202388,1,1,1
"Moderate overlap","most_exchangeable",38,21430,0.997004235474687,0.626666666666667,3.14374659494548,1.9319370323601,1,0.819801393155357,0.864121038215521,0.701651469879445,2,1,2
"Moderate overlap","most_exchangeable",38,9084,0.997638227821874,0.2,4.08759211034422,0.121102219484268,1,0.889728832965939,1.32443472904499,-0.000592884465700772,2,3,3
"Moderate overlap","most_exchangeable",38,48510,0.997377272235728,0.186666666666667,3.24257452451698,1.88274565325514,1,0.37830299240314,-0.110360281533999,-0.118567013581876,2,2,1
"Moderate overlap","most_exchangeable",38,30214,0.996884328493138,0.466666666666667,2.35460944993863,4.95590688301743,1,-0.776029613760237,-1.31823261048245,0.185340189206756,1,1,1
"Moderate overlap","most_exchangeable",38,37628,0.996818295522754,0.64,3.18501511538506,1.49634406349073,1,-0.386960842754176,-0.676391797232268,-1.27433372161449,1,1,1
"Moderate overlap","most_exchangeable",38,17604,0.980032958804147,0.333333333333333,-1.50961076919635,6,0,0.0178700714069508,-0.719142139266648,-0.0723190171123314,2,1,1
"Moderate overlap","most_exchangeable",38,39775,0.997679425175612,0.946666666666667,3.98868907080245,0.0119207964173905,1,1.64705816552814,0.460537743960494,0.342277357545062,2,2,2
"Moderate overlap","most_exchangeable",38,32253,0.997162886398925,0.04,3.01231791159704,2.61878230331684,1,1.46976259264395,0.310187603794324,1.46558455265437,3,1,3
"Moderate overlap","most_exchangeable",38,37471,0.997008441352227,0.0533333333333333,2.89343232721778,2.90159396954792,1,0.809062113072317,-0.724708267316655,-0.385569516918217,3,2,1
"Moderate overlap","most_exchangeable",38,49414,0.99681582609999,0.186666666666667,3.01580905339389,2.09943473918237,1,-0.982202886530311,-0.508974564410133,-1.38796601434187,1,1,1
"Moderate overlap","most_exchangeable",38,38857,0.996803489208365,0.306666666666667,2.62608619946959,3.70296779711843,1,-0.147862552922279,0.567227815290187,2.09268493119282,2,2,2
"Moderate overlap","most_exchangeable",38,21542,0.996559745281362,0,3.51494455982652,0.529101698384606,1,-0.49150629938917,-1.9208071010822,-2.17728856248051,1,1,2
"Moderate overlap","most_exchangeable",38,11362,0.996981209752162,0.146666666666667,2.38755567879925,4.84703692817178,1,-0.998225132458994,0.797916986606973,1.71902938090694,1,1,2
"Moderate overlap","most_exchangeable",38,954,0.997912776109187,0.84,4.04608217556777,0.371794877847226,1,1.62844256438418,1.60550832215466,1.26690898173373,2,3,3
"Moderate overlap","most_exchangeable",38,32029,0.992539034209545,0,-0.229262090789691,1.10670172143728,0,-2.15051172110869,0.157415973786206,-0.00512123456631674,1,1,1
"Moderate overlap","most_exchangeable",38,39981,0.992785345932039,0.186666666666667,-0.136112118547061,0.485448981635273,0,0.0846168496668036,-1.29316388578144,-0.705405557533698,1,1,2
"Moderate overlap","most_exchangeable",38,322,0.997079619366768,0.64,2.62311245330259,3.89305633620322,1,0.194985588228136,-0.223462060317649,-0.187919728672521,1,1,2
"Moderate overlap","most_exchangeable",38,21803,0.99736029895847,0.84,3.2876565646381,1.80517662024723,1,0.299631501037816,0.43009185030891,0.290185455052774,2,2,2
"Moderate overlap","most_exchangeable",38,27517,0.997162133221082,0.106666666666667,3.02262667243102,2.54331729844395,1,1.71013542644385,0.740366465447869,1.69914436181905,2,3,2
"Moderate overlap","most_exchangeable",38,29575,0.997075520145007,0.426666666666667,2.54935532862704,4.20824060320893,1,-0.445239755634998,-0.00714914898158215,-1.10750049650115,1,1,1
"Moderate overlap","most_exchangeable",38,7087,0.997302004682007,0.306666666666667,3.122110463429,2.33053887671778,1,1.72823647423781,-0.260222827018867,-0.686167919901026,2,2,2
"Moderate overlap","most_exchangeable",38,10481,0.9971113066776,0,2.85722570031977,3.02762833983635,1,-0.655820528713672,1.32522844451736,-0.516389405857233,1,2,1
"Moderate overlap","most_exchangeable",38,37478,0.99704742662317,0.0666666666666667,2.90560850042311,2.66774384823316,1,-1.84925339713513,-1.40750494002004,-0.557811357935516,1,1,1
"Moderate overlap","most_exchangeable",38,17008,0.997249277248527,0.0666666666666667,3.45889770435554,1.1166522013048,1,-1.04991013161716,0.605640894547352,-0.0239634481939046,1,2,2
"Moderate overlap","most_exchangeable",38,18946,0.997430478984002,0.0666666666666667,3.51026895306466,1.2861842561719,1,0.0249829381131617,0.394261566639133,0.20723765686062,1,2,3
"Moderate overlap","most_exchangeable",38,26603,0.969315939180706,0.0133333333333333,-1.94780381606672,6,0,0.100241395249544,-0.83302614461107,-0.904865268889054,2,2,1
"Moderate overlap","most_exchangeable",38,45882,0.997729062661564,0.52,3.66676231347251,1.20426244649788,1,2.17258204974162,1.34575463772846,1.05820873553776,3,2,3
"Moderate overlap","most_exchangeable",38,42423,0.996847786028932,0.0133333333333333,2.55986138774883,4.05541070171741,1,-1.09286899423816,0.337477096611648,0.791348946510594,1,2,1
"Moderate overlap","most_exchangeable",38,16466,0.996646114534586,0.4,2.47032561350139,3.91468793018041,1,0.793951623495558,0.624446686289145,0.0951195774449948,2,3,2
"Moderate overlap","most_exchangeable",38,485,0.997489880439594,0.613333333333333,3.34633466805306,1.86283114940614,1,1.85379901629885,1.03143018491347,1.46747717158854,3,2,3
"Moderate overlap","most_exchangeable",38,14556,0.997665564942788,0,3.46344818040409,1.33337362636359,1,-0.482216014821049,-1.3234905625383,1.06787982443993,2,2,1
"Moderate overlap","most_exchangeable",38,13216,0.996959149613658,0.133333333333333,2.47663099994025,4.36455717466196,1,0.0244233742384734,0.78165398764338,-0.903565899436614,1,2,1
"Moderate overlap","most_exchangeable",38,46661,0.997372828659772,0.293333333333333,3.38568193344405,1.64551107373086,1,0.909107379028592,0.636299846848888,0.111226114805414,2,2,3
"Moderate overlap","most_exchangeable",38,24501,0.996751703842386,0.0133333333333333,2.38215591640658,4.56582154479411,1,-0.0556914528166514,-0.615077950392839,-0.8185827256454,2,2,1
"Moderate overlap","most_exchangeable",38,22045,0.997031261064705,0,2.93883278838918,2.54594154150744,1,-1.38271715074605,-1.14422805615954,-0.282472515596473,2,1,1
"Moderate overlap","most_exchangeable",38,36442,0.997051580554132,0.173333333333333,2.81434598899123,3.06220021638653,1,-1.54213504754628,-1.35791094134498,-0.962479240508177,1,1,1
"Moderate overlap","most_exchangeable",38,19805,0.99701449920377,0.52,2.83025288762487,3.0289926993895,1,0.351221573036727,-0.436090477011265,-1.62262396217427,1,1,1
"Moderate overlap","most_exchangeable",38,35507,0.99684643548728,0.84,2.20510961463407,5.59687645862054,1,-0.425897215684933,-0.347754493951419,0.520472216960317,1,1,1
"Moderate overlap","most_exchangeable",38,10586,0.996986965934808,0.04,2.7250264160775,3.396109725955,1,-1.20725020613276,-0.706502066654499,-1.7548250600328,1,1,1
"Moderate overlap","most_exchangeable",38,26882,0.996837078009389,0.306666666666667,2.55702625470722,3.91114333532068,1,-0.32629980053055,-0.368029765140884,0.275544283740996,1,2,2
"Moderate overlap","most_exchangeable",38,30251,0.991085577320726,0.133333333333333,-0.3952108417179,1.03973995428532,0,0.555228710497108,0.855334599322149,0.401297711666843,1,3,1
"Moderate overlap","most_exchangeable",38,32874,0.996230691266551,0,3.48296245137451,0.0603424837131074,1,-1.51444945476644,-1.71986820804591,-2.19976577996904,1,1,1
"Moderate overlap","most_exchangeable",38,5634,0.996872522366127,0,2.9128241960244,2.78018854656404,1,-0.0678773263956185,0.665200190277754,2.29879035630362,3,2,3
"Moderate overlap","most_exchangeable",38,25925,0.981985573953321,0.813333333333333,-1.40353058596622,6,0,-0.613752268287804,-0.163071111718897,-0.106310961181841,1,1,1
"Moderate overlap","most_exchangeable",38,42605,0.990001042134857,0.746666666666667,-0.564099597975159,1.60384112969041,0,0.39542103041237,0.407228064545072,0.484487284146848,1,2,2
"Moderate overlap","most_exchangeable",38,23534,0.996613828651865,0.76,2.34692539208892,4.53907441269359,1,0.269541439391603,0.879634170795348,1.02486179983062,1,2,2
"Moderate overlap","most_exchangeable",38,20174,0.99733493406336,0,3.13989686661268,2.26997529188387,1,0.559406720205613,1.46211385997169,0.974954923736113,3,2,1
"Moderate overlap","most_exchangeable",38,6470,0.97968103055482,0.52,-1.52204329231843,6,0,0.777861471867635,-0.142254049617109,-0.0967824789876453,2,1,1
"Moderate overlap","most_exchangeable",38,12972,0.996472037818029,0,3.39334015545906,0.362957890895495,1,-2.0446484746872,-1.15947788894259,-1.00696879159737,1,1,1
"Moderate overlap","most_exchangeable",38,38567,0.996531742551992,0.16,1.98817666251082,5.99672942872746,1,0.0916436270474556,0.421273164741079,-1.20252659758268,1,2,1
"Moderate overlap","most_exchangeable",38,12159,0.997213738462604,0.0133333333333333,3.45962797829261,0.906793170646152,1,-0.761354567512721,0.867312857448211,-0.291944605921363,1,2,1
"Moderate overlap","most_exchangeable",38,36112,0.983354244671881,0,-1.29032527190083,6,0,-1.99604620063344,1.22962743283423,0.560505722240513,1,1,2
"Moderate overlap","most_exchangeable",38,9548,0.996831055445758,0.466666666666667,3.26142869568153,1.1809852307983,1,-0.978974025833071,-1.16470763862392,-1.08749467784883,1,1,1
"Moderate overlap","most_exchangeable",38,14636,0.998179847489954,0.373333333333333,4.21727881416521,0.0424546752249179,1,2.01402407790267,-0.205127444975186,0.525876834113797,3,2,2
"Moderate overlap","most_exchangeable",38,24354,0.997059979515514,0.426666666666667,2.51264076580572,4.32329398361402,1,-0.640420956413346,-0.641603881215015,-0.237032511180175,1,1,2
"Moderate overlap","most_exchangeable",38,34899,0.997275739756675,0.0933333333333333,3.16857020655625,1.98769786743749,1,-0.771102201261472,0.58750519362093,0.0296837305750821,1,2,1
"Moderate overlap","most_exchangeable",38,13080,0.99637585314023,0,3.39758237840725,0.347583343351288,1,-0.646193035368062,0.475908757831098,-0.177243159149955,2,1,1
"Moderate overlap","most_exchangeable",38,13305,0.99714358574165,0,2.86001365840292,3.04263447029221,1,-1.57177086521485,-1.03388146315493,-1.74677004391857,1,2,1
"Moderate overlap","most_exchangeable",38,13429,0.986737920792817,0.0933333333333333,-1.05778929926337,4.8463078712553,0,-1.20460146990949,-0.52743003790321,-1.40163222056648,1,1,1
"Moderate overlap","most_exchangeable",38,31336,0.997112352444432,0,2.91057656103185,2.77729453333148,1,-1.02402753581884,-2.26005195622213,-0.637711359682978,2,1,1
"Moderate overlap","most_exchangeable",38,22493,0.997154779647674,0.48,2.8880554609813,2.97403245218915,1,0.430160648508541,2.06308090263585,1.24825594347628,1,2,2
"Moderate overlap","most_exchangeable",38,49402,0.996954831573111,0.64,3.19738880064728,1.59858198999772,1,0.0980810294337831,-1.20595707306309,-1.46726643668696,1,1,1
"Moderate overlap","most_exchangeable",38,8559,0.997314299127414,0.466666666666667,3.26120884091062,1.93517478749168,1,0.620374455330333,1.57834398333318,0.90856442511961,2,2,3
"Moderate overlap","most_exchangeable",38,30361,0.997099714066142,0.0533333333333333,2.8587858292879,3.06057746474851,1,-0.197667291241877,-0.307047819234219,0.972739223894311,1,1,3
"Moderate overlap","most_exchangeable",38,26753,0.99704353708804,0.52,2.82010817714602,3.10229917432545,1,1.78728627184121,-0.0155149924247356,0.636722512542964,2,2,2
"Moderate overlap","most_exchangeable",38,20395,0.997110846605788,0,2.9233838998661,2.85639254365508,1,0.561369947592197,0.326414413487821,-0.452610952934647,2,3,1
"Moderate overlap","most_exchangeable",38,14988,0.997128561430316,0.0133333333333333,2.93436386894042,2.83685262714224,1,-0.11066308830841,0.622642349789228,-0.880340288944334,1,3,1
"Moderate overlap","most_exchangeable",38,46204,0.99703434558712,0,2.58151931690665,4.05179556316183,1,-0.899808223875666,-0.560541671188374,-2.18160941057329,1,1,1
"Moderate overlap","most_exchangeable",38,16267,0.997276399723425,0.373333333333333,3.06834562375081,2.43488513556129,1,-0.688666026457493,0.133059960627353,0.521599577999805,1,2,2
"Moderate overlap","most_exchangeable",38,22911,0.997122977703042,0.88,3.29175424388707,1.33288998783668,1,0.783348885945757,-0.233089374877884,0.12354668020418,1,1,1
"Moderate overlap","most_exchangeable",38,5932,0.948524444072404,0.52,-2.42938945038884,6,0,0.872800813200709,1.88733177807449,1.5122165645193,2,3,2
"Moderate overlap","most_exchangeable",38,40171,0.991606842435636,0.0133333333333333,-0.354451860638611,1.1138740228489,0,0.971523055347052,0.270420888381966,-0.250125219483378,3,1,2
"Moderate overlap","most_exchangeable",38,17159,0.99693864210725,0.426666666666667,2.99848840556319,2.27363816991441,1,-0.769271318250422,-0.97346691111937,-1.40937329551042,1,1,1
"Moderate overlap","most_exchangeable",38,27523,0.997287935940258,0.0666666666666667,3.10409872830655,2.26443585786924,1,1.64991070921617,0.0774700085041288,0.0461694633896087,3,3,3
"Moderate overlap","most_exchangeable",38,2360,0.996886734676548,0.72,3.54639066811838,0.201229044836427,1,-0.535569461360028,-1.23637875469903,-0.521989369585517,1,1,1
"Moderate overlap","most_exchangeable",38,14663,0.996837130670112,0.04,3.12257383821801,1.66790342857633,1,-1.72962060309276,-1.38975170705978,-1.26312017374868,1,1,1
"Moderate overlap","most_exchangeable",38,19031,0.99679049354563,0.106666666666667,2.73341103666276,3.20335785793001,1,0.456698374026019,1.1767508705417,1.46494073592761,3,2,3
"Moderate overlap","most_exchangeable",38,16972,0.99682585977825,0.146666666666667,2.52366188371678,4.08582586358029,1,0.0137387258987925,-0.938376289025307,-0.962363778518796,1,2,1
"Moderate overlap","most_exchangeable",38,13473,0.997146208251789,0.0266666666666667,2.98844364534337,2.68202091467275,1,1.30164685714925,0.207166294967544,1.25492952713987,3,1,3
"Moderate overlap","most_exchangeable",38,10956,0.997074089519284,0.573333333333333,2.79970390313329,3.21153989883527,1,-0.406297880389445,-0.104088737850191,-0.059900266956188,1,1,2
"Moderate overlap","most_exchangeable",38,24158,0.997436618892468,0.0666666666666667,3.48828370793409,1.04839598789183,1,-0.107892767043975,0.00538520662183542,-0.0904129500255378,2,2,1
"Moderate overlap","most_exchangeable",38,12537,0.980690495318776,0.413333333333333,-1.46920657145299,6,0,-1.05921371606485,-1.52382454131069,-0.623013824478994,1,1,1
"Moderate overlap","most_exchangeable",38,46527,0.997091430367113,0.613333333333333,2.72608730519502,3.46977617891833,1,-1.03098238365963,-0.787452403009368,0.0727373462538877,1,1,1
"Poor overlap","few_exchangeable",30,18385,0.0697020488780553,0,-0.0371118340931935,2.90381837519484,1,-0.873303122503281,-0.657550668527186,0.545316949790992,1,2,2
"Poor overlap","few_exchangeable",30,35490,0.0822209817438013,0,-0.0219753662533575,0.713896071450282,1,0.799720654168332,0.118665539138705,-0.50543737433305,3,2,1
"Poor overlap","few_exchangeable",30,21905,0.0418386008556626,0,-1.07904033796148,1.73998046417528,1,-0.780659335364462,-0.698173588048097,-0.18777474426895,2,1,2
"Poor overlap","few_exchangeable",30,6169,0.0994086699101086,0,0.480544418761117,3.25788017362356,0,-0.537815435695608,-1.35045633615222,-0.836477461067962,1,1,1
"Poor overlap","few_exchangeable",30,38673,0.107182903962114,0,0.674586327618954,6,0,-0.399067879563485,-0.132258089720678,0.0140126575802609,2,2,2
"Poor overlap","few_exchangeable",30,15054,0.122728644735915,0,0.755257392268319,5.1240568049252,0,-0.349470701436911,-0.57109913097156,-1.04436122402463,1,1,1
"Poor overlap","few_exchangeable",30,17645,0.0749867241361563,0.266666666666667,0.0384565778810195,1.77607557520402,0,1.19381649376243,1.79459286672369,0.337019258028882,2,2,2
"Poor overlap","few_exchangeable",30,10132,0.140919312601258,0,0.966608240662598,6,0,-0.69233863285406,-0.832805392193521,-0.860783910724162,1,1,1
"Poor overlap","few_exchangeable",30,2037,0.062155526443473,0.04,-0.277458348689714,2.99089798000146,1,0.847675293027833,0.674471208813349,1.73118866763574,2,1,3
"Poor overlap","few_exchangeable",30,13551,0.0641279058452316,0,-0.221041151162757,3.38245947826871,1,0.00978896208430666,0.244393889971573,-0.787538170025314,1,1,1
"Poor overlap","few_exchangeable",30,27053,0.0881023708421357,0,0.156956288260752,1.17090807695773,1,1.26487695672787,-0.869083828089726,-0.670560323684089,3,2,1
"Poor overlap","few_exchangeable",30,22195,0.0800095664957633,0.32,0.114826963592567,2.00373299428727,1,1.43242848791668,2.00028165016278,1.81373600719729,3,3,3
"Poor overlap","few_exchangeable",30,34918,0.0827571308149654,0,0.00449222770129221,1.12845018367213,1,0.476222499709694,0.651830388969069,2.78588765444033,3,2,3
"Poor overlap","few_exchangeable",30,35150,0.0753956242681573,0.0533333333333333,0.0497967218381932,1.29858776926994,0,0.791912888928682,1.17820854273465,0.142310855823181,2,2,1
"Poor overlap","few_exchangeable",30,5080,0.0763436055514345,0,0.103015883129723,2.07405897158444,1,0.441858769935667,1.05555655272128,-0.660861901914326,1,3,1
"Poor overlap","few_exchangeable",30,350,0.0684926951271343,0,-0.16252506764018,4.60857421398844,1,0.605035960687119,0.00873350118055144,0.233026105535787,2,1,1
"Poor overlap","few_exchangeable",30,13012,0.0474357110547237,0.0133333333333333,-0.673696257591202,1.49123889276502,1,-0.449147581232681,0.653018451225044,1.18014481760524,1,1,1
"Poor overlap","few_exchangeable",30,33596,0.0665747133467047,0,-0.0440208152628716,3.83557011342034,1,0.66767922061068,2.17343101483903,-0.954059334219052,1,2,1
"Poor overlap","few_exchangeable",30,18219,0.0360806310973841,0,-1.04979284542949,6,0,0.882542128310061,0.23167067071506,-0.372061746053915,1,2,1
"Poor overlap","few_exchangeable",30,7998,0.0687293677612122,0,0.00101076551523072,3.7551339078043,1,0.491875858550814,2.262893608477,1.30952815109116,2,3,3
"Poor overlap","few_exchangeable",30,37130,0.0683770372620588,0,-0.018744062530335,3.55450814159705,1,0.0285563408775407,-0.513543215799426,-0.8579902460831,2,3,1
"Poor overlap","few_exchangeable",30,37354,0.0662368937666453,0,-0.315555384886123,5.14329073237324,1,-0.755651472505324,-0.813996958562193,-1.09012155937271,2,1,1
"Poor overlap","few_exchangeable",30,19729,0.0671707099441661,0,-0.12731314284019,2.36192957809236,1,-0.993163678234636,0.757762086526195,-0.198870348593419,1,2,1
"Poor overlap","few_exchangeable",30,42085,0.0988024906756406,0,0.58380516333575,4.69332763459533,0,-0.445498946982622,-2.51572435533983,-2.88272364396003,1,1,1
"Poor overlap","few_exchangeable",30,30506,0.0703842961112633,0.0666666666666667,-0.0282389729596209,2.58708398304683,1,1.00892805440815,1.24571953335092,0.614707740083,3,2,2
"Poor overlap","few_exchangeable",30,29588,0.0694622316383106,0.0666666666666667,-0.219122574459146,0.998678279332509,1,0.28234531933142,0.223943339312591,0.616448342440253,2,2,2
"Poor overlap","few_exchangeable",30,44493,0.0498347540809768,0,-0.671041024886547,2.01150669025001,1,-1.04165438129232,-0.520500808724088,-0.420045554209338,1,1,1
"Poor overlap","few_exchangeable",30,34092,0.0665105385638288,0,-0.21942124370197,4.14351627328593,1,-0.766939990933276,-0.708851293077397,-0.124487238853135,1,1,1
"Poor overlap","few_exchangeable",30,1718,0.0725633383634867,0,0.0433448152373736,0.629328400827944,0,0.0689002671175866,-0.58432628123701,0.672276968841904,3,2,2
"Poor overlap","few_exchangeable",30,28240,0.072544835431733,0,0.0538777058506721,4.9164217226607,1,0.946040872290751,-0.353104350896234,-1.78811828769528,1,1,1
"Poor overlap","few_exchangeable",30,13086,0.0913673686387502,0,0.378662808920549,6,0,-0.895452242841423,0.33754730658632,1.05524114647818,1,2,2
"Poor overlap","few_exchangeable",30,30417,0.0436524915102875,0,-1.01298787027942,0.447570798619344,1,-0.19443595775984,0.701802886881955,0.624863929554673,2,1,3
"Poor overlap","few_exchangeable",30,5539,0.0596740659965589,0,-0.388261617213243,2.79847648893433,1,-0.630833159564288,-0.928448573374724,-1.17264311051846,1,1,1
"Poor overlap","few_exchangeable",30,18997,0.110646995745496,0,0.75072734997908,6,0,-0.378511216157182,-2.28228514858856,-1.72086595878362,1,1,1
"Poor overlap","few_exchangeable",30,33830,0.0664845103737655,0.0133333333333333,-0.1903677785703,4.36664220126763,1,0.730495086963846,0.179339862892838,1.15325414148588,2,1,1
"Poor overlap","few_exchangeable",30,6180,0.0566612666829699,0.28,-0.355611727313059,6,0,1.68565262893804,0.990633410124103,-0.364203063481988,2,2,2
"Poor overlap","few_exchangeable",30,18993,0.0912663343006838,0.186666666666667,0.20334161882519,1.2480859470919,1,1.32798076999301,1.55476145904815,1.55433728839846,3,3,3
"Poor overlap","few_exchangeable",30,42753,0.0696653461821751,0.0666666666666667,-0.105005634478977,2.50283336371287,1,0.337419614592595,0.282647741025179,0.225014719336658,2,2,2
"Poor overlap","few_exchangeable",30,33655,0.0628708155804809,0,-0.329871316053821,3.14211535156098,1,-0.783909476410037,-1.67262557717533,-0.655930613856392,1,1,1
"Poor overlap","few_exchangeable",30,878,0.0572063496832126,0.0666666666666667,-0.465980961042309,1.0667045041133,1,0.246282767538921,-0.143490960521343,0.286682777570746,1,1,2
"Poor overlap","few_exchangeable",30,14681,0.0812341467935008,0,0.0457722100215201,0.974436205828332,1,-0.465740624275531,-0.775159901441705,-1.2568235065079,1,2,1
"Poor overlap","few_exchangeable",30,17948,0.053552574692528,0,-0.552390630117293,1.45379184598663,1,-0.402326964450433,-0.601714596903033,-1.06481402255049,1,1,1
"Poor overlap","few_exchangeable",30,29259,0.161863111112747,0,1.14975301181742,6,0,-1.45465931122029,-0.798353543201843,-0.900828641677844,1,1,1
"Poor overlap","few_exchangeable",30,9987,0.0504475890322954,0,-0.782013641566956,2.06783345861428,1,-0.6412130712834,-0.167736965593658,-0.179582982993165,2,1,3
"Poor overlap","few_exchangeable",30,8319,0.0545638774119999,0,-0.619189672282731,3.56386429578762,1,-0.494222402261413,-0.506948144499221,-0.183346709792179,2,1,2
"Poor overlap","few_exchangeable",30,31639,0.0389960106244837,0,-1.03045392732552,0.133998276440299,1,-0.759515247305517,0.536600698448109,-0.0510593190567653,1,1,2
"Poor overlap","few_exchangeable",30,9004,0.041483565475243,0,-1.02028073387221,0.0374565057739727,1,-1.17841361370487,-1.09748930431982,-0.874555508411829,1,1,1
"Poor overlap","few_exchangeable",30,22049,0.0573932950810791,0,-0.50594214260546,1.41593992527822,1,-0.397497166200356,-1.33085668241819,-0.115297190556972,1,1,1
"Poor overlap","few_exchangeable",30,21953,0.0696998603809922,0.0533333333333333,-0.00385670137302663,3.37663922192926,1,0.928188102338104,1.24865019606517,0.525175737494429,2,3,2
"Poor overlap","few_exchangeable",30,32268,0.0493587710289605,0,-0.65184771127297,2.25097662068339,1,-0.964837651438365,0.0803518188063628,0.0155418011352992,1,1,1
"Poor overlap","few_exchangeable",30,38622,0.0406067670819789,0,-1.00616363015776,1.24564564418408,1,-1.62617751503609,-0.587485690572305,-0.32433475898986,1,1,1
"Poor overlap","few_exchangeable",30,44922,0.0635806350493628,0,-0.0490906085090708,2.63631698633982,1,1.99253276644196,0.473391227483445,0.226237992398488,2,3,3
"Poor overlap","few_exchangeable",30,47510,0.0760887364533614,0,0.127053985550008,5.71217013854449,1,-1.46684700991123,0.518149397281666,-0.390100293548114,1,2,1
"Poor overlap","few_exchangeable",30,36754,0.0427453047605384,0.04,-0.954806998867609,0.932359575934395,1,0.354712901378301,0.453080041315572,1.6687219106697,2,1,2
"Poor overlap","few_exchangeable",30,40594,0.0560271647478696,0,-0.154831273385843,5.30935520351165,1,0.321648631455957,1.08374052973759,1.16848709178276,1,3,2
"Poor overlap","few_exchangeable",30,23081,0.0743589254473345,0,0.0522084736945501,5.15450238259569,1,0.0239778102929947,-0.756844817403481,-2.17954717443109,1,1,1
"Poor overlap","few_exchangeable",30,42715,0.101932181964084,0.08,0.412860455793265,1.10893829016168,1,2.23738687360777,-0.0590803847721773,1.07464503248288,3,2,3
"Poor overlap","few_exchangeable",30,23922,0.0511781355957751,0,-0.375596423458065,6,0,-0.0517236955674846,0.302020283779192,-0.424460793435691,1,3,1
"Poor overlap","few_exchangeable",30,40686,0.0523479148431422,0.0133333333333333,-0.650246125661385,2.39977369038897,1,0.261043842199094,-0.217613372762467,0.594724631767761,2,1,2
"Poor overlap","few_exchangeable",30,25628,0.0682444379077604,0.2,-0.00919094345483229,3.47516196191379,1,1.23221237824362,2.03633471471028,1.42572904295735,2,2,3
"Poor overlap","few_exchangeable",30,44214,0.0627523903091918,0,-0.378274793402154,1.40679651076415,1,-0.459503275743753,-0.0945669360770087,-0.13931451482397,2,2,2
"Poor overlap","few_exchangeable",30,9794,0.127244144195125,0,0.807941955759437,6,0,-0.0384865481198389,-0.336811871238887,-0.176814439671619,1,1,1
"Poor overlap","few_exchangeable",30,21897,0.0495692723874489,0,-0.725737549637944,0.101963825459478,1,-0.381154180250181,-0.879611947945198,-0.34867567693183,1,1,1
"Poor overlap","few_exchangeable",30,15782,0.150273330975707,0,1.04514871816694,6,0,-0.953225563120438,-0.683280193337284,-0.599457378914302,1,1,1
"Poor overlap","few_exchangeable",30,6901,0.0904759232848723,0.306666666666667,0.278055798342844,1.48103382395027,1,2.69586438009604,3.67022716898786,1.55308105599385,3,3,3
"Poor overlap","few_exchangeable",30,8516,0.0578338963850635,0,-0.399760625129752,2.00195560012525,1,-0.0758896133238862,-0.256167157343229,-1.3879481800577,1,1,1
"Poor overlap","few_exchangeable",30,2761,0.0951975239623466,0,0.214870825306588,0.332384160431524,1,-0.0527952392674134,-0.913157854230195,-1.54515493219132,1,2,1
"Poor overlap","few_exchangeable",30,49923,0.0553408416726927,0.0666666666666667,-0.47921602547751,1.52958492571662,1,0.114446928685267,0.271600807849516,0.430846228425876,1,1,2
"Poor overlap","few_exchangeable",30,18118,0.0815528035517841,0,0.158520378649441,0.860015745274723,0,-0.131436452991575,-1.51514057511165,-1.15229897836648,2,1,1
"Poor overlap","few_exchangeable",30,34858,0.063044525410385,0,-0.308947432473602,4.18903435970242,1,-0.313472804510092,0.0542716401091852,0.528995374813957,2,1,3
"Poor overlap","few_exchangeable",30,27402,0.0496786112205186,0,-0.671478205236938,1.69042536241209,1,-0.876467307263994,-0.543271955806611,-0.767670645337539,1,1,1
"Poor overlap","few_exchangeable",30,33887,0.0710798436075682,0,0.0294461804193789,2.68820389403976,1,0.144661723365125,0.379069579306688,-0.352673227758233,1,2,2
"Poor overlap","few_exchangeable",30,9827,0.0641460239742957,0.0266666666666667,-0.3356394685486,1.41531970911557,1,1.3025638802845,0.43613102809397,0.791916719855704,2,1,3
"Poor overlap","few_exchangeable",30,37739,0.0584357315743225,0,-0.469509366600589,3.41533491886696,1,-0.000902299704653022,-0.76394250498635,-0.668739040105113,2,1,1
"Poor overlap","few_exchangeable",30,23042,0.163887711232223,0,1.1669083849954,6,0,-1.24398291552149,0.0571191633149808,-0.284166206062947,1,1,2
"Poor overlap","few_exchangeable",30,9838,0.162104665673715,0,1.17486061095166,6,0,-1.41379399719561,-0.424727676459874,-0.89034976772858,1,1,2
"Poor overlap","few_exchangeable",30,26317,0.0665949093635168,0.08,-0.203726710046238,1.99145762936543,1,0.187916309595547,0.757700887399833,0.896455205362041,2,2,2
"Poor overlap","few_exchangeable",30,37655,0.086771925827263,0.0666666666666667,0.191771023096366,1.29773677325156,1,1.78449464515074,0.856834757422122,0.410208866818233,3,3,2
"Poor overlap","few_exchangeable",30,29333,0.0685990817240875,0.0666666666666667,0.0469041237561003,2.46558894447355,1,1.66877294773864,0.931605448840253,0.888331992068708,3,3,3
"Poor overlap","few_exchangeable",30,12379,0.0614287790283398,0.04,-0.297125304941145,3.56012359368916,1,-0.266736633148845,0.617117078842118,0.775921836789393,1,1,2
"Poor overlap","few_exchangeable",30,33121,0.0932369473013072,0,0.251086001470044,0.882845392899139,1,0.475167308497185,-0.42142117263545,0.221376913509672,1,2,2
"Poor overlap","few_exchangeable",30,9207,0.0824961349297198,0,0.091557418418925,1.35068162606686,1,-0.293013249891353,-1.07523449287357,-0.566330993067634,1,2,1
"Poor overlap","few_exchangeable",30,49896,0.0627649629039282,0.0666666666666667,-0.311423522171721,4.21894860641081,1,0.54297277456185,0.831748740949952,1.66021499518133,2,1,2
"Poor overlap","few_exchangeable",30,37447,0.0704440420715036,0.0666666666666667,-0.0824308995372369,1.91243194032751,1,0.734685823547971,1.08473240477625,0.257595179316276,2,2,1
"Poor overlap","few_exchangeable",30,20853,0.0648387427256225,0,-0.145684025578887,4.41897828433708,1,0.0743835158577583,-0.792874096506166,1.05204449982721,2,1,3
"Poor overlap","few_exchangeable",30,7276,0.152978411847202,0,1.07445985823645,6,0,-1.08678984813535,-0.754315321523412,-0.262640195725823,1,1,1
"Poor overlap","few_exchangeable",30,14914,0.0642293745333513,0,-0.341922588741584,1.26012556612619,1,-1.92015985648015,-1.05352402139058,-1.61131139513039,1,2,1
"Poor overlap","few_exchangeable",30,38063,0.056451691315057,0,0.0639687378907388,5.35795224553127,1,-0.0147716654977427,-1.65143412031904,-1.13521342449994,3,2,1
"Poor overlap","few_exchangeable",30,31992,0.0688701095338229,0.0533333333333333,-0.171924146155445,4.84996740886424,1,0.490086621949983,0.233896873904495,0.89916435706269,2,1,2
"Poor overlap","few_exchangeable",30,11195,0.0902157842788606,0,0.0621122151398428,0.845482057521551,1,0.499993370415661,0.942310336727511,1.72076449788901,3,3,3
"Poor overlap","few_exchangeable",30,18442,0.08192749693436,0,0.143067704744909,1.67754166588583,1,0.310650811251452,0.553370262151164,-0.198233546563955,1,3,1
"Poor overlap","few_exchangeable",30,33045,0.0878182019496743,0,0.108962074149168,0.974339471665158,1,1.05704210622023,0.213970558255922,-1.05100537304564,3,3,1
"Poor overlap","few_exchangeable",30,19836,0.055789968927793,0,-0.616947261570353,0.745265542806884,1,-0.622832836903183,-1.94987383172454,-1.55986360269856,1,1,1
"Poor overlap","few_exchangeable",30,46090,0.0471677972115225,0,-0.889604281783833,3.1740932347393,1,-2.7299673054015,-1.52732710560827,-0.41426385217562,1,1,1
"Poor overlap","few_exchangeable",30,35691,0.0575068877595355,0,-0.0903881140006648,3.2105462227221,1,0.910778231015339,0.614765447758528,-0.593408306096147,1,3,2
"Poor overlap","few_exchangeable",30,8023,0.0782497161719211,0,0.0773408782947592,0.444100401364267,0,-0.787788088414598,-0.0305195993276352,-0.329522604012091,1,1,1
"Poor overlap","few_exchangeable",30,43604,0.0708224676488338,0,-0.0167101797296558,3.07116866552063,1,-0.502645060751406,0.201721477497023,1.22346977628398,1,2,2
"Poor overlap","few_exchangeable",30,24674,0.0686096684532222,0,0.0693853586933257,2.2743420068667,1,1.38479980053212,0.2085301438117,-0.231806966738074,3,3,2
"Poor overlap","few_exchangeable",30,8193,0.0508622910236661,0,-0.604349855118702,1.95382415184705,1,-0.493849381164393,0.388455807116659,-0.299302916510872,1,1,2
"Poor overlap","few_exchangeable",30,15906,0.0490774478082968,0,-0.825032751583947,1.98877035869574,1,-0.36124055875226,-1.2046384222161,0.609922974145752,2,1,1
"Poor overlap","few_exchangeable",30,47867,0.0740889815711042,0.213333333333333,0.00696436898191645,0.153250610221284,0,0.644499158022391,0.510819115352253,1.01340234802665,2,2,2
"Poor overlap","few_exchangeable",30,35295,0.0708916657366806,0,0.00852491006889045,4.70866757807422,1,-0.173488040971581,1.33131572393231,-0.438813565032755,1,2,1
"Poor overlap","few_exchangeable",30,21436,0.0545003677747191,0.0533333333333333,-0.532164990743955,1.57334925960405,1,-0.142747154788774,-0.0382845313785571,0.973724949378527,1,1,2
"Poor overlap","few_exchangeable",30,37889,0.0775162113990859,0.306666666666667,-0.00189541980256447,1.25342390198919,1,1.08514656087793,0.517885392391453,0.500184934539816,2,2,2
"Poor overlap","few_exchangeable",30,44598,0.071769373652161,0,-0.0490880015480593,4.29824631526076,1,0.128195560297526,-0.559351353226219,-0.822431008184691,1,1,1
"Poor overlap","few_exchangeable",30,14056,0.0786619226588547,0,-0.0649927499506708,0.558101252139588,1,-0.622603379138152,-0.305308608460237,-0.638929760837308,1,2,2
"Poor overlap","few_exchangeable",30,23148,0.0807956943103419,0,0.147378274224269,0.795314321294427,0,-0.262955499557506,-1.89842459341618,-1.7326754827563,2,1,1
"Poor overlap","few_exchangeable",30,20995,0.131443379730483,0.28,0.618940725329134,0.165121109199412,1,2.14395546112564,1.65490732311155,0.874055675810671,3,3,3
"Poor overlap","few_exchangeable",30,174,0.139977387867324,0,0.934999119098837,6,0,-0.481057986042492,-0.414836421179291,-1.01895350101239,1,1,1
"Poor overlap","few_exchangeable",30,25280,0.157778277961764,0,1.21129510631005,6,0,-2.27488863307371,-2.78834353574214,-1.60614847361859,1,1,1
"Poor overlap","few_exchangeable",30,39914,0.058302433593352,0,-0.388159418049619,3.07331652763746,1,-0.475906504267388,0.291046021934139,0.406956527462075,1,1,1
"Poor overlap","few_exchangeable",30,10905,0.0687624251613918,0,-0.129282948772742,2.13084624119747,1,-1.06178286328067,0.157246554123305,0.35123010307044,1,2,1
"Poor overlap","few_exchangeable",30,39020,0.0570694648445931,0,-0.599547019199075,1.65049846100405,1,0.724322952719112,-0.563794748549765,0.088284440488778,3,1,2
"Poor overlap","few_exchangeable",30,40148,0.0620035091078496,0,-0.370875735730853,4.45868581833793,1,-1.64841643009175,-0.620765904743793,-0.0605382329962068,1,1,1
"Poor overlap","few_exchangeable",30,13984,0.0705707950252155,0.08,-0.0286361248586955,3.61733784574371,1,0.394644961013144,0.358539809946792,0.574352484296938,2,2,2
"Poor overlap","few_exchangeable",30,42779,0.0702469942916021,0,0.0166855263969299,4.30927310462294,1,-0.758636542003049,0.0760994562191813,-0.825085017796719,1,2,1
"Poor overlap","few_exchangeable",30,18622,0.102401093969772,0,0.643010472344938,6,0,0.164933966699951,-1.44907695772067,1.25418202494337,1,1,1
"Poor overlap","few_exchangeable",30,45729,0.0582578173127326,0,-0.40967955427248,2.46213608429286,1,-0.424342371295745,-0.566161478019089,-1.05973181120925,1,1,1
"Poor overlap","few_exchangeable",30,7624,0.0793446499382941,0,0.0162272311110252,1.17276562348563,1,0.896381844789849,-0.182069286152711,-0.123309976944205,2,2,1
"Poor overlap","few_exchangeable",30,36038,0.0583352801409343,0,-0.471951138070485,3.13070623058021,1,-1.27648089636691,-1.47006639044662,-0.246150281586156,1,1,1
"Poor overlap","few_exchangeable",30,19519,0.0614718393750843,0,-0.434734388028195,4.99044250596249,1,-2.769462276632,-2.26380860903365,-2.81323840666183,1,1,1
"Poor overlap","few_exchangeable",30,2022,0.07213882215125,0,-0.0406565474343317,1.9484227325538,1,0.840445204575376,1.33565723983252,-0.196513940036588,2,3,2
"Poor overlap","few_exchangeable",30,18657,0.0668279353783348,0,-0.196254864328528,4.50921338336144,1,-0.838518942383696,-0.547239805848837,-0.0129600235765701,1,1,2
"Poor overlap","few_exchangeable",30,17426,0.0651717855184319,0.0666666666666667,-0.228207449610588,2.42358959747776,1,0.457532799239422,-0.477882061663258,0.813405316321301,1,1,2
"Poor overlap","few_exchangeable",30,30833,0.065617444342535,0,-0.215726478544399,3.8769450918084,1,-0.599980326225834,-0.83237610798668,-1.64437482304821,1,1,1
"Poor overlap","few_exchangeable",30,22709,0.0701850275594249,0.173333333333333,-0.0602082432489031,4.18822724129237,1,0.444315060026141,0.24429621909936,0.629046907904776,1,1,2
"Poor overlap","few_exchangeable",30,31765,0.050578294571388,0.0133333333333333,-0.656277501656083,1.44845899618619,1,-0.472641162030609,-0.039191227041926,0.889723731871262,1,1,2
"Poor overlap","few_exchangeable",30,3805,0.0440166657917599,0,-0.794297284193954,2.0524144699055,1,-1.17891005803983,0.583840165877148,-0.125782552947528,1,1,1
"Poor overlap","few_exchangeable",30,30679,0.125659483930874,0,0.792306167434456,4.35703172402084,0,-1.26064411106158,-1.04131117326517,-1.91773448823892,1,1,1
"Poor overlap","few_exchangeable",30,642,0.0378315919811264,0,-1.00875046572331,0.219125351137759,1,-0.869034775516044,0.345035219487154,-0.231723735369523,1,1,1
"Poor overlap","few_exchangeable",30,37545,0.0677076376065157,0,-0.000663771592465334,2.89415381281477,1,0.566508996148197,-0.664438790831772,-0.170077291199923,1,2,2
"Poor overlap","few_exchangeable",30,4504,0.0701804228352652,0,-0.0890011891174178,3.99654125801959,1,-0.0860056615835193,-1.32470792563075,-1.02107513480247,1,1,1
"Poor overlap","few_exchangeable",30,6934,0.0662529711971599,0,-0.189018032708365,2.20347573386412,1,0.577880232146311,-0.614374864282736,-1.18388026316825,1,1,1
"Poor overlap","few_exchangeable",30,11815,0.0505401716125476,0.266666666666667,-0.267956325277594,6,0,1.46029871096095,0.51827122508034,1.40100300934143,3,2,2
"Poor overlap","few_exchangeable",30,21559,0.183931629930052,0,1.29175698096279,6,0,-1.98957131070355,0.267089016102909,0.0222248680029099,1,1,1
"Poor overlap","few_exchangeable",30,46762,0.117064525889721,0,0.655173707180969,2.88107437081635,0,-2.90301963810882,-1.18504145672205,-0.817349681260833,1,1,1
"Poor overlap","few_exchangeable",30,32702,0.0752568190924372,0,0.0495548391296552,5.37654190867373,1,-0.500878290645178,-1.46552027362862,-2.07931229055316,1,1,1
"Poor overlap","few_exchangeable",30,32105,0.101180930457569,0,0.277889440580224,0.894448409707879,1,1.10570652776497,0.174373066503407,0.505917978966464,3,3,3
"Poor overlap","few_exchangeable",30,29782,0.0720889568705339,0.04,-0.26357453506947,0.034476281251944,1,0.28329701047417,-0.0293675264943813,0.793648633161088,2,2,2
"Poor overlap","few_exchangeable",30,19412,0.0504836301621845,0,-0.785465414484678,0.900321616403005,1,0.328004367347166,-1.21607565238779,-0.287276018444863,2,1,1
"Poor overlap","few_exchangeable",30,17678,0.0703627557564603,0.0666666666666667,-0.0779354299987469,4.49071415255232,1,1.37781571220713,0.469769905928937,0.0241759143629874,2,1,2
"Poor overlap","few_exchangeable",30,3934,0.0710967967474457,0,-0.0606378040187838,4.48631699826243,1,-0.491899162412708,-2.01113703791432,-0.696570204339776,1,1,1
"Poor overlap","few_exchangeable",30,9575,0.068560030166498,0,-0.0748925120194381,3.7471323984037,1,0.329385467256565,-1.18405923977009,-0.872369493824052,1,1,2
"Poor overlap","few_exchangeable",30,32463,0.0683408845892532,0.0133333333333333,-0.179761760196844,1.76209287012951,1,0.330959827251154,1.52577945897829,1.06204524648705,2,3,2
"Poor overlap","few_exchangeable",30,11494,0.0446647710821548,0,-0.890495542015334,2.65761411163186,1,-2.15455637810462,-0.61285746285608,-0.184946556076153,1,1,1
"Poor overlap","few_exchangeable",30,21057,0.140559998534182,0,1.0322368813616,6,0,0.120771891728291,0.562324124386196,0.684543570161513,2,1,3
"Poor overlap","few_exchangeable",30,3936,0.0569996884002023,0,-0.597621175269268,2.18476896011533,1,0.384889678750833,-0.812205374148082,0.434933807906974,3,1,2
"Poor overlap","few_exchangeable",30,41188,0.0773486677902314,0.0533333333333333,0.075949927411556,5.23623077275854,1,0.720327898616426,0.904675295262508,0.167808001070077,1,1,1
"Poor overlap","few_exchangeable",30,41670,0.0741886835821449,0,-0.0413627424110778,5.63211176626497,1,0.174865037103595,-0.787208568430478,0.744359622773342,2,1,2
"Poor overlap","few_exchangeable",30,42848,0.0568811586774586,0,-0.127176776506646,5.75233892914705,1,0.000139227516124714,-0.344449033565974,-0.615270545418949,1,2,2
"Poor overlap","few_exchangeable",30,18620,0.0706601974226912,0.08,-0.0282586937476208,3.88132009922106,1,0.228327107589358,0.50858823038314,1.04978677955676,2,2,2
"Poor overlap","few_exchangeable",30,35649,0.0639503340835467,0,-0.240371275569871,3.54060454307788,1,0.424220488471523,-0.183682910648147,0.655525469931994,2,1,3
"Poor overlap","few_exchangeable",30,35167,0.0730547179733168,0,-0.029310977903116,1.86369885293492,1,-0.563916495331398,-0.280459365429526,-0.204688473155319,1,2,2
"Poor overlap","few_exchangeable",30,9903,0.109842039713949,0,0.63506034959671,6,0,0.389045625735902,-0.531386817975588,0.228562576400603,1,1,1
"Poor overlap","few_exchangeable",30,2873,0.0641796974754659,0,-0.177729989326767,6,0,-0.167462868738175,0.042090060518904,-1.09954596259007,1,2,1
"Poor overlap","few_exchangeable",30,15727,0.107340154092785,0.04,0.415310785760839,0.152618577001021,1,2.07203338192968,0.304605983348097,-0.414225441087189,2,2,1
"Poor overlap","few_exchangeable",30,2859,0.0664653756639383,0,0.0556567700960482,5.54624917411519,1,-0.762647721669154,-0.526294408932144,1.00381699862195,1,2,2
"Poor overlap","few_exchangeable",30,967,0.064891227215246,0,0.0768568733248163,2.24662524140771,1,2.47370293966524,0.465046176974163,-0.446320736819157,3,3,2
"Poor overlap","few_exchangeable",30,22882,0.0449656635453453,0.36,-0.896982570464826,6,0,1.16511577494346,1.5605087702259,1.23517987277252,1,2,2
"Poor overlap","few_exchangeable",30,22806,0.08050021060629,0.573333333333333,0.138566657771077,1.97747883866925,1,2.58179780186528,2.776535258385,1.47864401894319,3,3,3
"Poor overlap","few_exchangeable",30,7877,0.0897302424807859,0,0.0626706295116055,0.940802623334766,1,0.46488085675769,0.719892888475957,2.19168207174078,3,3,3
"Poor overlap","few_exchangeable",30,37301,0.070396799021643,0,-0.0168180266566309,3.26154618304231,1,1.19625798643182,-0.863694894619623,-1.51438398071168,1,1,1
"Poor overlap","few_exchangeable",30,9479,0.054522363171421,0,-0.574875440064306,4.40206241721954,1,-2.06666466165248,0.255478007148,0.0108058470847369,1,1,2
"Poor overlap","few_exchangeable",30,7153,0.062557132266299,0.0266666666666667,-0.264265207465601,3.14171838728551,1,0.0255937353105276,0.407311323965888,0.265180879845284,1,1,1
"Poor overlap","few_exchangeable",30,35344,0.0671061628722683,0,0.0304645847115834,4.56518187233944,1,0.0355711979339394,0.115367963371776,0.421005648264455,2,3,2
"Poor overlap","few_exchangeable",30,38254,0.111681385229195,0,0.674571875115817,6,0,-1.8228113469753,-0.318545970671052,-0.302171952966463,1,2,1
"Poor overlap","few_exchangeable",30,42774,0.0810776030229995,0.0266666666666667,0.0911885038955489,1.54397711500054,1,1.31976989854782,-0.203580305796628,0.138409342189525,3,2,2
"Poor overlap","few_exchangeable",30,43353,0.051321540027978,0.0266666666666667,-0.556423845666099,2.11999990857367,1,-0.254110212119837,1.00663653064449,0.883055294961058,1,1,2
"Poor overlap","few_exchangeable",30,700,0.0890668217799277,0,0.279145826656943,1.6562711607577,0,-0.826907119029068,-0.778054922626851,0.159065246082077,1,1,1
"Poor overlap","few_exchangeable",30,34714,0.120725592305397,0,0.405083715544192,0.378893787764343,1,1.16865764616297,-0.220368787958625,-0.189294245869355,3,3,3
"Poor overlap","few_exchangeable",30,4848,0.0573637141512607,0,-0.388866582584566,2.8117624904674,1,-0.284007593955307,0.48322366203008,-0.503742968628983,1,1,1
"Poor overlap","few_exchangeable",30,9460,0.120909680511867,0,0.683925805854948,3.66896223276854,0,-1.03415306215199,0.253139955393779,-0.125503708769596,1,1,1
"Poor overlap","few_exchangeable",30,7539,0.0610544963677855,0.08,-0.319146703264492,1.16940624145034,1,0.794763441129092,0.380271610123485,-0.00338016303555056,1,1,2
"Poor overlap","few_exchangeable",30,5912,0.0636587361651235,0,0.0116104529834695,4.21060461153482,1,-0.434487252269475,0.373344498752886,-0.581330327628079,2,3,3
"Poor overlap","few_exchangeable",30,27000,0.0420733576785189,0,-0.951279084712211,0.546303336065483,1,-1.13951065006541,-0.598315237498812,-2.08981913795981,1,1,1
"Poor overlap","few_exchangeable",30,45833,0.077482588962291,0,0.0204329119381126,1.63273458870825,1,0.557593757818118,0.702932672059098,0.560264385964564,2,2,3
"Poor overlap","few_exchangeable",30,4799,0.0763522264559985,0,0.00614219356272105,5.64220677912325,1,0.653444982680581,0.48527483907837,-0.595141343993612,2,1,1
"Poor overlap","few_exchangeable",30,6847,0.0783444663026707,0,0.148669221549359,1.90369928279083,1,2.10552882360951,0.47437264266364,-0.935092897008296,3,2,1
"Poor overlap","few_exchangeable",30,38573,0.0654653137964015,0.186666666666667,0.000927063756088753,3.38002770927559,1,1.33512275111347,1.4009592396362,1.71025759290836,3,3,2
"Poor overlap","few_exchangeable",30,47369,0.0531740869848869,0,-0.452706677631572,6,0,0.317273173501927,0.485874251427181,0.014126590104934,1,2,1
"Poor overlap","few_exchangeable",30,43411,0.0750476689269619,0,-0.0100116642346304,5.70562836701492,1,-0.65864993061288,0.69108666849396,0.740601507925991,1,1,2
"Poor overlap","few_exchangeable",30,43954,0.0741319131664927,0,0.0174943224442089,0.232286495156586,0,0.367879462374291,0.978006301140045,0.543945168257588,3,2,2
"Poor overlap","few_exchangeable",30,39490,0.0738192045884596,0,-0.0317373661941178,4.96669725468851,1,-0.48048718267404,-0.793831783226586,-0.797700811790744,1,1,1
"Poor overlap","few_exchangeable",30,45289,0.0672664161214177,0,-0.0188339932693387,3.18460420244518,1,0.351595573019161,2.48010719726757,0.954545818323109,3,3,3
"Poor overlap","few_exchangeable",30,37819,0.0360329963438784,0,-1.24182918048148,0.405391195300111,1,-0.434700651122475,-0.320089883244097,0.209714933928318,2,1,1
"Poor overlap","few_exchangeable",30,35286,0.16919275320168,0,1.27005960248449,6,0,-0.917682746529115,-1.25163702005052,0.223790836599771,2,1,1
"Poor overlap","few_exchangeable",30,8072,0.050316377265927,0,-0.383161223448808,6,0,-0.127757172417572,-0.913381401755033,-0.941623237117204,1,2,1
"Poor overlap","few_exchangeable",30,5135,0.0710927371827003,0,0.0404640146976856,2.60436612649571,1,0.168243400814007,-0.0806800678705901,-0.675270914258179,1,2,2
"Poor overlap","few_exchangeable",30,45474,0.0675907611825757,0,-0.123288887282917,3.45036795685491,1,-0.277036970353941,-0.477680181966739,-0.18326191742981,1,1,3
"Poor overlap","few_exchangeable",30,4724,0.0751248222711313,0,0.0035584354671232,5.47779903371863,1,-0.426869509192778,0.728310849121667,-1.0020682995404,1,1,1
"Poor overlap","few_exchangeable",30,7947,0.0701512488605453,0.0266666666666667,0.0330426026359201,2.58194054455095,1,1.56991645250581,0.860447998823933,1.08067580588802,2,3,3
"Poor overlap","few_exchangeable",30,15069,0.0887727233384657,0.186666666666667,0.155882140874336,0.975944199839455,1,1.16814098091085,2.0184327501755,2.30614308972533,2,3,3
"Poor overlap","few_exchangeable",30,13300,0.092104320624843,0,0.133888491770111,0.184127827174075,1,-0.0872477423349097,-0.412854458729296,-0.510407668623723,1,2,2
"Poor overlap","few_exchangeable",30,48778,0.0693126503059956,0,0.0772320772549555,2.34669342058063,1,0.514719492261609,-0.123780456360701,-2.01964602201885,1,3,1
"Poor overlap","few_exchangeable",30,6551,0.0509362059312252,0,-0.719652778677923,0.664744189931653,1,-0.738837729229828,-1.43149864655979,-0.881865908912514,1,1,1
"Poor overlap","few_exchangeable",30,29447,0.0755826018388568,0,-0.0769119728277288,1.00411615517055,1,0.605670666937896,0.90940278695434,-0.407497479701726,2,3,1
"Poor overlap","few_exchangeable",30,13544,0.0615167202592216,0,-0.366227485529188,1.41975960996479,1,0.106434266900641,-1.07657051397503,-0.736267952341808,1,1,1
"Poor overlap","few_exchangeable",30,37330,0.0534513279141141,0,-0.616574099415145,2.8772269995135,1,0.0378501971439136,-0.283241987923035,-0.314453801609349,2,1,2
"Poor overlap","few_exchangeable",30,2215,0.0613008155369995,0.133333333333333,-0.288913475473382,2.94936456882857,1,0.177944855915646,0.623137485210661,0.940160996055298,1,1,2
"Poor overlap","few_exchangeable",30,41621,0.0931510861047444,0.306666666666667,0.320351865549702,1.1452202195458,1,1.32574993913914,0.853081654124958,1.16305738473285,1,2,2
"Poor overlap","few_exchangeable",30,26921,0.0536696104352827,0,-0.437961228263024,6,0,0.27677805984899,0.407611809054313,-0.171708076924024,1,2,1
"Poor overlap","few_exchangeable",30,11889,0.0405627896750669,0,-1.02841446969773,1.71650379889883,1,-0.583937874274276,-0.172156663313317,-1.09316229928931,2,1,1
"Poor overlap","few_exchangeable",30,19009,0.093946342333928,0.04,0.0560087433283345,0.216746060454041,1,1.10636690697254,0.906196053137511,1.41311083983558,3,3,2
"Poor overlap","few_exchangeable",30,47748,0.0747639633824086,0.293333333333333,0.0880118803974981,2.27840830186467,1,1.75000786716114,0.824857755060617,1.06407917595694,3,2,3
"Poor overlap","few_exchangeable",30,34262,0.076468031661143,0,0.10589228418482,5.50096704866948,1,-1.3587980928413,0.554264342039577,0.596334703339411,1,2,1
"Poor overlap","few_exchangeable",30,27258,0.0687345270667226,0,-0.11374790152271,2.39769122140375,1,-0.350930458798941,1.21526616198028,1.48254269206727,3,3,3
"Poor overlap","few_exchangeable",30,44191,0.108800058629138,0,0.609690397144291,3.41750858351588,0,-1.35273203629652,-1.79985985333326,-1.73254118079794,1,1,1
"Poor overlap","few_exchangeable",30,5486,0.0627882523601916,0,-0.327531353759922,3.95952350803877,1,0.478666302237276,0.287793000043706,-0.0747914357623948,3,1,2
"Poor overlap","few_exchangeable",30,24544,0.0580714590453642,0,-0.519828987055833,3.42221168919753,1,0.0320033779454169,-0.162259898916646,0.95288396570507,3,1,2
"Poor overlap","few_exchangeable",30,15486,0.086001349426544,0,0.236472362258568,6,0,-0.703579710740377,0.193601764715844,-1.05428233865641,1,2,2
"Poor overlap","few_exchangeable",30,14706,0.0719550261183856,0,0.00908019727913484,1.17403855547309,0,-0.584923673002645,-0.413608804948569,0.197081537080128,1,2,1
"Poor overlap","few_exchangeable",30,29253,0.0542128677013683,0,-0.638391409835521,3.90487555191639,1,-2.35893588601901,-1.2619210074487,0.0488432952759818,1,1,1
"Poor overlap","few_exchangeable",30,10198,0.0603765858780539,0,-0.355540219194113,1.73108754748342,1,-1.82758660899173,0.13551202327725,-0.0523256601559337,1,2,1
"Poor overlap","few_exchangeable",30,25461,0.0800609583300874,0,-0.00410022941119004,1.3110263683166,1,0.849755961986902,-0.283910174749839,0.493896037829798,3,2,2
"Poor overlap","few_exchangeable",30,16695,0.0623308288251638,0,-0.332538915440511,2.56967538783324,1,-0.327321626560875,-1.21267976861524,-0.160358929311231,1,1,1
"Poor overlap","few_exchangeable",30,20028,0.0586895482528024,0,-0.466691966690517,4.43858312791269,1,-0.240955521447846,0.794712774814814,2.01335523465063,2,1,2
"Poor overlap","few_exchangeable",30,15465,0.0667732839407592,0,-0.172941322241282,2.45245783057372,1,-0.0841522829899211,0.270788265822009,-0.731194038720107,2,2,1
"Poor overlap","few_exchangeable",30,28489,0.0964800371987377,0,0.407171039770153,2.00904644854044,0,-0.438737282525062,-0.896480564692813,-0.113039413923402,2,1,2
"Poor overlap","few_exchangeable",30,42407,0.0638543816136706,0,-0.323302620835285,4.44118846554785,1,-0.153494996527385,-0.547126960627198,-1.41299946345583,2,1,1
"Poor overlap","few_exchangeable",30,43860,0.0822352191027905,0,0.1095270604787,0.968320888690544,1,0.121409869382628,0.335975287093482,-0.896171022819144,1,2,2
"Poor overlap","few_exchangeable",30,46134,0.0431407766191284,0,-0.916120833806436,3.24628419331084,1,-0.998546618363993,0.81744402597935,-0.655719436354877,2,1,1
"Poor overlap","few_exchangeable",30,22329,0.0548485465629013,0,-0.190464397054274,3.60537960659713,0,-0.222127891937824,-1.29650989743006,-0.555207028198036,1,2,2
"Poor overlap","few_exchangeable",30,30704,0.10576568682303,0,0.591393618530713,6,0,-0.103489656665335,0.547834557407984,0.0138333176095636,2,2,1
"Poor overlap","few_exchangeable",30,26911,0.0571644734251236,0,-0.61063236545593,3.95486567991614,1,-1.23173273016457,-2.08913531012081,-1.31076954112907,2,1,1
"Poor overlap","few_exchangeable",30,26752,0.0831187370251527,0.293333333333333,0.157717212476179,1.34139299450152,1,1.51541599477956,1.9568659894259,2.61346516709303,2,2,3
"Poor overlap","few_exchangeable",30,49902,0.102006766074588,0.0133333333333333,0.531388190645505,6,0,0.152579906875648,0.945013052604021,1.09651748168804,2,2,1
"Poor overlap","few_exchangeable",30,36887,0.0823504610603067,0.0266666666666667,0.151323974153404,1.16118066944182,0,0.212289840562441,0.358409721837584,0.0887488115651961,1,1,1
"Poor overlap","few_exchangeable",30,36113,0.0984337102842796,0,0.428900014596154,2.74981609545648,0,-0.273999808613569,0.0534758501314584,0.0310914925311824,1,1,2
"Poor overlap","few_exchangeable",30,9582,0.0435246989483415,0,-0.814095282369458,1.09176959526974,1,-0.738280405731874,0.377234213069826,0.681150562082727,1,1,1
"Poor overlap","few_exchangeable",30,35766,0.0773034657696297,0,0.0517245901801973,5.45204012236596,1,-0.43914193991135,-0.97655984529854,-0.825752377539236,1,1,1
"Poor overlap","few_exchangeable",30,44646,0.0754610815150332,0,0.0259739561529568,1.94148309936984,1,0.930287526608429,-0.29189492447366,-1.56588768993326,2,2,1
"Poor overlap","few_exchangeable",30,29312,0.176011983998126,0,1.25543961403038,6,0,-1.9155611454666,-0.423682640327449,0.496012431514268,1,1,1
"Poor overlap","few_exchangeable",30,17302,0.0601683398183039,0,-0.353807549287178,2.77195735275022,1,-0.333514630564086,-0.385221567834642,-0.495742975366244,1,1,1
"Poor overlap","few_exchangeable",30,27895,0.0774159720267687,0,-0.0788466710060078,1.22353257199485,1,0.389964946278175,-1.07013124770901,-0.390484613149565,2,2,2
"Poor overlap","few_exchangeable",30,4049,0.0450746796034671,0,-0.845602230781687,1.521819906302,1,-1.33444325411458,-0.669317003687349,-0.259190909914479,1,1,1
"Poor overlap","few_exchangeable",30,5089,0.174249191961401,0,1.19509945493797,5.44830324476215,0,-2.01660449641098,0.804753524416523,0.610738892668411,1,1,1
"Poor overlap","few_exchangeable",30,24512,0.0594451976168346,0,-0.395830656738462,2.92562957655599,1,-0.766067199295626,-1.01088275712791,-1.52659289373403,1,1,1
"Poor overlap","few_exchangeable",30,31962,0.114960808404784,0,0.544956729617452,0.793533924511024,1,1.12207447813613,0.788072961304254,1.93323193911848,1,3,3
"Poor overlap","few_exchangeable",30,21991,0.097698680977852,0,0.407250684332765,2.26119903381914,0,-1.12662105812939,-0.747574534396252,-1.04427306114397,1,1,1
"Poor overlap","few_exchangeable",30,46690,0.0623334227595577,0,-0.310643611938137,3.63785600686406,1,-0.818051731087774,-0.698333014675416,-1.33942914244623,1,1,1
"Poor overlap","few_exchangeable",30,3105,0.043745487846321,0,-0.761057388831163,0.176021003398872,1,-0.118120569236292,0.700200922988981,-0.430121985766665,1,1,1
"Poor overlap","few_exchangeable",30,46298,0.0664351349775239,0.04,-0.212464368331716,1.87822492243089,1,0.296017333399418,0.41607838165685,1.32234689281011,1,1,3
"Poor overlap","few_exchangeable",30,39259,0.0668792938171879,0,-0.172191723338464,3.03728897856854,1,0.29406531951991,-0.519755713649951,-0.428116774838681,1,1,1
"Poor overlap","few_exchangeable",30,25407,0.0644356081193579,0,0.0123213219445941,2.96296826372884,1,1.16583771625854,0.909953700051944,0.275265947941412,3,3,2
"Poor overlap","few_exchangeable",30,5021,0.0727841472482832,0.0266666666666667,-0.0123854038370745,4.86970043432814,1,-0.0230984693537506,-0.348729779393871,0.414853453698604,1,1,2
"Poor overlap","few_exchangeable",30,37375,0.0688382091957328,0,-0.148706251014184,2.51505310652055,1,-0.054982539787956,0.82480672085137,0.510706548379267,2,3,1
"Poor overlap","few_exchangeable",30,26575,0.0547187792528471,0,-0.185243879422218,5.37528751401279,1,0.232347466220249,-0.318255823284915,-0.911904421040103,1,2,2
"Poor overlap","few_exchangeable",30,36033,0.0452012570050861,0,-0.90773991453128,3.15866377001454,1,-2.60970258661582,-0.82670258960407,-0.671833090567377,1,1,1
"Poor overlap","few_exchangeable",30,34064,0.0607809368641734,0,-0.0101443304473401,3.51667196654198,1,1.06487207904717,0.139689415986787,-0.51637185182018,3,3,1
"Poor overlap","few_exchangeable",30,23835,0.0683872880376448,0,-0.0781279880411048,2.45673942584247,1,0.400868221678958,0.0132207293668104,-0.142413602057515,3,2,2
"Poor overlap","few_exchangeable",30,4025,0.0537365301486347,0,-0.643525560175982,1.09814077002484,1,-0.550239761045088,-1.10592543626582,-0.421791777302693,1,1,2
"Poor overlap","few_exchangeable",30,17115,0.0655780287060268,0,-0.27507333649142,4.48386554303461,1,0.131539657666745,-0.527998832559023,0.414416086616059,2,1,2
"Poor overlap","few_exchangeable",30,37363,0.0606061010732567,0,-0.338419611942437,2.33155847964561,1,-0.0299527124837005,-0.393078652660294,-0.532045393130861,1,1,1
"Poor overlap","few_exchangeable",30,6851,0.0644712938411308,0,-0.341520585431694,4.26104565454718,1,-0.350481645883651,-1.57895833927279,-0.472951781567338,3,1,1
"Poor overlap","few_exchangeable",30,45078,0.0544373824608428,0,-0.591398595863399,2.27973134291816,1,-1.07084534337,-1.20258797379847,1.26730690012437,1,1,1
"Poor overlap","few_exchangeable",30,8491,0.0714704069202828,0,-0.0205058269381713,2.87085464860928,1,-0.596233500795945,0.212408415913374,-0.403325403663945,1,2,1
"Poor overlap","few_exchangeable",30,23706,0.0732601326282619,0,-0.00252830193489668,0.145712629685248,0,0.969893072456435,-0.455088399216704,-1.59731644036453,2,2,2
"Poor overlap","few_exchangeable",30,20269,0.0672495721058615,0,-0.175027860262584,3.69094027371262,1,-0.136532783159714,-0.473573630012754,-0.128051544428219,1,1,1
"Poor overlap","few_exchangeable",30,13112,0.0614800115018889,0.0666666666666667,-0.0532877146642621,3.76373759268286,1,1.20641325159441,1.94852974199553,1.35162149894397,3,3,3
"Poor overlap","few_exchangeable",30,36133,0.0634921989803012,0,-0.325672128863876,3.70167378028919,1,-1.21697968818961,-1.98677003176892,0.0148528881068682,1,1,1
"Poor overlap","few_exchangeable",30,45473,0.0989406334593734,0,0.421475822472028,2.32729108538479,0,-0.81660488558316,0.230361434954408,0.0945955189452081,1,1,2
"Poor overlap","few_exchangeable",30,11112,0.0708378380980129,0.08,-0.160092926220452,1.2798041580964,1,0.496773287840497,0.458792212317106,1.56069823629957,2,2,2
"Poor overlap","few_exchangeable",30,48011,0.066335276567994,0,-0.0203608280144012,3.82987778318892,1,0.0371415944896244,0.0843936037557555,-0.085682378747124,1,2,2
"Poor overlap","few_exchangeable",30,17051,0.0567470965792457,0,-0.575412414348711,2.71492279870739,1,-2.10724037529802,-1.94635182450745,-0.824240114990961,1,1,3
"Poor overlap","few_exchangeable",30,26556,0.0441866614421387,0.0133333333333333,-0.815791321524866,1.35610401438609,1,-0.686515002083902,0.79561046345927,1.59786380030627,1,1,2
"Poor overlap","few_exchangeable",30,18040,0.0737456372698422,0,0.0122523273385104,0.585076166316867,0,-0.59357810342687,0.142954541725906,-0.663419668398858,1,2,1
"Poor overlap","few_exchangeable",30,48923,0.0554252065156258,0,-0.478993376089087,2.48783979364022,1,-0.604525064081132,-0.235292323044386,-0.663224978010261,1,1,1
"Poor overlap","few_exchangeable",30,32810,0.0683364030348658,0,-0.0615675645189864,3.30508902317592,1,0.879119528997639,0.912246085001566,-0.46748301720064,1,2,1
"Poor overlap","few_exchangeable",30,26925,0.0489204353045164,0.106666666666667,-0.484492218155924,5.90579319576241,1,0.934576926423679,0.508733593827061,-0.0714052349693739,1,2,2
"Poor overlap","few_exchangeable",30,22742,0.140699708129118,0,0.913648150710348,6,0,-0.249206640857143,0.181945032169932,-0.335648194558202,1,1,1
"Poor overlap","few_exchangeable",30,29657,0.0544051408760426,0.0666666666666667,-0.505085059645649,1.68562245070448,1,-0.0259824800067058,0.319492013523064,0.740981877662994,1,1,2
"Poor overlap","few_exchangeable",30,43009,0.0438642838173243,0,-0.799684469357564,1.2699922565419,1,-0.565109923469977,1.01019234023016,0.333905897953568,1,1,2
"Poor overlap","few_exchangeable",30,39478,0.0699051807545103,0,-0.0356826057882196,2.39575658339018,1,-0.641484491440832,-0.165756116419902,-0.50984804916237,1,2,2
"Poor overlap","few_exchangeable",30,30471,0.0517317757843354,0,-0.714199437183358,1.81466155374439,1,-1.22832725038572,-1.45076012840432,-0.986023315210898,1,1,2
"Poor overlap","few_exchangeable",30,17658,0.0616633729786046,0,-0.419370953174015,1.2835555297389,1,0.0303314532303178,-1.27527568660586,0.204410100409463,1,1,2
"Poor overlap","few_exchangeable",30,9800,0.0651404793590455,0,-0.260444006340634,1.92040099730029,1,-0.390330423403934,-0.308926068973843,-1.32633848553303,2,2,1
"Poor overlap","few_exchangeable",30,32611,0.0738303027761369,0,-0.0207232500896664,1.528205424848,1,-0.373478826459059,0.542787129690868,0.0527212107396929,1,2,1
"Poor overlap","few_exchangeable",30,34500,0.0739049360045125,0,0.0345914850370153,2.7003470359037,1,0.34057578233004,0.839246718057241,-0.262183815191405,1,2,1
"Poor overlap","few_exchangeable",30,29813,0.170898945515153,0,1.27599018070185,6,0,-0.847735655955129,-1.01229410252467,-1.14165404751078,2,1,2
"Poor overlap","few_exchangeable",30,45414,0.0566928440692866,0,-0.508553638495903,4.3806527878871,1,-1.90125483476983,0.140698048635881,0.947118001137209,1,1,1
"Poor overlap","few_exchangeable",30,31043,0.0637038738671995,0,-0.317211010748142,0.411528257424808,1,-0.971778818745327,1.03771614683621,0.789557611996738,1,2,2
"Poor overlap","few_exchangeable",30,46473,0.071638484294429,0,0.0105851013733839,0.527779539772627,0,0.0693904551303904,0.740393842077608,1.22902801320877,2,3,3
"Poor overlap","few_exchangeable",30,2162,0.0666140324880114,0.0533333333333333,-0.169032015806918,2.84475097729066,1,0.553672464183161,-0.0558494329579071,0.789470152078379,1,1,1
"Poor overlap","few_exchangeable",30,154,0.0656033130296486,0.0266666666666667,-0.232338667649124,4.55283151532499,1,0.500375113541598,0.710202282451141,0.880867805570696,2,1,1
"Poor overlap","few_exchangeable",30,25315,0.087464430855755,0,0.292833472035912,1.7970017157495,0,-1.07930318411549,-2.21265688189766,-1.35591312643364,1,1,1
"Poor overlap","few_exchangeable",30,47661,0.107536422006524,0.173333333333333,0.283100355298216,0.00381209532724878,1,1.72113028789794,0.259814824988867,0.263333105830779,3,2,2
"Poor overlap","few_exchangeable",30,33922,0.132607478922821,0.0666666666666667,0.859796267223888,5.02478096168488,0,0.82556134830688,0.595387136238108,0.448776063775264,2,1,2
"Poor overlap","few_exchangeable",30,17765,0.0843580866906309,0,0.0357784967894061,1.15945495310336,1,0.759993833913722,-1.24364356651385,0.00409440681610317,3,2,2
"Poor overlap","few_exchangeable",30,46326,0.137876373931735,0,0.947290149030569,6,0,-0.672755393439967,-1.01630406156735,-1.11442954284453,1,1,1
"Poor overlap","few_exchangeable",30,45034,0.0475412752078175,0,-0.87440837480713,0.0262478140583841,1,-0.667587524446554,-0.850954495244785,-1.14268974575063,1,1,2
"Poor overlap","few_exchangeable",30,8938,0.119946192615798,0,0.788737769435919,6,0,-0.423646361272219,0.261388336191582,0.655476722680847,1,1,3
"Poor overlap","few_exchangeable",30,4160,0.0693299607833409,0.266666666666667,-0.198461564249585,0.64413387030139,1,0.58659632472377,0.891669547839641,0.934922264875818,2,2,2
"Poor overlap","few_exchangeable",30,10007,0.07793667931225,0,-0.0216227263504822,0.938175743816521,1,-0.51899714495874,-0.335665840034784,-1.17599955378653,1,2,2
"Poor overlap","few_exchangeable",30,16358,0.0567885361844745,0,-0.489600988730432,1.14545997414182,1,0.0755490376049406,-0.373842562731331,-0.277177579807599,1,1,2
"Poor overlap","few_exchangeable",30,46763,0.0774269604591491,0,0.0682627314088591,5.31801402298621,1,0.0588008212902664,-0.542739543562784,-0.0896223058627678,1,1,1
"Poor overlap","few_exchangeable",30,27230,0.0568625965725931,0,-0.484390334245895,3.88442017898505,1,-1.51111045671686,-0.119785640364971,0.488162054728905,1,1,1
"Poor overlap","few_exchangeable",30,12638,0.0733821993737752,0,-0.0970418249289717,1.53382174503588,1,-0.00492031217812304,0.374456841616639,1.94832289151083,2,2,3
"Poor overlap","few_exchangeable",30,13746,0.0422087558876893,0,-1.19424490794829,1.09283989902377,1,-0.897914845328663,-1.05400681889266,0.469148655356828,3,1,1
"Poor overlap","few_exchangeable",30,20404,0.0727138897825594,0,0.0132705162446487,2.83611836040029,1,-0.181123018855658,0.226077480566054,-0.533630826679997,1,2,1
"Poor overlap","few_exchangeable",30,27153,0.0638220521435793,0.0266666666666667,-0.0066285963057755,4.85384705280316,1,0.572959131033246,0.954275494161975,0.833081588197526,2,2,3
"Poor overlap","few_exchangeable",30,17712,0.0527276522005091,0,-0.635990921290719,1.83632447831648,1,0.574672300593881,-0.371728805698517,-0.559493658566292,2,1,2
"Poor overlap","few_exchangeable",30,45597,0.091489365607196,0.0266666666666667,0.237898158283211,0.290724913441975,1,0.600259211547934,1.12087446923535,-0.282811801441216,1,2,2
"Poor overlap","few_exchangeable",30,45283,0.0748065313858534,0,-0.0801754927799465,0.128762576602,1,-0.286091996239338,1.04458050880457,0.616253103850739,1,2,2
"Poor overlap","few_exchangeable",30,11805,0.0740667157228308,0,0.00057871427528183,0.0881127547472715,0,-0.198385577535048,1.08483644252813,0.711583219184032,1,2,1
"Poor overlap","few_exchangeable",30,18979,0.0585295437899917,0,-0.394038459076647,3.31151445431095,1,-0.612343520525566,0.180454836640578,0.24274823703246,1,1,2
"Poor overlap","few_exchangeable",30,10152,0.0586154080877643,0,-0.22564995701874,4.76847314045758,1,1.05195512692238,1.85282160587522,-0.532140631987617,1,2,2
"Poor overlap","few_exchangeable",30,47028,0.0690760771720276,0,-0.0154227889816245,2.53286719343883,1,-0.0748654624242312,1.60051759681652,0.0787864751635652,1,2,2
"Poor overlap","few_exchangeable",30,10153,0.059369872532252,0,-0.426318939247697,4.02541575377834,1,-1.51130891728739,-0.535516510375707,-0.162314103283222,1,1,1
"Poor overlap","few_exchangeable",30,22515,0.052580356693563,0,-0.525459767292428,3.00266681271708,1,-0.634388500437809,1.20367930326249,1.02093163542196,1,1,2
"Poor overlap","few_exchangeable",30,44573,0.0603881238230841,0,-0.399431874326007,3.02254259702262,1,-0.9700083978032,-1.56490872208469,-1.15395007662948,1,1,1
"Poor overlap","few_exchangeable",30,17220,0.054317484547243,0,-0.575640733333686,2.97422478488167,1,-1.40167281230135,-0.91994257205168,0.251073609857328,1,1,1
"Poor overlap","few_exchangeable",30,29531,0.0787570379907378,0,0.0978957109338041,5.8889387062692,1,-0.731749006576358,-1.34306090214796,-1.8235468473495,1,1,1
"Poor overlap","few_exchangeable",30,9909,0.0533971215550065,0,-0.537206206694186,2.8726534016077,1,-0.926992148120997,0.179411313458436,0.500491711108683,1,1,1
"Poor overlap","few_exchangeable",30,37347,0.0499053096698532,0,-0.781609645206727,0.983504782634981,1,-1.31381970802071,-0.0955683812683322,0.452367727805795,1,1,3
"Poor overlap","few_exchangeable",30,12297,0.0483553798705149,0,-0.807950939517446,3.47946399507386,1,-2.54435123995755,-0.936235740441207,-0.561387449426851,1,1,1
"Poor overlap","few_exchangeable",30,14610,0.0514623393789518,0.04,-0.228349103051992,1.91449068952352,0,1.22353562942233,1.07024205479266,1.21441916956427,3,3,3
"Poor overlap","few_exchangeable",30,24433,0.0771941090115233,0,-0.178828455405622,0.257610041555987,1,0.340104503626486,-0.551015235816034,0.437399415444357,2,2,2
"Poor overlap","few_exchangeable",30,39081,0.0532490316940672,0,-0.503361588258204,1.33231843439023,1,0.0273814230085477,0.257524398289703,-0.534851543289294,1,1,1
"Poor overlap","few_exchangeable",30,24390,0.0683617092088416,0,-0.063885476945363,2.09095038254826,1,-0.480731588819226,1.28727142379521,-1.06290777769243,1,2,1
"Poor overlap","few_exchangeable",30,44028,0.0453640126255418,0,-0.982662583609021,0.480998814751455,1,0.414860077880078,0.249837376448121,0.956564798858892,3,1,2
"Poor overlap","few_exchangeable",30,25478,0.0550953289522352,0,-0.52362949989255,1.04490392779106,1,-0.157203354460257,-0.719875721722737,-0.795340154167039,1,1,1
"Poor overlap","few_exchangeable",30,8998,0.0576515033219423,0,-0.523291627176422,3.21941093358046,1,-1.67042354958929,-2.0438807947915,-0.566708617017906,1,1,1
"Poor overlap","few_exchangeable",30,27331,0.0739067225759318,0,0.0247522963792544,2.31766380692523,1,-0.109280918497309,0.513187903388819,-0.614428165363539,1,2,1
"Poor overlap","few_exchangeable",30,42839,0.089560138804361,0.0266666666666667,0.273600006353844,1.631100398408,0,-0.384696452407704,0.594508839336865,0.842416809203913,1,1,2
"Poor overlap","few_exchangeable",30,41844,0.0512024071308128,0,-0.80336463146462,0.596485002036034,1,0.352496861329581,-1.48322624794147,-0.427719845857458,2,1,1
"Poor overlap","few_exchangeable",30,49490,0.071170461573966,0,-0.114802677623893,1.95201288896974,1,0.0680835151869683,-0.774485413465458,-1.00794186256417,3,2,1
"Poor overlap","few_exchangeable",30,18833,0.0536849142066088,0,-0.639685200431742,2.86093770600334,1,-1.83499278170859,-1.94527765791397,-1.73676023002997,1,1,1
"Poor overlap","few_exchangeable",30,42493,0.0597372803732703,0,-0.519032213327559,2.10148360516849,1,-1.21971367555891,-3.06656743827433,-0.83377828941436,1,1,1
"Poor overlap","few_exchangeable",30,14668,0.0589649823586127,0,-0.443524158015505,3.48816141474519,1,-1.2809386093548,-1.21417184236927,-0.471083948895753,1,1,2
"Poor overlap","few_exchangeable",30,22952,0.0518094220602178,0,-0.180758083007712,3.39894195397137,1,1.82863737867578,1.04520960272639,0.154467160395251,3,3,3
"Poor overlap","few_exchangeable",30,27372,0.103746055047933,0,0.360247352533079,0.492947946297121,1,0.58726233986397,-0.687698366151981,-1.0666567274977,1,2,2
"Poor overlap","few_exchangeable",30,44802,0.0614230065132046,0,-0.346578912945165,2.10476630034436,1,-0.157032909127183,-1.16097142746078,-1.66470587332176,1,1,1
"Poor overlap","few_exchangeable",30,29225,0.0736779079527432,0,0.0186126240188569,2.28267682155253,1,0.564723541892316,1.53410655154656,1.38485612868125,3,3,3
"Poor overlap","few_exchangeable",30,20451,0.0466727637190658,0,-0.837235898010447,1.31152732777477,1,0.125196119086237,-0.566857053837734,-0.378502244423937,2,1,1
"Poor overlap","few_exchangeable",30,15597,0.072383672314355,0.266666666666667,0.0576587497390149,5.09706841182007,1,0.641980642128632,0.730077258073199,1.13309451996628,2,2,2
"Poor overlap","few_exchangeable",30,2059,0.0646702611084413,0,-0.19707096843248,2.59708486750576,1,-1.68153869841373,-0.585163346322365,-0.0473147432651762,1,2,2
"Poor overlap","few_exchangeable",30,48641,0.130485090861234,0,0.885828655275776,6,0,-0.524692025305844,-1.21027271107393,-1.80212285314739,1,1,1
"Poor overlap","few_exchangeable",30,43815,0.129991140817197,0,0.869553187336434,6,0,-0.83997902715515,0.64837753620903,0.089731340263626,2,2,1
"Poor overlap","few_exchangeable",30,18640,0.0615569824894023,0,-0.359935150146973,3.29414793524758,1,-0.889586198984829,-1.21481746601088,-0.261721075219389,1,1,1
"Poor overlap","few_exchangeable",30,626,0.0639656069963589,0.106666666666667,-0.0469096271452623,4.39815979116198,1,1.28396592434211,-0.197241549527673,0.000865505073271904,2,2,2
"Poor overlap","few_exchangeable",30,15384,0.0671618122837734,0,-0.140821621886275,2.0319928755843,1,-0.997893441807483,0.572256245834952,-0.422732208110476,1,2,1
"Poor overlap","few_exchangeable",30,26720,0.0777531741174969,0,-0.00277426883917231,1.73087839967517,1,0.792208133878124,0.192669472096138,1.21770534818388,2,3,2
"Poor overlap","few_exchangeable",30,49707,0.0725397370813214,0,-0.214678368567412,0.579084632395985,1,0.675100989397847,2.43580071574095,0.912523935346759,3,3,2
"Poor overlap","few_exchangeable",30,20251,0.0603148298539277,0,0.00813172897086689,3.06536569316494,1,1.33796782201502,0.0357164921618163,0.312925136758902,3,3,2
"Poor overlap","few_exchangeable",30,6991,0.0156139614862199,0,-1.81695329547768,6,0,0.69393153536153,0.094483677243346,1.34964726249458,1,3,3
"Poor overlap","few_exchangeable",30,40152,0.0641504027031059,0,-0.183791261730968,3.53761562978721,1,-2.08285027471768,0.145501135362678,-0.518270064587782,1,2,1
"Poor overlap","few_exchangeable",30,33424,0.0672003131486677,0,-0.0443562777160378,3.31564734929202,1,-0.0683399929644549,1.01895288778641,1.83402973541604,2,2,3
"Poor overlap","few_exchangeable",30,47832,0.0557737606745635,0,-0.503562674699281,3.66566808049401,1,-1.33558743707247,-0.0283601704811774,-0.116437067430916,1,1,2
"Poor overlap","few_exchangeable",30,48977,0.0713769798704982,0,0.00729250940938869,1.49958083592873,0,-0.303218876918242,0.344857259988397,-0.121212018302019,1,2,2
"Poor overlap","few_exchangeable",30,23145,0.0499204058071359,0.0133333333333333,-0.693997921030351,0.902643454386408,1,-0.360090841277331,-0.172201931372953,0.63839742718115,1,1,2
"Poor overlap","few_exchangeable",30,19282,0.0346160132902428,0,-1.25305869981955,0.14192546701627,1,-1.40344412188575,0.306504568650503,-0.38249475368148,1,1,2
"Poor overlap","few_exchangeable",30,45547,0.0618610841002858,0,-0.328664617331461,2.95454916286937,1,-0.443521637073586,-0.813067126836013,-0.323828204025387,1,1,1
"Poor overlap","few_exchangeable",30,42206,0.116288199679683,0,0.69803334855431,6,0,0.198324531840231,-0.580018088396883,-0.731823197164926,1,1,1
"Poor overlap","few_exchangeable",30,23229,0.0562559857758224,0,-0.546060441412954,2.55697298800863,1,0.226636619301247,-1.05161410478639,-0.0243562690340273,2,1,1
"Poor overlap","few_exchangeable",30,26314,0.0733768099482852,0.293333333333333,0.0660668479899473,5.62727588854166,1,0.959916678295695,1.47899372319088,0.486145125168109,2,2,2
"Poor overlap","few_exchangeable",30,48348,0.0744365734402272,0,0.00441513684525718,2.30863900407936,1,1.05245724532388,1.45313141853293,0.29898004968243,2,3,1
"Poor overlap","few_exchangeable",30,15575,0.0612523413335891,0,-0.33903321679813,2.92083997643907,1,-0.49841087244774,-0.879042405509852,-1.21381553227903,1,1,1
"Poor overlap","few_exchangeable",30,22733,0.0582513468814581,0,-0.48302907132292,3.34014213305868,1,-1.49590902058517,-1.59258004289895,-0.565854790535103,1,1,1
"Poor overlap","few_exchangeable",30,47922,0.0374113347271411,0.0133333333333333,-0.70501654708541,6,0,1.70979589144209,0.30960336134065,-0.157996173104956,2,3,2
"Poor overlap","few_exchangeable",30,15747,0.0750295036145156,0,-0.0627439048422569,5.81229408585154,1,-1.40585597099373,-0.33767279991814,-0.615580954497769,1,1,1
"Poor overlap","few_exchangeable",30,29835,0.0477230694738832,0,-0.822767143620908,1.06152227208519,1,0.285022949504031,-0.65471195799806,0.0564887440226847,2,1,1
"Poor overlap","few_exchangeable",30,38194,0.0610848809450517,0.133333333333333,-0.0489178500574048,3.61431017518044,0,1.28006542532392,1.7525600742201,1.34489459965741,3,3,2
"Poor overlap","few_exchangeable",30,24935,0.0684087421777634,0,-0.00499582615450844,3.87504985010315,1,-0.907325173450202,-0.18188804118779,0.355071403468028,1,2,2
"Poor overlap","few_exchangeable",30,26851,0.0742016901711987,0,0.0702295264337351,5.32430468099561,1,-0.620957733954605,0.165011771571688,-0.676131931858605,2,2,1
"Poor overlap","few_exchangeable",30,26965,0.0804903481296357,0.16,0.0644138813538224,1.33495234689505,1,1.44568584756183,1.83379789566635,1.11023036267793,3,3,2
"Poor overlap","few_exchangeable",30,39784,0.067256835051138,0.0266666666666667,-0.175413270300147,2.93840099221764,1,1.85122831605518,0.0970547200273162,0.893428453717914,3,1,2
"Poor overlap","few_exchangeable",30,38693,0.0728726606636791,0,-0.0246240336705394,4.9613654687998,1,0.981658676858922,-0.385566342510974,-0.286696732214248,2,1,1
"Poor overlap","few_exchangeable",30,38118,0.0470372719145693,0,-0.925363919440179,1.47584443100097,1,-0.25063160736838,-1.08078650095377,0.824362772593718,2,1,2
"Poor overlap","few_exchangeable",30,24246,0.0603592255032233,0,-0.357609168656122,1.85110065337679,1,-0.27019920356825,1.07348903673293,0.770239964651512,2,2,2
"Poor overlap","few_exchangeable",30,45361,0.0501037626708773,0,-0.711506537469637,0.871124721526807,1,-0.74775937175548,-1.15204861460545,-1.3004339221769,1,1,1
"Poor overlap","few_exchangeable",30,39776,0.092613733234437,0.426666666666667,0.195631347049537,0.84043170811308,1,1.37419804490978,1.63511004262805,2.22208903111467,3,2,3
"Poor overlap","few_exchangeable",30,5055,0.0766189698037457,0.493333333333333,0.0735458747890643,2.31763939050312,1,1.55267089423758,2.06368317694744,2.17765132804556,3,2,3
"Poor overlap","few_exchangeable",30,21861,0.0704520399282355,0,-0.00482098218535487,3.3155707677769,1,0.719510644548061,-0.183742042038258,0.484927293430417,2,2,1
"Poor overlap","few_exchangeable",30,43466,0.0618957513464085,0,-0.121803523805991,6,0,-0.330134387969372,-0.370153451671313,-0.229129129931836,1,2,1
"Poor overlap","few_exchangeable",30,30643,0.0800331968411344,0,0.121857275463607,0.570532400161028,0,-1.15371471988181,0.45525374327729,1.52034286536316,2,1,3
"Poor overlap","few_exchangeable",30,3221,0.057121030644126,0,-0.465661058694569,3.58499174759374,1,-1.28807995972635,-0.322291781663031,-0.299781063464272,1,1,1
"Poor overlap","few_exchangeable",30,15573,0.0851095500308475,0.0266666666666667,0.0126130318168585,0.464872782073363,1,0.981528873100516,0.728935844136832,1.6132308995043,2,3,2
"Poor overlap","few_exchangeable",30,31897,0.0720604405692498,0,-0.00859522510186282,0.240091304294765,0,0.506532700644417,0.523666629971111,0.648648566938955,2,3,3
"Poor overlap","few_exchangeable",30,21480,0.0889015209262995,0.0133333333333333,0.320809539513604,6,0,0.534534004129058,0.827970538519861,-0.139138174045804,2,2,1
"Poor overlap","few_exchangeable",30,23464,0.115349067618215,0,0.319165351494329,0.0816986745092803,1,1.62218493518631,0.300879765690949,0.150233342074505,3,3,2
"Poor overlap","few_exchangeable",30,13520,0.0661040892860776,0,-0.21436311198376,2.03989313139807,1,-0.112394457996397,-0.0701998534722777,-1.00075687897981,2,2,2
"Poor overlap","few_exchangeable",30,21063,0.0672509711780438,0,-0.114156449290645,2.98992231028629,1,-0.157835025888768,-3.62198494392558,-2.75134860690282,1,1,1
"Poor overlap","few_exchangeable",30,23244,0.0627936709618767,0,0.0187169908332492,5.32369225678533,1,0.299108957144211,1.41232022104206,0.184561551758125,2,3,3
"Poor overlap","few_exchangeable",30,28753,0.062980200507861,0,-0.0292981990486805,4.97317972334612,1,-0.555206133288105,-1.26619623786118,-0.186890270610707,1,2,1
"Poor overlap","few_exchangeable",30,39144,0.0718475225883242,0,-0.0163387839221918,2.48846295767371,1,-0.387042773680372,0.678238783681609,-0.39461016311801,1,2,1
"Poor overlap","few_exchangeable",30,1175,0.0636173493121032,0,-0.270157199867267,2.85750385478684,1,-0.0866432915515463,-0.621997780900687,-0.185179113932133,1,1,1
"Poor overlap","few_exchangeable",30,23334,0.0652329036771308,0,-0.188575429877503,1.07721540589031,1,0.82470166672676,2.15017104063654,0.0400400205035986,2,2,2
"Poor overlap","few_exchangeable",30,25340,0.0483422767810148,0,-0.800155585199333,1.13403504206182,1,0.0910801171093033,0.868970308563288,0.542537385719455,2,1,3
"Poor overlap","few_exchangeable",30,25094,0.069312755299596,0.0666666666666667,-0.0230294191899478,4.10230374092129,1,1.53561634133741,0.546315830531674,1.38538434179474,3,1,3
"Poor overlap","few_exchangeable",30,14330,0.0721096519449553,0,0.0021858384718505,2.84916325105837,1,-0.559322463365318,-0.653784424556805,-0.626104576917518,1,2,1
"Poor overlap","few_exchangeable",30,37611,0.0588410796864396,0.36,-0.30216393428509,1.36644213926047,0,1.41071324973569,0.95973587912096,1.01288820172921,1,2,2
"Poor overlap","few_exchangeable",30,37608,0.0654509903795187,0.0666666666666667,-0.257834346446129,1.0199341148941,1,0.339929911311834,1.01627018023177,0.31517785171081,2,2,2
"Poor overlap","few_exchangeable",30,43373,0.0857157015065973,0,0.201489195596196,1.42581207606481,1,1.43478493045675,-0.77531080413805,-0.612894442839938,3,3,1
"Poor overlap","few_exchangeable",30,2938,0.0663520099646305,0,-0.252687351480605,2.27116642293035,1,-0.748990249576866,-0.809267892074774,0.0988948223572935,2,3,2
"Poor overlap","few_exchangeable",30,25260,0.0699026978423415,0,0.00954671305963695,2.98403041425338,1,0.33316404659406,-0.39434123172432,0.635240460591424,1,2,2
"Poor overlap","few_exchangeable",30,38437,0.0712613652001715,0,0.0246593877508929,2.72211345947522,1,0.860239926819445,1.09811922594634,0.62464737393469,3,2,3
"Poor overlap","few_exchangeable",30,42739,0.0457627012120871,0,-1.00264923059463,2.94764124558021,1,-1.47721803015408,-1.24006211231812,-0.312491660917002,2,1,2
"Poor overlap","few_exchangeable",30,2594,0.0695893240967585,0,-0.101108153810814,5.14077520070926,1,-1.1168213309278,-1.24703106240154,-1.37751371156357,1,1,2
"Poor overlap","few_exchangeable",30,44455,0.176184422948478,0,1.26947427325764,6,0,-2.14266890675743,-0.907349241598766,-0.620479616126006,1,1,1
"Poor overlap","few_exchangeable",30,1465,0.0746507841480936,0.0266666666666667,-0.0382176973488895,1.47782810660907,1,0.457631669038866,1.19702572510161,2.66451694198173,2,2,3
"Poor overlap","few_exchangeable",30,27038,0.0458906836251971,0,-0.813836208818317,1.62664935387232,1,0.132852303036036,-0.0668848234651283,-0.902481094190853,2,1,1
"Poor overlap","few_exchangeable",30,13909,0.0711279989504568,0,-0.119248823138146,1.04936778533795,1,0.434762950561618,2.25021821178915,1.3916773980706,2,2,3
"Poor overlap","few_exchangeable",30,14206,0.0707919551649942,0.04,-0.0551152388340452,2.84731954486152,1,0.43724283753352,-0.0818373499480736,0.300141840076072,2,2,2
"Poor overlap","few_exchangeable",30,9611,0.0676700981695269,0,-0.157887565661648,3.86967628172791,1,-0.0680086695350281,-0.0295336300075931,-0.00797345891322658,1,1,1
"Poor overlap","few_exchangeable",30,27910,0.0605849296449874,0,0.00222954364765882,2.35479611568649,0,0.550276734641291,-0.251827867190022,-0.472270957834225,3,3,1
"Poor overlap","few_exchangeable",30,4362,0.0588012293755773,0,-0.511537503985741,1.46460093169389,1,1.0740698819272,-0.322433377644841,-0.153320423604521,3,1,1
"Poor overlap","few_exchangeable",30,2440,0.0564203732739183,0,-0.406874226109447,1.31037072888737,1,0.379782806410491,0.396369597066473,-0.45920438059188,1,1,1
"Poor overlap","few_exchangeable",30,7951,0.127569135715151,0,0.839922669863786,6,0,-0.073935324351135,-0.34754914807709,-0.798423705525138,1,1,2
"Poor overlap","few_exchangeable",30,740,0.0693067900145378,0,-0.093439915203751,2.5278787303063,1,0.353585138470633,1.01512299756619,0.368221156549,2,3,2
"Poor overlap","few_exchangeable",30,21806,0.0447214787665624,0,-0.83468633592908,0.193020213532803,1,-0.323446664600651,0.359942887941319,-0.319163511991175,1,1,2
"Poor overlap","few_exchangeable",30,38182,0.0578746854370143,0,-0.506355291072513,1.65797290958906,1,-0.68115834000256,-1.87890595011122,-1.99294341648772,1,1,1
"Poor overlap","few_exchangeable",30,31430,0.162824791343308,0,1.12326104200977,6,0,-1.08823175725191,0.103320885485334,0.127921812663932,1,1,1
"Poor overlap","few_exchangeable",30,31500,0.0695506377282585,0,-0.247927973084967,0.475238538262142,1,0.619282105557848,-1.47381993724298,-2.1500513587912,1,1,1
"Poor overlap","few_exchangeable",30,15644,0.074530388804643,0,-0.0652774769541,1.58577661929354,1,0.685252501430344,1.00489880794272,1.17463096977917,3,3,2
"Poor overlap","few_exchangeable",30,33007,0.0744964741178686,0,-0.0493153515799654,1.48695278481141,1,-0.617934120945157,-0.301064000164407,0.286123272517026,1,2,2
"Poor overlap","few_exchangeable",30,15751,0.0735587417979375,0.0533333333333333,0.0441971155962047,2.37655624609041,1,0.854624524063658,0.64154583582389,1.0549316492524,2,2,3
"Poor overlap","few_exchangeable",30,14674,0.0701284062831067,0,0.00248081327776939,5.1672153041352,1,0.411968628932628,-0.21490532687939,0.713431062848856,2,1,3
"Poor overlap","few_exchangeable",30,8718,0.0746632197103625,0,0.118130150284621,5.7257212984484,1,0.102957314844356,0.239208548663156,0.0739401671198007,2,2,1
"Poor overlap","few_exchangeable",30,31448,0.0771453669971578,0,0.0210130447702903,1.41930660320346,1,-0.394702594291688,-0.525622099107824,-0.871230803265833,1,2,2
"Poor overlap","few_exchangeable",30,28577,0.0589302536493351,0,-0.40647849321488,4.20596526033225,1,-1.36718090926701,0.311690375466313,-0.260299615913231,1,1,1
"Poor overlap","few_exchangeable",30,8375,0.0707757534089056,0,0.0309894925583196,2.5868172456606,1,0.320562697677596,0.163840992117757,0.0703127253031003,1,2,3
"Poor overlap","few_exchangeable",30,6300,0.0733365143639141,0,-0.235118577560359,0.242649844853085,1,-1.29053655850744,-0.767914977374522,-2.43503414471336,1,2,1
"Poor overlap","few_exchangeable",30,15381,0.0701609140951123,0,-0.187910069574617,1.28708050542301,1,0.0995427716894991,-0.301397993429221,-0.311974041785005,2,2,1
"Poor overlap","few_exchangeable",30,17517,0.0679214653135702,0,-0.136805257318675,3.86036433306264,1,-0.0459880952214083,-0.354294269012475,-1.33530960722138,1,1,1
"Poor overlap","few_exchangeable",30,26795,0.0575248655775457,0,-0.456605941897752,3.71298434532637,1,-1.38448390185255,-0.432297480666412,-0.901008421007095,1,1,1
"Poor overlap","few_exchangeable",30,23274,0.0561276742058269,0,-0.628777330944317,0.943577789422638,1,1.07469368726579,-0.089530067987183,-0.525001603011652,3,1,2
"Poor overlap","few_exchangeable",30,545,0.0598653109162166,0,-0.385497280012001,3.17476738201238,1,-1.24227498092802,-0.176134893008792,0.77989873277607,1,1,3
"Poor overlap","few_exchangeable",30,3037,0.0669922171623004,0,-0.287266789380482,0.976155267126172,1,-0.124678219799864,-0.219525727204036,0.0395663120617961,2,2,1
"Poor overlap","few_exchangeable",30,18956,0.0636016858138404,0,-0.268356255227713,2.97270549509382,1,-0.176770195805201,-0.6956433374804,-0.785387439563004,1,1,1
"Poor overlap","few_exchangeable",30,34486,0.0635045146422031,0,-0.233071391222611,3.96550927988862,1,-0.380057803405581,0.294180473973078,-0.558775163150645,1,1,2
"Poor overlap","few_exchangeable",30,12238,0.0757676136660859,0,0.0264040480626826,1.81759859588457,1,-0.329770749132592,-0.157466894764754,-0.88936511066193,1,2,1
"Poor overlap","few_exchangeable",30,38737,0.0550838348931306,0,-0.650093260609418,2.61403752836362,1,-0.226703871112342,-1.10035256005797,-1.13530997081694,3,1,1
"Poor overlap","few_exchangeable",30,46357,0.0635550158943724,0,-0.278450643376264,2.98428744366323,1,1.09270419531741,-0.633470384389704,-0.302045292017049,2,1,1
"Poor overlap","few_exchangeable",30,28305,0.0644074688978953,0,-0.106167528683633,4.88800502899049,1,0.135035175804049,0.103925260448261,-0.241644734242545,1,2,1
"Poor overlap","few_exchangeable",30,18276,0.0676955939955391,0.0666666666666667,0.016919566266937,2.65454411171137,1,1.70823262864603,0.566284358070195,0.355580655472684,3,2,3
"Poor overlap","few_exchangeable",30,25891,0.132412015113825,0,0.879473387450352,6,0,-0.323286890314679,-0.609060128930537,-0.0185019843848994,1,1,1
"Poor overlap","few_exchangeable",30,7591,0.0603194691382244,0,-0.407650570022993,2.2236754817542,1,0.631026565406808,0.219309909136743,0.650115656321962,2,1,3
"Poor overlap","few_exchangeable",30,8203,0.185482095656446,0,1.29137303327151,6,0,-1.85865579640847,0.846137568759298,-0.658289447226389,1,1,1
"Poor overlap","few_exchangeable",30,2692,0.0512796981436666,0,-0.605056726183605,2.16487366650608,1,-0.863578735743401,-0.279535079723329,-0.797687044691029,1,1,1
"Poor overlap","few_exchangeable",30,16297,0.155369468004322,0,1.06060180930419,6,0,-0.860357403099155,-0.0165819040451882,-0.909157746814433,1,1,1
"Poor overlap","few_exchangeable",30,12431,0.07842023966361,0.0266666666666667,0.000348742898308885,1.30392422525062,1,0.773646255446122,2.03558273321766,1.48282257309648,3,2,3
"Poor overlap","few_exchangeable",30,35504,0.0760519556812818,0,0.0587632855176144,0.440230220504647,0,-0.678850237006011,-0.597107160777405,0.123097144769261,1,1,3
"Poor overlap","few_exchangeable",30,30169,0.0506443951343579,0,-0.675655298909559,1.44665881066619,1,-0.864474312402881,-0.975341503308868,-0.643762702017115,1,1,1
"Poor overlap","few_exchangeable",30,4292,0.151464264565538,0,1.05683829107653,6,0,-0.746237356567804,0.00750463223795,-0.0256347131978483,1,1,2
"Poor overlap","few_exchangeable",30,27433,0.0682345457722417,0,-0.143732074119471,2.16410216405756,1,-0.240294331854374,0.996666864611643,0.426302734629601,2,2,3
"Poor overlap","few_exchangeable",30,21410,0.0474208506066408,0,-0.704801113771538,2.80390871766554,1,-1.40347948446176,0.468351519332834,-0.590156088538863,1,1,1
"Poor overlap","few_exchangeable",30,34559,0.0461064622340601,0,-0.873087150766695,1.80135421979139,1,-1.8009278197187,-1.470641556298,-1.70030754881788,1,1,1
"Poor overlap","few_exchangeable",30,42307,0.108826154769968,0.0933333333333333,0.429176683162903,0.891789897607982,1,1.94871909303185,0.840504267507381,0.947919670551596,3,3,3
"Poor overlap","few_exchangeable",30,24803,0.0679595748845199,0,-0.16024363071093,3.93508603459142,1,-0.619758081892257,-1.90211258138309,-1.62076692044042,1,1,1
"Poor overlap","few_exchangeable",30,8838,0.0546633683121963,0,-0.118009234674558,4.37291384117352,1,0.356810128729531,0.786445997114335,-0.473065941093537,1,3,2
"Poor overlap","few_exchangeable",30,37371,0.0580385173592555,0.08,-0.381187286539533,2.69713854413598,1,-0.040887123862157,0.645626730281596,1.00937830438968,1,1,2
"Poor overlap","few_exchangeable",30,19401,0.0659931461430905,0,-0.218616303252437,1.71205054583991,1,0.136890515658466,0.720378184393988,0.729570415807242,2,2,1
"Poor overlap","few_exchangeable",30,48056,0.0618983476816175,0,-0.29819533811751,2.48932502930095,1,-0.103759484362351,-0.868786340449735,-2.40620961867724,1,1,1
"Poor overlap","few_exchangeable",30,11857,0.068162454844668,0,-0.00247419079476563,3.28493123660117,1,-0.541995033735044,-0.534826225695335,-0.286996310801072,1,2,2
"Poor overlap","few_exchangeable",30,9443,0.071255744084676,0.04,0.00395137055212658,4.42321044240402,1,-0.00410367616404627,0.346772500086109,0.83495759910228,2,2,2
"Poor overlap","few_exchangeable",30,49971,0.0981476219085432,0,0.478574516833034,3.21575391571969,0,0.876313374872448,-0.793466493759558,-0.444980564679119,2,1,1
"Poor overlap","few_exchangeable",30,27666,0.0628353751137756,0,-0.359485662235894,4.60052336583486,1,-2.29737647263598,-2.77284285356217,-2.99463125962656,1,1,1
"Poor overlap","few_exchangeable",30,39261,0.0630689668339095,0,-0.310869449880588,2.16788361332262,1,0.107818739398188,-0.938633876273199,-0.155349394460712,1,1,2
"Poor overlap","few_exchangeable",30,5033,0.0639853496603901,0,-0.351853147664557,2.48113613648904,1,0.575513381984675,-0.188747883571559,0.765764046153623,3,1,3
"Poor overlap","few_exchangeable",30,7016,0.0445536008679007,0,-0.79320368553987,1.88617578255218,1,-0.927976897399412,0.87945821595306,-0.0756602773122478,1,1,2
"Poor overlap","few_exchangeable",30,46241,0.0727795869773213,0,0.00419667331311446,3.26463091217725,1,0.00354224231442937,0.497874076066022,0.894955226912928,1,2,1
"Poor overlap","few_exchangeable",30,37266,0.0672491866092032,0.0533333333333333,-0.12882328385655,2.59554973330238,1,0.430992393993632,1.57787418855487,1.17150244882311,2,2,1
"Poor overlap","few_exchangeable",30,45750,0.0997456124504825,0.0666666666666667,0.427825894674585,2.81988976057619,0,-0.00353821528021531,0.74578585698562,0.771090796154208,1,1,2
"Poor overlap","few_exchangeable",30,46485,0.0756380232548074,0,0.0273836084829706,5.79143650118054,1,-0.9082672349642,-0.337288311073122,-2.38995300250371,1,1,1
"Poor overlap","few_exchangeable",30,34483,0.159168305452185,0,1.18783953498355,6,0,-1.9697281666316,-2.09143972228732,-1.19180769981077,1,1,1
"Poor overlap","few_exchangeable",30,41085,0.0502947119382499,0.0666666666666667,-0.57208960543703,1.03963358408952,1,0.0952375232743115,0.753998106446607,1.08302755020431,1,1,1
"Poor overlap","few_exchangeable",30,35311,0.0579829578783418,0,-0.450931623344943,4.06972811645205,1,-1.5821377770041,-0.256113832735132,-0.789071194809998,1,1,1
"Poor overlap","few_exchangeable",30,6499,0.0621443970413601,0,-0.392924219625319,4.45759026036996,1,-2.05969167143336,-1.83801796951841,-1.56065898363153,1,1,1
"Poor overlap","few_exchangeable",30,26808,0.0465256514740243,0,-0.848544788247458,1.81398915373683,1,-1.69819128639561,-1.35375756297809,-1.2963490480536,1,1,1
"Poor overlap","few_exchangeable",30,48224,0.0742648591005286,0,0.09764789637117,2.18506135443266,1,1.18402413406669,-0.103391319336706,0.318886812674091,3,2,3
"Poor overlap","few_exchangeable",30,4623,0.0496328664053014,0,-0.836122116294374,1.61737673590351,1,-0.136690198417983,-0.769854133898263,-1.20816549434817,3,1,1
"Poor overlap","few_exchangeable",30,26899,0.0710668929207658,0,-0.0574379741932978,4.62487405903176,1,0.0211793243813183,0.579128325808045,-1.01855616664409,1,1,1
"Poor overlap","few_exchangeable",30,39921,0.0711163607594004,0.213333333333333,0.0174808489045208,2.72262239641107,1,1.01056110999548,1.96541268042043,1.99967891987578,2,2,3
"Poor overlap","few_exchangeable",30,14797,0.13102352564329,0.0266666666666667,0.815004116211061,6,0,0.267412033056422,0.67883766071475,0.000634123193592675,1,1,2
"Poor overlap","few_exchangeable",30,11392,0.0678586691392515,0,-0.0793899032987886,2.99832379532706,1,-0.865278622042881,0.822219447081054,0.829898527797889,1,2,2
"Poor overlap","few_exchangeable",30,36391,0.0508901742254933,0,-0.732699371784149,1.45596001137095,1,-1.02384730300604,-1.1989066330319,-0.768085529400617,1,1,2
"Poor overlap","few_exchangeable",30,8773,0.106636839044963,0,0.577483149166363,6,0,0.646696766860416,-0.25034352567035,-1.08389803989655,1,1,2
"Poor overlap","few_exchangeable",30,35537,0.04219833852943,0,-1.00347181002936,1.54334141690801,1,-1.67256550949544,-0.476350986589932,0.489162400598881,1,1,2
"Poor overlap","few_exchangeable",30,13168,0.0502816034027973,0,-0.726448085711674,1.96889164973494,1,0.199646213937081,-0.441102791687372,-0.380127594843712,2,1,2
"Poor overlap","few_exchangeable",30,28799,0.041177798219467,0,-0.993675046834931,0.457088130110389,1,-1.23850775358769,-0.787149225928945,-1.17784367209717,1,1,1
"Poor overlap","few_exchangeable",30,36349,0.0657916483527766,0,-0.172539938009128,3.8303955280566,1,0.00384599377982844,0.171612431190692,-0.202614494607276,1,1,2
"Poor overlap","few_exchangeable",30,41362,0.0708619047985148,0,-0.0510010971434762,5.02548372240711,1,-0.955665374814463,1.46598049215976,0.203217285919798,2,2,1
"Poor overlap","few_exchangeable",30,44550,0.0719920970539739,0,0.102378274112386,5.52339305690236,1,-0.689928543039198,-0.822309283456494,0.757628717873619,2,2,1
"Poor overlap","few_exchangeable",30,38301,0.0534076344035804,0,-0.676570823933846,3.31302093656739,1,-2.22285241847741,-1.89005242855645,-0.206248103262519,1,1,1
"Poor overlap","few_exchangeable",30,34150,0.0626250891550855,0,-0.438211715780842,0.0479929653105827,1,0.206152449439517,-1.51663078960579,-1.39944591412778,1,1,1
"Poor overlap","few_exchangeable",30,28112,0.0648064069191428,0,-0.000633400023231534,3.70465864526877,1,0.195491873819712,0.622402879415991,0.155767412380101,3,2,3
"Poor overlap","few_exchangeable",30,25249,0.0618808128274384,0,-0.33646860423862,2.80910749411873,1,0.926258187694527,-0.809735460491234,0.502135630087698,2,1,1
"Poor overlap","few_exchangeable",30,5597,0.0999944803472552,0.0266666666666667,0.617986981566128,6,0,1.30158311212309,0.147994460177441,0.837494945960769,2,1,3
"Poor overlap","few_exchangeable",30,24620,0.123082117456827,0,0.812205755135046,6,0,-0.0659465616238535,-0.674817467155463,-0.59332031591067,1,1,2
"Poor overlap","few_exchangeable",30,43803,0.13295631718767,0,0.900963303622823,6,0,-0.283985415030467,-0.423776065267984,-0.602781632676806,1,1,2
"Poor overlap","few_exchangeable",30,32535,0.0809155197731124,0,0.0105687202636398,1.12915671450313,1,1.01816253204637,1.07683967636425,0.552328330850111,3,3,2
"Poor overlap","few_exchangeable",30,19052,0.0659321310772818,0.0266666666666667,-0.183070121848169,3.93585742911283,1,-0.114568810332115,0.205857416399591,0.318855577327048,1,1,2
"Poor overlap","few_exchangeable",30,46270,0.0683655867242359,0,-0.0216425058115579,3.70522535750007,1,1.70937115400218,-0.202992085515029,-0.0144912173906375,3,1,3
"Poor overlap","few_exchangeable",30,575,0.0653382396261422,0.213333333333333,-0.0768504562673124,1.01314157853401,0,1.66738580380783,0.479083917699118,0.385738594960673,3,2,2
"Poor overlap","few_exchangeable",30,47449,0.0457842990417333,0.426666666666667,-0.375683536308126,3.85470394022978,1,2.2181027984198,1.6575371824806,1.22533373645975,3,3,3
"Poor overlap","few_exchangeable",30,30996,0.115048952609196,0,0.728436671906944,6,0,-0.0423546189559693,-1.2199243122052,-0.902242591464789,1,1,1
"Poor overlap","few_exchangeable",30,41741,0.0633922134117557,0.0266666666666667,-0.0222797870902873,3.72614969827891,1,0.961076301817097,1.95003252665649,1.32722948721712,3,3,3
"Poor overlap","few_exchangeable",30,45122,0.0756086548349842,0,0.0988808299364587,2.21909855867021,1,1.7496840435649,1.21321124880267,-0.0531502411242736,3,2,3
"Poor overlap","few_exchangeable",30,17633,0.0741542180478207,0,0.0193857948794534,0.275310967117548,0,-1.44112540475256,-1.00940531052677,-1.71884222943911,1,2,1
"Poor overlap","few_exchangeable",30,17879,0.0667292129487801,0.0666666666666667,0.00725587076384704,3.12230180083478,1,0.974511763077506,0.62083365440296,1.59913663041854,2,2,3
"Poor overlap","typical",2,2658,0.793844624030054,0.0133333333333333,-0.0197389551520286,1.71901010381274,1,-0.0680352802386365,-1.36263023917072,0.0152448424172014,1,1,1
"Poor overlap","typical",2,17452,0.787440807624683,0.12,-0.0722378195726079,2.29918190684139,1,0.757883407251637,0.779686840961678,0.139544190860767,1,2,1
"Poor overlap","typical",2,13453,0.772631779294255,0.0133333333333333,-0.161695320294113,0.283672071648599,1,0.137976982262705,-1.45044808818231,-0.713733939438839,1,2,1
"Poor overlap","typical",2,34054,0.8168199200969,0,0.134054737027233,5.35541645710477,1,-2.91704973880184,-1.88304266996436,-1.20730588901973,1,1,1
"Poor overlap","typical",2,885,0.808828519662557,0,0.0638346413647946,4.85012701035512,1,-0.0947885069990784,-0.322992850508223,-0.228416709912256,1,1,2
"Poor overlap","typical",2,17887,0.799899940762178,0.12,0.0216913362616327,2.66623693693051,1,1.3268581833189,0.369867479538764,-0.524110700851753,3,3,2
"Poor overlap","typical",2,21850,0.836473774311906,0,0.276920463969921,3.14075022470206,0,-1.12082400415689,-0.468790514337587,-0.646576565222764,1,1,1
"Poor overlap","typical",2,19999,0.813046714124209,0,0.128721063079467,0.492736101095773,1,-1.62830857626319,-0.576560385708112,0.0979155566823926,3,1,2
"Poor overlap","typical",2,5257,0.812653777641487,0.0533333333333333,0.11498374438245,1.59292552773683,1,0.276359312143364,0.358778093336692,0.29637347588409,3,2,1
"Poor overlap","typical",2,14618,0.770575226280142,0.226666666666667,-0.173245743507491,4.28789450866499,1,0.928999903172598,2.35405035462938,2.26480965961014,3,2,3
"Poor overlap","typical",2,48918,0.813427119564285,0,0.126942181783685,1.69750621390492,1,-0.718550356548396,-1.78047778527204,-0.20022706670319,3,1,2
"Poor overlap","typical",2,180,0.792065401237706,0,-0.0453658976520699,2.87058505886306,1,-0.0137381203294002,-0.396694456041855,-0.106564334847874,1,2,2
"Poor overlap","typical",2,10110,0.7843576253809,0,-0.0966493165110696,2.44378992961629,1,-0.981319492415376,-1.27808361995148,-0.707075837461615,1,1,2
"Poor overlap","typical",2,44032,0.761044744878387,0,-0.236971603893768,2.90076014311368,1,-2.22802225886777,0.0858566357130447,-1.50170660644198,1,1,1
"Poor overlap","typical",2,5347,0.797051119366565,0.0933333333333333,-0.000359588112126108,2.71000345878519,1,0.386608157509288,1.14139940768666,-0.405589271901912,2,2,2
"Poor overlap","typical",2,9054,0.860410084649186,0,0.529929146128284,6,0,1.47617676953926,2.47463051709353,0.493975027922065,1,2,3
"Poor overlap","typical",2,7299,0.871486521936031,0,0.596976792828123,6,0,-0.906299360455837,-0.72758089706227,-1.26989599274599,1,1,1
"Poor overlap","typical",2,30971,0.799669863389038,0.04,0.0212683321944425,2.61599948816316,1,0.869123319375651,1.08680817394104,1.03899368519562,2,3,2
"Poor overlap","typical",2,9672,0.782542951980111,0,-0.103154154396638,1.71630337829614,1,-0.572980945023931,-0.728397393654204,-0.160690086879054,1,1,2
"Poor overlap","typical",2,42102,0.774669553979716,0,-0.148024647018137,1.80512380841521,1,-2.05971919523841,-1.70951753777135,-0.415121861905251,1,1,1
"Poor overlap","typical",2,35381,0.79474870307226,0,-0.0283408205002957,3.79031582528152,1,-1.56822683376251,-1.50641545080849,-1.42508832246055,1,1,1
"Poor overlap","typical",2,7049,0.768424839166519,0.106666666666667,-0.142384941681206,6,0,0.415814480035038,0.0987616675301829,-0.585015444780446,2,2,2
"Poor overlap","typical",2,33850,0.795126993908248,0,-0.0244892932277132,3.38014037717446,1,-0.987686878773016,-0.737882347072284,-0.286926092406913,1,1,1
"Poor overlap","typical",2,41409,0.791734008643743,0.0133333333333333,-0.0444492465425581,3.47594923950523,1,0.764173792637689,0.948140026742303,-0.778377418534021,1,2,1
"Poor overlap","typical",2,30118,0.768122448260121,0,-0.19875724266667,2.19451066524398,1,-1.30915270255036,-0.73896357330559,-1.19144240622917,1,1,1
"Poor overlap","typical",2,9732,0.857722931330602,0,0.487996766505433,6,0,-0.0860317944065102,1.11537779286123,0.196760561502843,1,2,2
"Poor overlap","typical",2,8841,0.775463666169331,0.0133333333333333,-0.142653608236845,0.855226836663386,1,-0.201171806122655,-1.52182035563006,-0.886552355714782,1,1,1
"Poor overlap","typical",2,11967,0.838209828319329,0.0133333333333333,0.326365625430199,6,0,0.984991009851039,0.707482748384116,-0.0169954043184257,1,2,2
"Poor overlap","typical",2,45193,0.821811145784949,0.04,0.187910217084239,0.129107330562002,1,0.508212826291814,-1.07090902668127,-0.957292130697376,2,1,1
"Poor overlap","typical",2,45392,0.844290323042406,0,0.348061262497153,6,0,-1.1599964124209,-1.01756705806867,-0.150791946752922,1,1,1
"Poor overlap","typical",2,15589,0.819628748984111,0.0133333333333333,0.149009399568841,5.93469957199467,1,-0.065242949333965,0.999672581139605,0.109329559487589,1,1,1
"Poor overlap","typical",2,47016,0.809434691338005,0,0.0784098484134761,4.82051646390879,1,-0.392220145400703,0.757794560763717,-0.513023164415566,1,1,1
"Poor overlap","typical",2,34142,0.784124899829149,0.08,-0.0943127311609633,2.50868127357089,1,0.2418584176355,0.824286240792366,-0.0105284909786632,1,2,1
"Poor overlap","typical",2,30829,0.763258631175504,0.0933333333333333,-0.220770443360406,3.83696759128534,1,0.78552488895601,0.30350964751726,1.65136675084997,3,3,3
"Poor overlap","typical",2,45202,0.817272794797432,0.213333333333333,0.153731853775563,0.12077918614834,1,0.674420151832054,0.309352226588615,-0.167830239432436,2,2,1
"Poor overlap","typical",2,26404,0.786233464152333,0.24,-0.0693285843455476,4.03527184418797,1,0.580021647924111,2.08828226145222,1.2820822536583,2,2,2
"Poor overlap","typical",2,6014,0.816010965377691,0.0133333333333333,0.143719678802221,1.093101611824,1,-0.592442037288951,-0.909786048478739,0.0187725487217371,2,1,1
"Poor overlap","typical",2,37063,0.81921366260354,0.2,0.171471902700277,1.28805585488362,1,0.363001001237623,1.04476381214761,2.11471197449695,2,2,3
"Poor overlap","typical",2,43219,0.862890314257624,0.0133333333333333,0.556520927326696,6,0,1.08900377874176,-0.260619706832814,-1.75683335498569,1,2,1
"Poor overlap","typical",2,25707,0.747387702101048,0.0133333333333333,-0.332330078579084,0.909194952678474,1,0.563834797689752,0.324010992673232,-1.43015360861661,1,2,1
"Poor overlap","typical",2,24258,0.823552679459477,0,0.20612447873921,1.05488876748326,1,0.0996965924682399,-2.05406349389329,-0.161930594713677,3,1,3
"Poor overlap","typical",2,5267,0.811377848100179,0.2,0.103161036824698,1.15052982065806,1,0.444394360003975,0.296997196421833,0.000797016572700285,2,2,1
"Poor overlap","typical",2,17571,0.803840421613341,0.0133333333333333,0.03579742735573,4.95012054260646,1,1.04347925187306,0.69992099770982,1.28757568806355,1,2,3
"Poor overlap","typical",2,34737,0.781834259879349,0.0133333333333333,-0.104995042800772,2.12112585165039,1,0.704371368436145,1.26911780216216,0.882281563268431,1,2,3
"Poor overlap","typical",2,39790,0.757958231568404,0.0133333333333333,-0.277405482749028,2.87017151872397,0,-0.0374845176500402,0.520527264937633,1.55196049636318,2,1,3
"Poor overlap","typical",2,26707,0.778606087651145,0,-0.122589507571189,3.063498140599,1,-1.8340102081261,0.486358491307165,-0.340893389325163,1,1,1
"Poor overlap","typical",2,15797,0.778059168979538,0.0133333333333333,-0.126103258132652,5.08051891157218,1,-0.0493367579540976,0.887156616143927,1.11561417047234,3,2,3
"Poor overlap","typical",2,5129,0.785747019343468,0,-0.0812952316808708,2.79927785614787,1,-0.70871280495909,0.990795075820688,0.610037469295264,1,2,2
"Poor overlap","typical",2,42804,0.780113754223827,0,-0.106421409190427,2.95050601147131,1,-0.537333092178376,2.49166698941536,0.815829942919527,1,2,2
"Poor overlap","typical",2,12839,0.78273763707653,0,-0.0974937777284937,3.02566315665388,1,-0.75370350221433,1.03636599908241,-0.24416573900859,1,1,1
"Poor overlap","typical",2,29532,0.800372939982804,0.0133333333333333,0.0136883883038257,0.290990225039423,0,-0.0430743992727951,-0.346852511428134,0.102493643785122,1,2,1
"Poor overlap","typical",2,3473,0.801797143886815,0,0.0339849262234395,2.46055747377086,1,-1.59792169253119,-1.24473401951501,0.208949771283003,2,1,2
"Poor overlap","typical",2,33861,0.800418617194937,0,0.00761155274561798,3.75377044802514,1,-0.237314227563798,0.141768114717194,0.532992688191146,1,1,2
"Poor overlap","typical",2,19570,0.814346300747453,0,0.109165499470176,1.48281394504011,0,-1.1031180100179,0.87177672238758,0.61849547120015,1,1,2
"Poor overlap","typical",2,15108,0.791219984370096,0.0133333333333333,-0.0528983787293074,3.25856175985474,1,-0.286495947468334,-0.692547584334468,-1.16717529248965,1,1,1
"Poor overlap","typical",2,24711,0.772443714634782,0.08,-0.149305457445758,4.19688791212,1,1.17754304759466,-1.11253034459678,-0.70608814485379,2,1,1
"Poor overlap","typical",2,8381,0.777889992420006,0,-0.140817770684542,2.6579069770218,1,-0.810633766932887,-1.23979190980354,-1.68777796707413,1,1,1
"Poor overlap","typical",2,17579,0.777581739899087,0.08,-0.134019607857107,1.51261634780305,1,0.14365939570085,-0.480448766407137,-0.709566478842483,1,1,1
"Poor overlap","typical",2,27827,0.765910784083513,0,-0.197273221719398,0.144946401860862,1,-0.666082384526116,-1.99164894563311,-0.997080124529926,1,1,1
"Poor overlap","typical",2,37890,0.854074834274184,0,0.44843745513514,6,0,-0.734671360009067,1.19632391539838,0.528679507271538,1,3,2
"Poor overlap","typical",2,31939,0.789099177673041,0,-0.0609076541476443,2.81344750477244,1,-0.158816186017204,0.373892597663939,0.589473620545789,1,1,3
"Poor overlap","typical",2,39605,0.798815639845811,0,0.00144960721055831,3.90313101878794,1,-0.57378997819481,-2.27321649403432,-1.92330246594137,1,1,1
"Poor overlap","typical",2,17291,0.776068536848267,0,-0.14991533538258,2.97580555923156,1,0.39342971212265,0.541431692764239,-1.65960056093458,1,2,1
"Poor overlap","typical",2,5549,0.807305740705914,0,0.0594763210580869,4.60686665221525,1,-1.53315528336467,-0.36289179194604,-0.219799684165806,1,1,1
"Poor overlap","typical",2,24143,0.798527307102679,0,-0.0024978924245449,3.70446526289748,1,0.382485273627162,-0.303032067630224,0.801525145676028,1,1,2
"Poor overlap","typical",2,18878,0.794413721112258,0,-0.027560865363133,3.89174018422191,1,-2.38808012746817,-1.70932140649239,-1.27636706390691,1,1,1
"Poor overlap","typical",2,41714,0.80189420612425,0.08,0.0178665498189305,4.14319096480204,1,0.131832453489969,0.0239652560442238,0.677499648074269,1,2,1
"Poor overlap","typical",2,17169,0.791259853031982,0.0133333333333333,-0.041848382506364,1.26076917495833,1,0.24899640528652,0.49410438077524,-1.16218063574038,2,2,1
"Poor overlap","typical",2,38912,0.88110819142593,0,0.701668239522382,6,0,-0.991581040952962,-1.09147014519933,-1.98802662402359,1,1,1
"Poor overlap","typical",2,22996,0.798625602370345,0.0133333333333333,0.0122184615262153,2.63178260087598,1,0.590344001943471,1.20368700436365,-0.435116492544162,2,3,1
"Poor overlap","typical",2,11723,0.779168073695803,0,-0.128830533762541,1.85991862184856,1,0.242305849282121,0.197962398830665,-0.47187523438211,1,1,2
"Poor overlap","typical",2,22879,0.761666985828394,0,-0.225588036446677,4.16882684007947,1,-0.660554989973386,-1.01072254397418,1.16537828303588,2,1,2
"Poor overlap","typical",2,7967,0.773334268772409,0,-0.152337320193956,0.748139317489549,1,-1.55369139782203,-0.570195092214918,-0.743307865761088,2,2,3
"Poor overlap","typical",2,2845,0.8107798264083,0,0.082057180580918,4.88445648336553,1,-1.35718743633915,-1.5370060080713,-0.96116769420288,1,1,1
"Poor overlap","typical",2,23915,0.779714338694549,0,-0.126074169613549,3.12374987056817,1,-2.3028175797291,-3.02106772924472,-2.32888950802299,1,1,1
"Poor overlap","typical",2,18734,0.783452614486098,0,-0.0965238807274682,1.94256748230065,1,-0.0646996449745505,0.791112457841513,0.657457600890901,1,2,2
"Poor overlap","typical",2,36546,0.815455176008307,0.0133333333333333,0.122772294637691,5.31131538861263,1,0.354486001510223,-0.21346677136474,-1.20633099524861,1,2,1
"Poor overlap","typical",2,6910,0.796234299431327,0,-0.0183651951558765,3.14076041307699,1,-0.501793260648036,-0.792973278402513,0.0261598299105382,1,1,2
"Poor overlap","typical",2,12576,0.793021327144466,0.0133333333333333,-0.0343963878734836,0.879577337764204,0,0.344199286648715,-1.15846106590588,-1.35778570697892,2,1,1
"Poor overlap","typical",2,1229,0.813404755202749,0,0.108676639829442,5.86963821922587,1,-0.681586264671076,-2.06047971744098,-0.848040876498468,1,1,1
"Poor overlap","typical",2,43168,0.82283845973957,0.0133333333333333,0.192881905855488,0.117389890356784,1,0.0668396843240652,-0.835851741382972,-0.452617831360183,2,1,2
"Poor overlap","typical",2,29051,0.782127202442985,0,-0.112788174638242,2.70114885150942,1,-0.346070261197662,-2.15177260962822,-2.21004969814307,1,1,1
"Poor overlap","typical",2,17289,0.800702190361855,0.0133333333333333,0.0269144427676915,2.57466596270169,1,1.45481573799215,0.751845563742736,-0.972375960825781,3,3,1
"Poor overlap","typical",2,22921,0.802653021810925,0.08,0.0243070233363594,4.36932873194946,1,-0.0186630775960621,-0.732278856615847,0.0276308995997313,1,1,1
"Poor overlap","typical",2,19370,0.73412489539022,0,-0.41242534024587,6,0,-0.669569843462415,0.101979098074764,0.52095576362105,2,3,1
"Poor overlap","typical",2,30800,0.796696206316915,0.0133333333333333,-0.0123766892073212,2.805403912926,1,1.05885891065508,0.601218266763709,0.674432984236271,1,2,2
"Poor overlap","typical",2,7213,0.782480698546242,0,-0.110684160720738,3.20063996198408,1,-0.573763314345394,-0.58809543958093,-1.83295125045347,1,1,1
"Poor overlap","typical",2,23637,0.745491512552909,0,-0.338322276501767,0.872756895393727,1,0.14414217134799,-0.510606771625954,-0.989456628191238,1,2,3
"Poor overlap","typical",2,4146,0.865993953766187,0,0.5511199126527,6,0,-0.821215378732977,-0.575006032367721,-0.944447750413728,1,1,2
"Poor overlap","typical",2,35850,0.76058722613939,0.0133333333333333,-0.228327388855288,0.494837636944849,1,-0.906192625739956,-0.41595135122575,-0.237484575168073,1,1,1
"Poor overlap","typical",2,24022,0.781029811504139,0.333333333333333,-0.115200762594662,3.7954012203699,1,1.39012761362483,1.15021664561258,0.939655479546755,3,3,3
"Poor overlap","typical",2,47577,0.745453217381655,0,-0.330245582004405,0.586736180188532,1,-1.10825325749988,0.730729479340149,0.166479869313576,1,2,2
"Poor overlap","typical",2,26459,0.762782729334589,0,-0.217769077203936,0.0160853192613801,1,-0.416649344512924,-0.657476915529996,-0.363153133182481,1,1,2
"Poor overlap","typical",2,44215,0.800641500614656,0,0.0339768795295741,2.17700015561692,1,-0.0861621571318449,1.68568273536664,0.600372788907659,2,3,2
"Poor overlap","typical",2,9567,0.74615259949587,0,-0.321543824816687,0.511304371709289,1,-0.541473659266467,0.425543041686267,-0.598514049079537,1,1,1
"Poor overlap","typical",2,27015,0.761509959089731,0.773333333333333,-0.248903820265356,4.53504279230678,1,2.19633230059935,2.08785860322339,1.31118002616849,3,3,3
"Poor overlap","typical",2,27894,0.79771752471685,0,-0.0113090323868161,3.76360568222189,1,-0.503815527923561,-0.862675600232372,-1.09204187021555,1,1,2
"Poor overlap","typical",2,40657,0.789017811465943,0,-0.0596610410846838,2.55171781786076,1,-1.1459475234136,-0.46642506599824,0.556345196195696,1,2,1
"Poor overlap","typical",2,23978,0.798484648773385,0.0933333333333333,0.0150419113025084,2.62360234274123,1,0.946358373701023,-0.408736195659343,0.35197440377329,2,1,2
"Poor overlap","typical",2,28852,0.83284755608406,0.0133333333333333,0.272014327906456,0.463279187213648,1,1.70382969934447,-0.740968425501608,0.258285363831245,2,2,3
"Poor overlap","typical",2,46660,0.795040119433706,0.04,-0.0160044714181971,3.28944390197827,1,-0.374844890811727,-0.109231550220584,0.4417944780195,2,2,2
"Poor overlap","typical",2,11523,0.856907758485885,0.0133333333333333,0.457895556218036,6,0,-0.143211020383687,0.150579350482269,-0.550998999594806,1,1,1
"Poor overlap","typical",2,31976,0.74021683909246,0.52,-0.337051690681084,4.28938206002246,1,2.42613554779028,1.32501705349914,1.10232233770189,3,2,2
"Poor overlap","typical",2,29367,0.772494705945122,0.08,-0.150884377856328,0.366430342717436,1,0.0250273575495214,-0.0512166063998164,-0.0217671759444917,1,1,1
"Poor overlap","typical",2,41317,0.788168288417706,0.08,-0.0707122841802272,5.38589768279481,1,-0.384366481337756,0.369082997547731,0.167533376650429,2,2,1
"Poor overlap","typical",2,4170,0.793919543964849,0,-0.0167400564193754,3.50360317335811,1,-0.719039713543549,1.68749746388242,1.12843673140184,2,3,2
"Poor overlap","typical",2,15421,0.784255907708465,0,-0.0914982373388062,1.73369606232396,1,-0.646382986410118,-1.03639512412377,-0.187147584023074,1,1,2
"Poor overlap","typical",2,11993,0.783309147116933,0,-0.104219264762679,2.85172792608618,1,1.26947512534804,-1.10168194713359,-2.65536228552024,1,1,1
"Poor overlap","typical",2,7333,0.82124114862168,0.0133333333333333,0.198642074145969,1.00919898252065,1,0.456378652341482,1.08933686091381,1.74179837173094,2,3,3
"Poor overlap","typical",2,47250,0.80451167796587,0.24,0.0504443369901311,2.23210835062113,1,0.422409065863938,0.587028090544847,0.429996904585854,2,2,2
"Poor overlap","typical",2,370,0.79178280415206,0.0933333333333333,-0.0450762244216794,2.76912526949758,1,0.485091951868738,0.0672017991669008,-0.355252608406947,1,1,1
"Poor overlap","typical",2,21459,0.755761228115008,0,-0.272082848900327,0.26397636636375,1,-0.280101552879878,-0.237010901598074,-0.364161956530884,1,2,2
"Poor overlap","typical",2,23732,0.764042711690844,0.0933333333333333,-0.200106336872855,3.7208883363468,1,2.41280066096224,0.630411116797739,1.24002669065159,2,1,3
"Poor overlap","typical",2,4767,0.779857372408234,0.213333333333333,-0.117845413948328,4.69403262376088,1,0.171733679393139,0.587564684575993,0.660758292293281,2,2,2
"Poor overlap","typical",2,14405,0.844649747051746,0.0133333333333333,0.344355527306162,4.60278638638556,0,-0.777316055496082,-0.438198158771,-0.472696325962872,1,1,1
"Poor overlap","typical",2,43928,0.794843593240702,0.0933333333333333,-0.0218717953755313,0.550312665291131,0,0.125582331561422,-0.0994985180305821,-0.232140034291103,2,2,2
"Poor overlap","typical",2,45054,0.805022383778358,0.0133333333333333,0.0517072559515146,2.00287679418503,1,0.0407633525268974,-0.725102838474634,-0.692959473420102,2,1,2
"Poor overlap","typical",2,11795,0.841321470115526,0.08,0.335931499806468,6,0,0.428075789454889,-0.611222645920081,-0.844538289526017,1,1,1
"Poor overlap","typical",2,30626,0.816419906914682,0,0.134995309831835,5.46129903286239,1,-1.44560719296776,0.263322659256453,-0.04096677012872,1,3,1
"Poor overlap","typical",2,33860,0.792779891931462,0.306666666666667,-0.0238811706662538,2.74211789298304,1,1.44579827234711,0.683179983751779,1.46339952423634,3,3,3
"Poor overlap","typical",2,7490,0.799912997242022,0,0.00917940267730044,4.35550489996625,1,-2.02889190911374,-1.99828657089466,-2.11423670279327,1,1,1
"Poor overlap","typical",2,29468,0.796882919765908,0,-0.00574553714124448,3.00520027714443,1,-0.753454019354342,-1.25118959924771,0.457598556482985,1,1,1
"Poor overlap","typical",2,48619,0.78338913785149,0,-0.0786347766815703,1.30607408837544,1,-0.947513561601985,0.134666106430333,0.960461502889394,1,1,1
"Poor overlap","typical",2,34687,0.813147936881846,0,0.0987595270495314,5.08563762475123,1,-0.745650399961498,-1.30704122695454,-1.21926688526662,1,1,1
"Poor overlap","typical",2,26136,0.785277746336332,0.133333333333333,-0.0790723536522737,1.64766512283288,1,1.1666351880781,1.52822841543239,0.62912570364354,1,2,1
"Poor overlap","typical",2,30275,0.804074654420587,0.106666666666667,0.0491407413601372,1.29864598663201,1,0.103180591940946,0.267955589844483,-0.304514582092232,2,2,1
"Poor overlap","typical",2,7517,0.78980838047991,0.08,-0.0553144848767362,2.32380440023295,1,-0.0414790374099229,-0.480097546938785,-0.17270982420581,1,1,1
"Poor overlap","typical",2,28731,0.807846181201167,0.0133333333333333,0.0576140473713691,5.04327591554598,1,-0.192368638530317,0.215024373795222,0.730231787440977,1,2,1
"Poor overlap","typical",2,19697,0.812152170075444,0.08,0.0922563634386417,5.2374439615241,1,0.412593472436112,0.714479482379071,-0.141151657477837,1,1,1
"Poor overlap","typical",2,26890,0.792107280094473,0,-0.0315826960301351,3.51159003524113,1,-3.42586325236818,-1.09994747097824,0.609838690597984,1,1,2
"Poor overlap","typical",2,1785,0.809667918988105,0.0933333333333333,0.112454226623665,0.0792828115818286,1,1.55675752453889,1.04780815262571,-0.140287136160124,2,3,3
"Poor overlap","typical",2,12420,0.791881354820803,0.0133333333333333,-0.0303100588094125,3.73803716915144,1,-0.314580373087281,-0.0982860350869671,0.809755895536121,2,2,3
"Poor overlap","typical",2,31307,0.797649553027653,0,-0.000158964481840496,3.87531600713805,1,-0.466050777367071,1.44234152712167,0.629304306771786,1,2,2
"Poor overlap","typical",2,44847,0.734971744970974,0,-0.402513023272114,1.02448694404478,1,-1.62918995868417,-1.27281085488343,-1.92354276198066,1,1,1
"Poor overlap","typical",2,39100,0.788243175269081,0,-0.0579408785372075,1.81564851543028,1,-0.502885567696739,0.863407096388485,1.49212977353492,1,2,2
"Poor overlap","typical",2,34279,0.793343088144629,0.0133333333333333,-0.0319514821165998,2.84624517962445,1,1.43045478226286,0.612089198269716,0.562125556234448,1,2,3
"Poor overlap","typical",2,39948,0.79730945617672,0.0533333333333333,-0.00491470959415974,3.54811812385096,1,0.0870791091307571,0.537917419848857,-0.594744479237449,2,1,1
"Poor overlap","typical",2,28148,0.845023603528289,0.0933333333333333,0.364653635506386,6,0,0.451327231557728,0.254984220257473,-0.177899407203961,1,2,1
"Poor overlap","typical",2,17784,0.786270619299412,0.04,-0.0468314689813809,2.82893031395998,1,1.72303303979226,-0.110054541007108,0.314371663909178,3,1,2
"Poor overlap","typical",2,34849,0.845548985129321,0,0.363023607008194,3.13644683919847,0,-2.59589811965628,-2.6762668158191,-1.91057692841816,1,1,1
"Poor overlap","typical",2,23207,0.799919490389078,0,0.0108379746122779,0.179768791554421,0,-0.115063403414451,0.475701041214656,0.107209047331188,1,1,2
"Poor overlap","typical",2,36120,0.795966983499657,0,-0.0064249012346349,3.14473712716261,1,0.0728276719427992,1.43744037558511,0.766954923988175,2,3,2
"Poor overlap","typical",2,24483,0.798600519810593,0,0.00616454255364607,2.9659700219411,1,-1.81933511348876,-1.51384521427905,-0.363484615243589,2,1,1
"Poor overlap","typical",2,23128,0.817968662510021,0.426666666666667,0.157882900231109,1.53770502281287,1,1.6618466836758,2.20966924066449,1.87893326602423,3,2,3
"Poor overlap","typical",2,6101,0.765736281323409,0.44,-0.21088138711883,0.862981751561165,0,1.54672611852144,0.85625962106222,1.94010269867358,3,2,2
"Poor overlap","typical",2,10894,0.802174970490103,0.0133333333333333,0.0251466752838269,0.474132178351283,0,-0.819127519936295,-1.14015737270888,-0.314990231867728,1,1,1
"Poor overlap","typical",2,647,0.800424532168329,0,0.00758333934809707,3.75283618271763,1,-0.356456664570957,-0.17075837562551,0.421034885420103,1,1,2
"Poor overlap","typical",2,39415,0.793268041226192,0,-0.0274108043138885,1.51908979237368,1,-0.978224035087231,0.0676918663895956,-0.494812560722382,2,2,2
"Poor overlap","typical",2,49541,0.794951469283332,0.0133333333333333,-0.0267470234054903,3.37887353353562,1,-0.57217365745485,-0.566217642301726,-0.504648633264536,1,1,1
"Poor overlap","typical",2,32126,0.798101567213931,0,-0.00662934348341171,3.74159608733797,1,-0.802466250957242,-1.22967369957492,-0.95978551383713,1,1,1
"Poor overlap","typical",2,39338,0.767138688696028,0,-0.198578095018853,1.16839422083738,1,-0.926897390185891,-1.3096351342472,-0.908964765533584,1,1,1
"Poor overlap","typical",2,22047,0.79449151581028,0.24,-0.015355813635392,2.86203506683047,1,1.23276708848585,0.605044896154419,0.958984157613389,3,3,3
"Poor overlap","typical",2,10659,0.793206546543756,0,-0.0384041710701699,2.91457447141288,1,-0.181243717493863,0.12000170251154,0.134547758191353,1,1,2
"Poor overlap","typical",2,32240,0.822908544368322,0,0.17287375416112,5.82061438187657,1,-1.57885504308777,-0.487578920061942,-0.554629054280691,1,1,1
"Poor overlap","typical",2,46027,0.782375561063159,0,-0.112273962889446,5.20060136626206,1,-0.265325859609987,0.208131225800789,0.0614459647838312,2,3,1
"Poor overlap","typical",2,5253,0.795940863392689,0.213333333333333,-0.00864433703009526,3.59560986755795,1,0.904540380694384,1.33807004169011,-0.223892397065985,2,2,1
"Poor overlap","typical",2,44083,0.78489194605623,0.0133333333333333,-0.0855912722499834,3.61018051386389,1,-0.0469732002709904,0.891448857081448,1.9856552159055,2,1,3
"Poor overlap","typical",2,32607,0.812327673145814,0.253333333333333,0.116923181034876,0.253109741484586,1,1.17453955185358,1.04305104855062,-0.232894353995391,2,2,1
"Poor overlap","typical",2,28649,0.8046087734045,0.08,0.0495208327397647,1.4591950244144,1,-0.000385234888840018,-0.30767368053349,-0.477032742410818,2,2,2
"Poor overlap","typical",2,45519,0.804289921659293,0,0.0548983891241541,1.65876120528221,1,-0.0384809963629537,0.0971048334728849,0.312029760872025,2,1,3
"Poor overlap","typical",2,23438,0.771859749630334,0,-0.164360756166954,2.17083637997388,1,-1.28753143085879,0.9196209860038,0.476863253663931,1,2,1
"Poor overlap","typical",2,14468,0.788557615085445,0.0133333333333333,-0.0689104243089838,2.88549368274833,1,-0.314120608681263,-0.562291889102121,-0.816025684978048,1,1,1
"Poor overlap","typical",2,6077,0.783305600677151,0,-0.100299231909436,2.04026603037615,1,-0.137953366033134,0.291925171291204,0.288937312490548,1,2,2
"Poor overlap","typical",2,20105,0.758195112244413,0,-0.258060464366024,1.6269439856237,1,-1.55881979280619,-0.463856139196207,-0.591693581282015,1,2,1
"Poor overlap","typical",2,1975,0.808945220654403,0.0133333333333333,0.0663391317436042,4.97734877489136,1,-0.586602511509148,-0.914125251676812,-0.231173820581552,1,1,1
"Poor overlap","typical",2,34385,0.817905765089475,0.253333333333333,0.154120901872974,1.52967399269419,1,1.6912232876263,0.816039819624549,-0.0139255705082867,3,3,2
"Poor overlap","typical",2,14501,0.822589703343302,0.333333333333333,0.196553804972304,1.56144030748249,1,1.14020204451198,1.10400840029684,2.44558252953606,3,2,3
"Poor overlap","typical",2,27817,0.821801856370263,0.106666666666667,0.190962534205948,1.60493083687051,1,0.783902180640357,-0.381060271812988,1.21747517531351,3,2,2
"Poor overlap","typical",2,34994,0.819868972786258,0,0.145374437643239,5.87427490769585,1,-0.382691725401333,-0.380869421547101,-0.481039984480578,1,1,2
"Poor overlap","typical",2,31969,0.801429576420868,0,0.0250417540775074,4.15506267323007,1,0.670301094442832,0.211362105176823,-0.990256580672988,1,3,1
"Poor overlap","typical",2,13732,0.795733642589153,0,-0.0230117285089646,3.07143924648693,1,0.839758874985536,-0.00884966376843201,-0.385411021009444,1,1,2
"Poor overlap","typical",2,32341,0.785646060318002,0.0133333333333333,-0.0698638182301803,4.82743192559103,1,0.609380678431622,-0.771405351888662,-1.19715396203892,2,1,2
"Poor overlap","typical",2,28199,0.80794056808262,0,0.0604066692334801,5.43140451922105,1,-0.669275819636077,-1.0911438907008,0.187495746521467,1,1,2
"Poor overlap","typical",2,37155,0.814440311771262,0.453333333333333,0.130909711896276,1.59437001812765,1,1.5931164407498,1.73725082266094,0.976836295278299,3,3,3
"Poor overlap","typical",2,5984,0.799524821919043,0.04,0.020624274755332,2.52324178017624,1,0.414219635683934,0.0446538780408028,0.188200811343616,2,2,3
"Poor overlap","typical",2,3352,0.80149489071001,0,0.017641987533926,4.22462399205072,1,-1.29708092515221,-0.996952193870678,-1.23071375329173,1,1,1
"Poor overlap","typical",2,24951,0.807906395950646,0.0133333333333333,0.0860396696266945,1.45885552907099,1,0.620778367598932,1.20903404260199,0.197540350284032,2,3,2
"Poor overlap","typical",2,29465,0.793140716138432,0,-0.0297200566496878,2.62122211787993,1,-0.969738289831838,-0.606089344567388,0.575360465255068,1,1,1
"Poor overlap","typical",2,42085,0.85863533997755,0,0.503370236910966,4.69332763459533,0,-0.445498946982622,-2.51572435533983,-2.88272364396003,1,1,1
"Poor overlap","typical",2,22095,0.768903376004408,0.24,-0.189086828843504,4.19198466527394,1,0.95661681705759,0.28192692749734,0.598521705334877,2,1,1
"Poor overlap","typical",2,13699,0.810387983145968,0.0133333333333333,0.0860474124142971,5.43836876390698,1,1.37351975130261,1.05724115121819,0.769195415086929,1,2,3
"Poor overlap","typical",2,231,0.810892570850522,0.0533333333333333,0.0995173893316497,0.627404470151692,1,-0.243125291550084,-0.214353596072582,-0.0691870065222508,2,2,2
"Poor overlap","typical",2,3266,0.78027721290005,0.0933333333333333,-0.110471023682262,3.43213691373876,1,0.519525216613034,-0.428181238351926,0.692730841886605,2,1,1
"Poor overlap","typical",2,403,0.833168702196484,0,0.263935042737689,6,0,-1.05652641739161,-1.35193300580979,-0.0779103415140441,1,1,1
"Poor overlap","typical",2,21217,0.788665687403082,0,-0.0468210567038196,0.0435895709489759,1,0.701773313696586,-0.415736616798191,0.125137701922883,1,1,2
"Poor overlap","typical",2,9194,0.792542928212298,0,-0.0341766231688414,2.49041047647538,1,-0.905455055645668,-1.68916517607958,-0.125580746600119,1,1,1
"Poor overlap","typical",2,48468,0.818086533138903,0,0.138392022507394,5.39925031835148,1,-1.24305922720244,-0.657471052602597,-1.2946322198503,1,1,1
"Poor overlap","typical",2,14305,0.792716304874089,0,-0.0336979620633633,2.18529340764468,1,0.112235249036855,0.653642189341369,0.880598610619825,1,1,2
"Poor overlap","typical",2,348,0.79920300774634,0.0133333333333333,0.022317567258878,0.431361178336072,1,1.10889193968728,0.475228430077705,1.13077592431812,1,2,2
"Poor overlap","typical",2,40483,0.783495873044439,0,-0.0999026753585763,2.28955912052951,1,-0.8319878949359,-1.61891757771187,-0.69244917878328,1,2,1
"Poor overlap","typical",2,35498,0.853359569473279,0.0133333333333333,0.43758130479386,6,0,-0.365756603517924,-1.24442561807444,-1.16916947947799,1,1,1
"Poor overlap","typical",2,33105,0.748476215927818,0,-0.310562084740498,1.10917798267419,1,-1.98292454916988,-0.77220039562991,-0.775058499438919,1,1,1
"Poor overlap","typical",2,26364,0.80976498226375,0.106666666666667,0.0771894496808407,5.0556990869922,1,0.786606480701818,1.03537401826288,0.20445653124376,1,2,1
"Poor overlap","typical",2,45604,0.809397929189689,0,0.0732615052134147,4.77778731098715,1,-1.41985500590439,-1.83781440870027,-1.09229652705041,1,1,1
"Poor overlap","typical",2,47676,0.836197209872248,0,0.288335503431391,6,0,-0.177969612895453,-0.508505774447322,-0.150707904605009,1,1,2
"Poor overlap","typical",2,9388,0.820592214364696,0,0.156119950687766,5.83022060343954,1,-2.31189309068538,-1.37221789707504,-0.200848163261179,1,1,1
"Poor overlap","typical",2,20954,0.793007488816346,0,-0.0399043814002842,5.26670175085797,1,-0.0553260771072001,-0.659889069132136,1.11830282210666,1,1,2
"Poor overlap","typical",2,2469,0.799119289626344,0.386666666666667,0.0213153026728694,2.55240177915725,1,1.21560387194805,1.09841258223301,1.15758133272617,3,2,2
"Poor overlap","typical",2,19051,0.812408521502795,0.0933333333333333,0.101554123817354,6,0,0.385826026108169,0.0551225372571876,0.75965446306876,1,2,1
"Poor overlap","typical",2,4693,0.838139740614192,0.0133333333333333,0.325610995304834,0.418358319015075,1,0.536559978354181,-0.287765661601475,0.266595018310356,3,1,1
"Poor overlap","typical",2,29984,0.760135314066929,0.68,-0.261238582101265,4.92960678017384,1,2.00675999633785,2.49383247489702,1.44831711661935,3,3,3
"Poor overlap","typical",2,15519,0.75486120721291,0.453333333333333,-0.304560046019962,2.0127217983827,0,1.22620634024242,2.11186767135233,2.10839491175498,3,3,3
"Poor overlap","typical",2,30092,0.788856937083769,0.0133333333333333,-0.0683032855352198,0.690970238674485,0,0.681064208855306,1.98067908946599,1.35501178750389,2,3,2
"Poor overlap","typical",2,47795,0.795880356799681,0.0133333333333333,-0.00407700676210343,3.03060068961483,1,0.597737938761259,0.793596823033183,-0.328478957489931,2,2,3
"Poor overlap","typical",2,22728,0.779053322185453,0.0133333333333333,-0.112598150614779,1.40720105096289,1,-0.530711253616937,0.415315241866644,0.513547423702646,1,1,1
"Poor overlap","typical",2,14637,0.79063804684694,0.08,-0.0362686377413199,2.9588015644754,1,1.31851485235326,0.516890177649013,0.743630557785335,2,3,2
"Poor overlap","typical",2,43561,0.79321199139864,0,-0.0364134454774727,3.813468774394,1,-1.54166706269765,-0.635680065621114,-1.15688349309553,1,1,1
"Poor overlap","typical",2,39636,0.813174931979167,0,0.104029671957092,5.08981147141894,1,-0.712495409902331,0.0117357423042381,-0.541840214188732,1,2,1
"Poor overlap","typical",2,22022,0.809826894123941,0.08,0.0937171346262724,0.858137000854134,1,0.228847863853728,-0.653230682103072,-0.93543868252829,2,1,1
"Poor overlap","typical",2,38890,0.788625443124408,0.0133333333333333,-0.0597312199408764,1.81454733615346,1,-0.0688050461984723,-1.81202545944854,-0.759673785894196,1,1,1
"Poor overlap","typical",2,41262,0.798012621274871,0.0133333333333333,0.000350734534730002,3.44538961156463,1,-0.367221678514069,-1.67494622626532,-0.108825515070898,1,1,1
"Poor overlap","typical",2,6107,0.79261334252016,0.0133333333333333,-0.0154664639569246,1.14179890281231,1,-0.0464613617837374,0.342756907320799,1.13910563404181,1,1,1
"Poor overlap","typical",2,45031,0.790117450038288,0,-0.0572810446973975,3.00723268669747,1,-1.0242475669507,-0.895580345882077,-0.525063297619598,1,1,1
"Poor overlap","typical",2,29039,0.782956690294451,0.0133333333333333,-0.105994738379412,2.51693650187133,1,0.157595260039024,-0.0329874721019246,-0.650708596802962,1,2,1
"Poor overlap","typical",2,6120,0.795472135365412,0.2,-0.0197667062857721,0.271382493780165,0,0.517936781681479,0.176718306869197,0.193937053585398,2,2,1
"Poor overlap","typical",2,12903,0.824125827906027,0,0.18613855745453,5.90669348937787,1,-1.70461110922189,0.00267580239983971,-0.331316454076074,1,1,1
"Poor overlap","typical",2,42579,0.80701733356486,0,0.0576254633067186,5.90319913897682,1,0.0314588416426715,-1.07657816289145,-0.0664360050243084,1,1,2
"Poor overlap","typical",2,19740,0.821485216429635,0,0.203161388714698,0.467153981976342,1,-0.0182836345437539,0.470898608398151,0.555562930259651,2,3,1
"Poor overlap","typical",2,10317,0.794894175774425,0,-0.0131309952744574,3.1662460662688,1,-0.706559533029513,-0.363437623185979,0.231454806292179,3,2,1
"Poor overlap","typical",2,5561,0.795378170309179,0,-0.0219445647216063,3.39301116629644,1,-0.81075739983507,0.50280932290894,0.46809829771794,1,1,2
"Poor overlap","typical",2,34810,0.813844753432918,0.12,0.138187817002005,1.06298043351673,1,1.12691046977684,1.37116789840367,0.927771823473886,2,3,3
"Poor overlap","typical",2,15996,0.768194651690775,0.0133333333333333,-0.188059831793479,0.851389128330077,1,-0.454110819438723,-0.770668557407988,-0.61789293381116,1,1,1
"Poor overlap","typical",2,25939,0.783721256154215,0.44,-0.0882598197012863,3.84856426406377,1,1.04859907664631,0.66127762172645,0.533026579999193,2,2,2
"Poor overlap","typical",2,8992,0.779278606750769,0,-0.116032707218363,2.18191172222091,1,-2.12774805833012,-0.428000620977432,0.731755077540866,1,2,1
"Poor overlap","typical",2,39715,0.783590021875927,0,-0.0921824037312651,2.21593111979404,1,-1.88315643180522,-2.42259699132733,-0.63768997922338,1,1,1
"Poor overlap","typical",2,47668,0.865696915892203,0.0133333333333333,0.548747308652397,6,0,-0.0617607160564867,-0.585532120098952,-1.47300235611793,1,1,1
"Poor overlap","typical",2,6213,0.794468381757668,0.213333333333333,-0.0137293171720931,3.40578490853447,1,1.14203867391552,0.973623377040403,0.517367933237093,2,2,3
"Poor overlap","typical",2,18669,0.799430405243326,0,0.00780895234934409,3.80783280344143,1,-0.782392685736066,-0.922175459479153,0.479826763254219,1,1,3
"Poor overlap","typical",2,27425,0.793710904016374,0,-0.036686010369797,3.1833333200535,1,0.421659441467039,0.457527716570174,-0.361825515604859,1,1,2
"Poor overlap","typical",2,9387,0.822138529340511,0,0.177868670730279,6,0,0.0218326079153881,-0.442894512193377,0.191148018292989,1,1,2
"Poor overlap","typical",2,28312,0.808245304032692,0.0933333333333333,0.0671532333565699,5.33413800719791,1,0.538993854724643,-0.977761952603991,-0.699018233963791,1,1,1
"Poor overlap","typical",2,43487,0.796485965276144,0,-0.00915140795858171,4.49603197021051,1,-1.23672375821403,-2.01088103930376,-1.48055287851286,2,1,1
"Poor overlap","typical",2,4752,0.837363141901812,0,0.301881299563766,6,0,-2.6052163484058,-1.13990092326847,0.866121983317987,1,1,1
"Poor overlap","typical",2,9164,0.758735559840601,0,-0.255872318146788,1.01558853462255,1,-1.04542940974525,-2.51010276556969,-1.9227079642584,1,1,1
"Poor overlap","typical",2,48639,0.805619517077329,0,0.0474375089077768,4.49507053054742,1,-1.83669316318175,-1.13535941820157,-0.804982094918329,1,1,1
"Poor overlap","typical",2,416,0.795817030501919,0.0933333333333333,-0.00996824511453909,3.1424127153215,1,-0.0693064069135194,-0.143703818863967,0.350280894408514,2,2,2
"Poor overlap","typical",2,27063,0.798686105334768,0.293333333333333,0.0114446845992866,2.63133987552682,1,0.907316674882954,1.87244391719892,2.09237897201036,3,3,3
"Poor overlap","typical",2,24560,0.816849857596079,0,0.146827525925012,1.51220743379272,1,-0.368580376836567,-0.873853587182485,0.493163227245501,2,1,2
"Poor overlap","typical",2,23362,0.815464670806299,0.0133333333333333,0.11170510619834,5.64936799558695,1,-0.45361375228417,-0.0560234733495828,0.021166739820721,1,1,1
"Poor overlap","typical",2,11331,0.80235777376241,0.213333333333333,0.0374274133120993,2.49438119595403,1,1.14646578597805,1.26535529265968,0.382863423819943,3,3,2
"Poor overlap","typical",2,42045,0.817611579757056,0.0266666666666667,0.128440712241368,2.60530953997754,0,-0.103532464326309,0.396064340600241,0.263016005057874,1,1,1
"Poor overlap","typical",2,18995,0.789854683139394,0,-0.0582566208953987,2.07786371256427,1,0.30703598504982,-0.724496884804689,-0.376612616813654,1,1,2
"Poor overlap","typical",2,37401,0.77096452428691,0,-0.154691916007272,4.87708857288641,1,0.00833222772148235,-1.73434573321375,-0.746574166061883,2,1,2
"Poor overlap","typical",2,48888,0.774208865955476,0,-0.148817345783021,0.245038399905926,1,-0.119196018300378,-1.36826515579265,-0.622668587067074,1,1,2
"Poor overlap","typical",2,48429,0.829589688638061,0.0133333333333333,0.268272716190288,0.627082917271369,1,-0.132178263661408,1.33726863667791,2.11406941775324,3,3,3
"Poor overlap","typical",2,26145,0.7760491548975,0,-0.139734298615968,1.65713604363509,1,-0.372918049983068,-0.394180134456569,0.222251020421585,1,1,3
"Poor overlap","typical",2,44613,0.79220634266697,0.0133333333333333,-0.0447206079422338,3.01263824816409,1,-0.253114276278963,-0.851674881405962,-0.730850138452316,1,1,1
"Poor overlap","typical",2,20791,0.788709785919319,0.0266666666666667,-0.0620977407655507,3.46088839881497,1,0.0891162784168832,0.755606839065386,1.0714471196969,2,1,2
"Poor overlap","typical",2,7397,0.811899606044146,0.106666666666667,0.112575425234811,1.87713918979702,1,0.15934192673376,1.10578815586612,1.44831604169729,3,2,2
"Poor overlap","typical",2,10483,0.819624815217355,0.08,0.181228658267931,0.430103831593075,1,-0.397140889166208,0.721573577661674,1.06511725379488,2,2,1
"Poor overlap","typical",2,28874,0.810512147534074,0,0.0755006243909531,5.05294998460539,1,-0.436595938231966,0.257930906001645,0.319202373760788,1,1,2
"Poor overlap","typical",2,27219,0.865007123605466,0,0.540609585048179,4.29119701534054,0,-0.979408696104026,0.409127622846183,-1.41656423976299,1,3,1
"Poor overlap","typical",2,34476,0.783693589688221,0.0933333333333333,-0.0874002952786159,1.50902196655905,1,0.307177668749948,0.39317482595553,0.174797734046907,1,1,1
"Poor overlap","typical",2,45268,0.762285355559087,0,-0.235080352852211,1.81786035601974,1,-1.40013205169209,-1.10339858853946,-1.32599229552127,1,1,1
"Poor overlap","typical",2,39713,0.779999595646868,0.0933333333333333,-0.112670059577242,3.77559844546859,1,0.351108785107933,0.532591131784534,1.51204768857593,3,2,3
"Poor overlap","typical",2,33463,0.779998239812334,0.0133333333333333,-0.121758166371148,1.980492943967,1,-0.0526808225457338,-0.607014187979215,-0.848889168049287,1,1,1
"Poor overlap","typical",2,797,0.79069397608295,0,-0.0536232073387866,3.0516753320685,1,-0.876139679397935,-2.14826513070852,-1.36978573919767,1,1,1
"Poor overlap","typical",2,23659,0.8190979744183,0.4,0.162343582991723,1.09819152156566,1,0.755942086722996,1.0911472766388,0.927194358048227,2,2,2
"Poor overlap","typical",2,48965,0.834962282244958,0.253333333333333,0.293023843625203,0.549656542523869,1,1.42312164865875,0.99940951434952,0.415828598489246,3,3,2
"Poor overlap","typical",2,10362,0.781183444191592,0,-0.115776717307543,3.07286564702682,1,-1.63835025173829,-2.72459154299443,-2.05599666508652,1,2,1
"Poor overlap","typical",2,49102,0.774749307432063,0,-0.109896588167195,0.0643110875454183,1,-2.17130247481849,0.211622411612886,1.90793985272701,1,1,2
"Poor overlap","typical",2,11095,0.839745099478515,0.64,0.325801531258655,0.126593015034946,1,1.80025216223932,1.18755635935113,0.822814281037805,2,2,2
"Poor overlap","typical",2,27868,0.825739434428163,0,0.19926201803402,6,0,-0.722330862550359,-0.2835118935773,0.886903460583103,1,2,1
"Poor overlap","typical",2,42112,0.811712374302633,0,0.114860877090202,0.646707766038092,1,-1.03690689766001,-1.26626653097978,-0.421598982780589,2,1,1
"Poor overlap","typical",2,4510,0.791752609227722,0,-0.0245940947493635,5.07607435917842,1,-0.215668262815367,0.477681237579922,-0.532236413928104,3,2,2
"Poor overlap","typical",2,1228,0.812188045621594,0.0133333333333333,0.0910965438282614,4.99697317898962,1,-0.622100503001007,-0.99032384536691,-1.07933331726927,1,1,1
"Poor overlap","typical",2,42858,0.793950864610134,0.213333333333333,-0.0227406474332197,3.07844446391957,1,0.292050884231489,0.830205863830895,1.26663630224594,2,2,2
"Poor overlap","typical",2,27595,0.79988037201826,0.0133333333333333,0.0331560569154004,1.8015544643684,1,1.08158147955632,0.100527315333254,-0.659215366574802,2,3,3
"Poor overlap","typical",2,19165,0.775691289979756,0,-0.122132693523053,0.172912477043036,1,-0.998775228784901,-0.0462844466978915,0.919627057944289,1,1,2
"Poor overlap","typical",2,30290,0.787014941996731,0.16,-0.0554471145169058,3.9028565210688,1,1.36357258233794,0.317727228349887,0.288247155001312,2,2,3
"Poor overlap","typical",2,26341,0.800456792045029,0.186666666666667,0.0283069976455397,2.56747780351179,1,1.16358993269568,0.435421776840149,0.478226506235666,2,2,3
"Poor overlap","typical",2,7328,0.805587433088865,0,0.0454117364119426,4.42986116310166,1,-1.47771421975163,-1.08776359633593,-0.464093976445362,1,1,1
"Poor overlap","typical",2,31439,0.786069952830787,0,-0.0699789649461555,1.88834861073927,1,-0.136490993223901,1.51112368914716,1.20781745794073,1,1,2
"Poor overlap","typical",2,24342,0.805924928919302,0,0.0439042335940503,4.97499143070509,1,-0.740288529189934,0.485379432730257,1.22777306224597,1,1,2
"Poor overlap","typical",2,16813,0.771668250474839,0.0133333333333333,-0.174703670895663,1.76019974851004,1,-0.290088818130524,-0.382967414143217,-0.946438928907597,1,1,1
"Poor overlap","typical",2,10644,0.804551676466549,0.0133333333333333,0.0511056720030154,2.29956059232154,1,-0.389565973548189,-0.989040740831962,-0.144422786857483,2,1,1
"Poor overlap","typical",2,38483,0.833526376879969,0.653333333333333,0.285511168051146,0.768691519174266,1,1.77391488521093,1.66124983654769,1.4399131863779,3,3,3
"Poor overlap","typical",2,35622,0.829982168064054,0.186666666666667,0.252396504950114,0.8814780740229,1,0.909216198138651,1.0126864173195,1.18317394730783,2,1,2
"Poor overlap","typical",2,40905,0.762341049162974,0,-0.235095251389076,2.27290079295309,1,-2.6477112465736,-2.36696968255036,-1.81852914713186,1,1,1
"Poor overlap","typical",2,49885,0.786723163268666,0.08,-0.0679453137819239,0.886284701211186,1,0.841723193146814,-1.22654221109955,-0.780135308585964,1,1,1
"Poor overlap","typical",2,2579,0.848267099530054,0,0.390472766957547,6,0,-0.831512394014113,-1.43785163036,-0.790520438136076,1,1,1
"Poor overlap","typical",2,10435,0.808487695172641,0.04,0.0832922348042442,2.04197554545588,1,0.479843611809912,-1.17202989088752,-0.435389202980307,2,1,1
"Poor overlap","typical",2,28911,0.810163942777192,0.453333333333333,0.0987508053097799,2.03292436253195,1,1.90331520961925,0.939887020342767,0.893252498789673,3,3,3
"Poor overlap","typical",2,17734,0.783606958420176,0,-0.0880446754578643,2.50010688989672,1,-0.264232219206145,0.576965297408602,-0.0483475734716416,1,3,1
"Poor overlap","typical",2,26897,0.772996119741217,0.0133333333333333,-0.167728113238534,1.77283249047839,1,-0.214081554370175,-0.135381477397531,-0.509912900396142,1,2,1
"Poor overlap","typical",2,21640,0.70739739574968,0,-0.574744732858217,0.766180390480237,1,-1.39132190247167,-1.63560041815651,-3.26591991394951,1,1,1
"Poor overlap","typical",2,3058,0.711004683508276,0,-0.542003128592911,0.383517118687826,1,-0.507303805429434,0.608467894763645,-1.87170669305915,1,1,1
"Poor overlap","typical",2,18372,0.799237221114978,0,0.0115721168762977,2.7943601372157,1,-1.66437229267817,-0.652128873361637,0.0657404741876769,2,1,1
"Poor overlap","typical",2,30662,0.81382004792268,0.0133333333333333,0.137967476234072,1.25803207065602,1,0.592030229845129,0.800327335502397,1.07461522661707,2,3,3
"Poor overlap","typical",2,13423,0.796178790611327,0.213333333333333,-0.00128250431103449,2.78967492624862,1,1.52582927695535,0.615102640727937,0.953206837084329,3,2,3
"Poor overlap","typical",2,19595,0.811009650910107,0.04,0.116743040960126,1.27141829486237,1,0.681970778587763,1.15334829905855,0.999354321717083,2,3,3
"Poor overlap","typical",2,27111,0.793235970864153,0.133333333333333,-0.023284800686691,4.46760444636538,1,0.249753010840263,0.68573343370042,-0.218625933418596,2,2,2
"Poor overlap","typical",2,19021,0.767435281023796,0,-0.203507638828408,1.79397085373756,1,-1.12197965339653,-0.53718246955035,-0.771494768990851,1,1,2
"Poor overlap","typical",2,2986,0.815319455242891,0.0133333333333333,0.112100796569496,5.49982757880061,1,-0.242000370643648,-0.60320113807906,-0.610589307054162,1,1,1
"Poor overlap","typical",2,46596,0.820201947461462,0.0133333333333333,0.179171545967023,0.509297438765109,1,0.0402490949883225,-0.0171920576323753,-0.249141667349389,3,3,2
"Poor overlap","typical",2,15020,0.783425959450124,0,-0.0806493544681508,0.877327138631339,1,-0.149346071423922,-0.872436192549703,0.656185873248047,1,1,3
"Poor overlap","typical",2,562,0.793168726727057,0.12,-0.0237899022039518,1.23311252725692,1,1.11147452679476,-0.575301766480507,-0.226413585824288,1,1,1
"Poor overlap","typical",2,40339,0.76110263379512,0,-0.231658295294543,0.450717746827916,1,-0.93355859278922,-1.86439302366332,-1.10256707076815,1,1,1
"Poor overlap","typical",2,49272,0.876668022671213,0,0.657425174747875,6,0,-1.53206416139721,-0.0871948412356397,-0.527219625645777,1,2,1
"Poor overlap","typical",2,41629,0.745417158719141,0.186666666666667,-0.343495649606744,4.2963218408669,0,0.42418205904231,0.461334317360431,0.265384693357134,2,1,1
"Poor overlap","typical",2,42547,0.762239972181228,0.0133333333333333,-0.230631661751392,1.03704252473752,1,-0.126316163949968,-0.304618441119675,-0.973087426872776,1,1,1
"Poor overlap","typical",2,40215,0.796273749743395,0,-0.0171933123795172,2.99317721148718,1,-0.255937947326684,-0.75072540090577,0.109347161630427,1,1,2
"Poor overlap","typical",2,37344,0.7755180878581,0.306666666666667,-0.142570423516882,5.01165172472242,1,0.625157194609538,1.50803115820138,0.956591431231465,2,2,2
"Poor overlap","typical",2,38900,0.799915088446352,0.0266666666666667,0.00615002676999232,3.73911871511914,1,-0.203470226725353,-0.446487476602618,-0.0906229446527082,1,1,1
"Poor overlap","typical",2,16059,0.779556235892884,0.0266666666666667,-0.119019635493702,1.96925037563586,1,0.681303452630173,1.01987484895699,-0.278755770900672,1,1,1
"Poor overlap","typical",2,46727,0.79879001873052,0.213333333333333,0.0115380269821044,2.76372421807141,1,0.418329178350915,0.23626497851155,0.726097799065928,2,2,2
"Poor overlap","typical",2,42078,0.804421262630612,0.773333333333333,0.0530016092986565,2.35522254912114,1,2.23270703893328,2.22050222526372,1.26762979152398,3,3,3
"Poor overlap","typical",2,36619,0.852861004696733,0.0933333333333333,0.440588314437979,6,0,0.847951459453087,0.845241745081074,-0.39534775644693,1,2,1
"Poor overlap","typical",2,28298,0.812277428264828,0.133333333333333,0.108113855590241,1.35677774380736,1,0.0903516294345646,0.0978167886506961,0.351734261380996,2,2,2
"Poor overlap","typical",2,1041,0.814498930003842,0,0.111290956309764,5.26024071159996,1,-2.13591778200756,-1.76798191552114,-0.562143885502681,1,1,1
"Poor overlap","typical",2,23172,0.864508532155613,0.0133333333333333,0.530580354074567,6,0,-0.395684682548691,-0.435019627580332,-1.08599703641785,1,1,1
"Poor overlap","typical",2,44866,0.773588822445604,0.333333333333333,-0.149622470044698,4.20746222540767,1,2.34535371081282,2.6520097649443,0.501746362658025,3,3,2
"Poor overlap","typical",2,30962,0.786044251782868,0,-0.0785089414988804,2.10963969704675,1,-1.35159181383235,-1.05751418006225,0.173031491825609,1,1,2
"Poor overlap","typical",2,11802,0.81852370200863,0.0133333333333333,0.173777432681664,1.48952878693368,1,-0.446328192067873,1.10593109849849,3.06810665602882,2,2,3
"Poor overlap","typical",2,36934,0.774391238066349,0.0133333333333333,-0.15469829548721,4.18240643242812,1,0.597400339196374,1.26371055539028,1.8335170134566,2,3,3
"Poor overlap","typical",2,39567,0.796991588995215,0.12,0.00553302188732019,2.91892673426561,1,1.00204754445349,-0.556329636306683,-0.589207023873506,2,2,2
"Poor overlap","typical",2,46491,0.780136224768076,0.0133333333333333,-0.113780331224224,1.09897670041599,1,0.0302977284109211,-1.4309276733537,-0.837988223923355,1,1,1
"Poor overlap","typical",2,29403,0.803054282414269,0.0933333333333333,0.0289429792425797,4.19668395738613,1,0.951831555951159,0.00141355982126446,-0.788040213349568,1,1,1
"Poor overlap","typical",2,27295,0.799062551980021,0,0.00558307660835324,0.055010779760778,0,-1.19300306578691,-1.16223723607206,-1.41558386492256,1,1,1
"Poor overlap","typical",2,44069,0.760647127556729,0.213333333333333,-0.217746254705899,4.18837446812307,1,1.20484154642423,-0.196395087607561,0.31972599585594,3,2,2
"Poor overlap","typical",2,33194,0.860920565362562,0,0.51256972023415,6,0,-0.938056684531231,-1.36560218871901,-1.16827832744982,1,1,2
"Poor overlap","typical",2,9153,0.78881749080833,0.0133333333333333,-0.0657661047840836,3.44910251256747,1,0.809001845095113,0.276354180891412,-1.59636444235858,1,2,1
"Poor overlap","typical",2,18823,0.800471778388693,0.453333333333333,0.0255618574773444,2.59421443061985,1,2.1565166064264,1.32012723761992,0.529165198646293,3,3,3
"Poor overlap","typical",2,14446,0.767324429615931,0.0133333333333333,-0.206201117995328,1.80009258656024,1,0.392843719214388,0.411307232314421,-0.957097123616337,1,2,1
"Poor overlap","typical",2,5078,0.803105549608837,0.0133333333333333,0.0300863403650897,4.33624009498005,1,-0.540164492215065,-1.56730288051303,-0.40747509424637,1,1,1
"Poor overlap","typical",2,1660,0.787193759198957,0.0933333333333333,-0.0554979086714331,4.72502354243966,1,0.775725932876761,0.392965262198641,0.220719083134497,2,2,3
"Poor overlap","typical",2,13525,0.805180563685796,0.0133333333333333,0.0451548118613951,4.69090814383632,1,0.0525317055902429,-1.41618697054,-0.72154179785656,1,1,1
"Poor overlap","typical",2,45685,0.829270128025954,0.44,0.251703500142175,0.918935213763832,1,1.28370283089184,1.3835027799371,1.45752949947287,3,3,3
"Poor overlap","typical",2,8975,0.805343897424775,0.533333333333333,0.0611260424322124,2.28122616472303,1,1.27249111883624,1.70467273366189,1.32554885358695,2,2,2
"Poor overlap","typical",2,13148,0.80439549602832,0.0133333333333333,0.0510503517409933,2.37217308545611,1,-0.0329667700453179,-0.680306620737717,0.709764757522308,2,2,1
"Poor overlap","typical",2,43435,0.84795730040497,0.0133333333333333,0.387899497977271,6,0,-0.748157281118234,-1.39358820236362,-0.80460466881688,1,1,1
"Poor overlap","typical",2,31347,0.758990566208161,0.0133333333333333,-0.247487047705319,0.820219944601637,1,-0.428321613756001,-0.325349762726049,-0.791584627009255,1,1,1
"Poor overlap","typical",2,14539,0.790748372445556,0.0133333333333333,-0.0535263104256449,3.13065778716125,1,0.290565021159664,0.245128259973628,-0.7597868524342,1,1,1
"Poor overlap","typical",2,7838,0.80579425650828,0.16,0.0674872316609294,2.24344384320208,1,0.90152559402978,2.12766230755027,1.37070708098872,3,3,2
"Poor overlap","typical",2,20510,0.783039443269609,0,-0.101403174546169,3.19878628560009,1,-0.312454596679078,0.601382128230204,-1.12686139354413,1,1,1
"Poor overlap","typical",2,32098,0.820994644202107,0.213333333333333,0.178497016670867,1.4484716217826,1,0.59470648726861,0.875513272780327,1.24175314075872,3,2,2
"Poor overlap","typical",2,25094,0.753014028417713,0.0133333333333333,-0.272796520738861,4.10230374092129,1,1.53561634133741,0.546315830531674,1.38538434179474,3,1,3
"Poor overlap","typical",2,2258,0.783340117557834,0.0933333333333333,-0.104035281351418,1.17279710306586,0,0.299676962466784,0.469902266061163,0.545938174006842,2,1,2
"Poor overlap","typical",2,1578,0.774025021094066,0,-0.166204160076547,2.71495351134921,1,-0.528486194268522,-0.699954641203685,-1.93354795908429,1,1,1
"Poor overlap","typical",2,12595,0.815300599548347,0,0.117350830290703,1.46080560516566,0,-1.45038391286326,-1.5005517277729,-0.848383563455093,1,1,1
"Poor overlap","typical",2,13645,0.785805688013799,0,-0.0773222455338145,2.2492766275428,1,-0.986654923919779,-0.278618914748931,0.27729521421087,1,1,1
"Poor overlap","typical",2,7112,0.82084551469735,0,0.210700352040486,1.15086341335425,1,0.27989108762579,3.69460226426912,3.11567664298557,2,3,2
"Poor overlap","typical",2,21052,0.794097189268374,0.0133333333333333,-0.0123437709425191,5.99494844372354,1,-0.822576640525179,0.239270305525414,-0.0958711183888572,2,2,2
"Poor overlap","typical",2,6958,0.807048646456007,0,0.0759850015167656,1.81846177320892,1,-0.755771597175282,-2.66537058536921,-1.10854281744947,2,1,2
"Poor overlap","typical",2,48150,0.796029844620165,0,0.00825013720800616,2.53379303860835,1,-0.944072445759251,1.31583794184775,1.1070763712341,2,3,3
"Poor overlap","typical",2,5940,0.791715977069139,0,-0.0447484336632948,3.43682194135608,1,-2.25217538951201,-1.70491625639107,-0.711029913515175,1,1,1
"Poor overlap","typical",2,1188,0.831909190178972,0.506666666666667,0.280847170583614,0.366999916958138,1,1.59834150913131,2.33309069735408,1.49733059966693,3,3,3
"Poor overlap","typical",2,26581,0.791892572629045,0,-0.0341145687350881,3.4014919348617,1,-0.313922116192677,-0.394303338307858,0.863566510684791,2,1,3
"Poor overlap","typical",2,11407,0.841181032413367,0.213333333333333,0.342510270791847,0.499442974478466,1,0.828568088367695,0.513754729279196,1.76986009396938,3,2,3
"Poor overlap","typical",2,31054,0.793943734919204,0,-0.0292246473108362,3.57274526443559,1,-1.07397067715791,-1.20367405125648,-0.208328054107277,2,1,1
"Poor overlap","typical",2,22714,0.810760942243343,0,0.0884325136439337,5.64198483084575,1,0.145744550736468,-0.461492386984902,0.0692056308072964,1,2,2
"Poor overlap","typical",2,20427,0.84812116830997,0.0133333333333333,0.376678160484394,6,0,-0.477936894176987,-0.112037785160313,-0.146440110989559,1,1,1
"Poor overlap","typical",2,32773,0.785094394734902,0,-0.0715691716663196,0.775438642570684,1,-0.509006053562055,0.329346959410622,1.33711125431565,1,2,2
"Poor overlap","typical",2,37651,0.810784558423498,0,0.0918806837224295,4.97579179527778,1,0.0911295981832212,0.627423509156804,0.230976253864646,1,2,3
"Poor overlap","typical",2,4869,0.793986888979306,0.0133333333333333,-0.0236664614091144,3.02836461939446,1,0.25428368738952,1.69117550736277,1.26222278348352,1,2,1
"Poor overlap","typical",2,35494,0.845213302124444,0.12,0.375945359683241,0.550085376539329,1,1.17751309340259,0.0877033003099402,1.09251132652445,2,1,2
"Poor overlap","typical",2,43566,0.782432038503814,0.0133333333333333,-0.0913442224208416,4.08230201339544,1,0.523907025050969,-0.450588421592222,-0.688200656352894,3,3,2
"Poor overlap","typical",2,25232,0.797201307099753,0,-0.00450351170407393,3.5210026284348,1,-1.25836951073464,0.23114634379905,0.934166501601499,1,1,1
"Poor overlap","typical",2,547,0.81406828609594,0.0133333333333333,0.136354604873874,0.93615758375784,1,0.0710386853613732,1.87569870657305,1.7162426764301,3,2,3
"Poor overlap","typical",2,5362,0.79265772588728,0,-0.0205701783944723,0.716312080916813,1,-0.138029975127401,-0.59299758870587,0.670730770597235,1,1,2
"Poor overlap","typical",2,37941,0.785349966163135,0,-0.0834581406533053,2.77240853109815,1,-0.270714721682666,0.431998975917496,0.638192575706535,1,2,3
"Poor overlap","typical",2,15224,0.793733017567812,0,-0.0342478038212923,3.49823700400468,1,-1.15570183005311,-2.23803692580326,-1.59741745511109,1,1,1
"Poor overlap","typical",2,21546,0.809233850970208,0.0133333333333333,0.10586650436471,0.194134532458567,1,1.75471622202686,0.634150525845528,-0.530588865714054,2,3,3
"Poor overlap","typical",2,32229,0.860269787657693,0,0.523736344018512,6,0,0.237302563358461,0.0545878794364575,-0.81673841661411,1,2,2
"Poor overlap","typical",2,18781,0.793809817595166,0.106666666666667,-0.0301647356499322,0.43545600585516,0,0.429144143245352,0.247968962611604,0.936497951390015,2,2,3
"Poor overlap","typical",2,21029,0.803960774211427,0.253333333333333,0.0624132945488116,2.27891637856192,1,2.73855515632132,0.509306066874634,0.237471123876171,3,3,3
"Poor overlap","typical",2,24915,0.774652182354388,0.0133333333333333,-0.157177011750003,1.61098025228024,1,0.0957969508075156,-1.12394640699445,-1.35492809285276,1,1,1
"Poor overlap","typical",2,22004,0.841639397994444,0.0933333333333333,0.343630955168566,0.79967715765279,1,1.70612651652475,-0.341173866341576,1.17739253373738,3,2,3
"Poor overlap","typical",2,28076,0.776433983460039,0.0933333333333333,-0.130379798026423,3.80662152363689,1,0.504707827372271,0.246482810101331,0.681005531927005,3,2,1
"Poor overlap","typical",2,3342,0.752306217701026,0,-0.292242334798802,1.85328549387589,1,-1.91321255350825,-0.293722386540277,-1.08013443816562,1,1,1
"Poor overlap","typical",2,4799,0.783900433724488,0.12,-0.0918913965506656,5.64220677912325,1,0.653444982680581,0.48527483907837,-0.595141343993612,2,1,1
"Poor overlap","typical",2,34973,0.813608671666991,0.08,0.119736230692964,1.1679972987093,1,0.70969372549363,0.528680319440036,0.484672698608168,3,2,3
"Poor overlap","typical",2,49685,0.806613538691139,0.0133333333333333,0.0514610452620681,4.52809672753672,1,-0.7989910255177,-0.246645019119407,-0.144499758822179,1,1,1
"Poor overlap","typical",2,35915,0.793893973037463,0.0133333333333333,-0.0187136880278658,1.56925291355613,1,-0.365633113954061,1.33457321442787,-0.0187723488196328,2,2,2
"Poor overlap","typical",2,6989,0.790066683529866,0,-0.0441167797451705,3.23797997574463,1,0.462790350289146,-0.574890197177113,-0.338798749156654,3,3,1
"Poor overlap","typical",2,14141,0.790245084923881,0.0933333333333333,-0.0473880572137393,3.5722712025385,1,0.935868238822615,1.79957473020125,0.749180111498781,2,3,2
"Poor overlap","typical",2,20368,0.80170590549742,0.306666666666667,0.0460855643181277,2.29198499003481,1,1.30250148470395,0.752044570074082,2.3500352396457,3,2,3
"Poor overlap","typical",2,19985,0.791606673482672,0.24,-0.0334480391643206,3.00343851309189,1,1.15446250807247,0.705112544270518,1.35183509426156,3,2,3
"Poor overlap","typical",2,43992,0.856893730243205,0.0133333333333333,0.474248568708973,6,0,0.374475079029366,-0.689974329987521,-1.45907691160556,1,1,1
"Poor overlap","typical",2,43085,0.802305770182633,0.0933333333333333,0.0323909383539025,2.47078783591651,1,-0.12047546311222,-0.159122055661657,-0.16529520000368,2,1,1
"Poor overlap","typical",2,34173,0.824656119893641,0.506666666666667,0.202831523560804,0.866471073603773,1,1.31569858790881,0.883066726397785,0.633683430978395,2,2,2
"Poor overlap","typical",2,19342,0.786300466319691,0.0133333333333333,-0.0541096660222187,4.95824051635885,1,1.22468612951373,0.7907258329019,-0.20832386339292,2,3,3
"Poor overlap","typical",2,42752,0.779279343337669,0.0933333333333333,-0.122150542625531,1.69162300765051,1,0.351136221797593,0.773158658119818,0.207354636237071,1,2,1
"Poor overlap","typical",2,48670,0.803445582022353,0.346666666666667,0.0502621245240751,2.37624270482142,1,1.3846800248542,1.34399528732855,0.920002006903701,3,2,2
"Poor overlap","typical",2,43908,0.814009528539995,0,0.113898445499951,0.919027673080564,0,-1.44455878237549,0.41031757690658,-0.693539243355907,1,2,2
"Poor overlap","typical",2,30587,0.832542650517052,0.12,0.280179257988135,0.883288879116107,1,0.73654284626863,1.63260764688877,1.54438765290684,3,3,2
"Poor overlap","typical",2,329,0.782267286629291,0.186666666666667,-0.0946848409596184,4.94912460011691,1,0.363631063912172,0.108593985141626,-0.0658755040057684,2,2,2
"Poor overlap","typical",2,7082,0.805782718533286,0.133333333333333,0.0681781752161155,1.60159206326878,1,1.330408487492,1.78668000410706,0.230293361311841,3,3,3
"Poor overlap","typical",2,26973,0.782443518255234,0.426666666666667,-0.105653352997853,0.621646463576993,0,1.18844938838383,1.34740148554542,1.57179832010646,3,2,2
"Poor overlap","typical",2,11180,0.776917923281893,0,-0.147920883850509,2.82663933645022,1,-1.24110544560927,-2.01203339692232,-2.21395855907914,1,1,1
"Poor overlap","typical",2,29259,0.870430238204189,0,0.582987656922473,6,0,-1.45465931122029,-0.798353543201843,-0.900828641677844,1,1,1
"Poor overlap","typical",2,40547,0.73739680380386,0,-0.378833957097527,0.954823690483245,1,-1.35858053099581,0.201445291013417,-0.959601181920908,1,1,1
"Poor overlap","typical",2,46899,0.815248266311164,0.213333333333333,0.144587030669111,1.65375356359605,1,1.59948946633167,1.29060810834857,1.46771765074819,2,3,3
"Poor overlap","typical",2,41686,0.797047468556257,0,-0.00851784475031891,3.46865802903806,1,0.813158869584283,-0.694387736580687,-0.293599755481274,1,1,3
"Poor overlap","typical",2,14585,0.863545935153262,0,0.540621067318086,6,0,-0.994189167388801,-2.13492714136622,-1.79371136033803,1,1,1
"Poor overlap","typical",2,38534,0.773018002822051,0,-0.15106841752491,5.08378220913881,1,-0.414302633583846,-0.654049323785356,-0.12220830887664,3,2,1
"Poor overlap","typical",2,16719,0.74199430110562,0,-0.349446421573015,0.405555698575468,1,-1.23719405089971,-0.831422830427666,-1.04808321525232,1,1,1
"Poor overlap","typical",2,14830,0.811864775091377,0.12,0.110164035721536,1.38540954583329,1,0.911101242192617,0.185708440694746,0.58384342169516,2,2,3
"Poor overlap","typical",2,30085,0.792779114531696,0.0133333333333333,-0.0334956075429893,1.38191095775045,1,1.39464884502431,-0.213128219473384,-0.237438918538493,1,1,2
"Poor overlap","typical",2,25511,0.781652155930592,0,-0.0922680441309129,5.78212980669712,1,0.732261329855438,-0.217735695291716,-0.400085983245908,2,1,3
"Poor overlap","typical",2,41611,0.760186466314256,0,-0.246488116898486,1.03082588876994,1,-0.852769950737155,-1.04749031550794,-0.816808731972267,1,2,1
"Poor overlap","typical",2,40067,0.801244217305198,0.0133333333333333,0.0301450506373655,2.31449578800227,1,0.635868915297935,1.33739665490712,0.532547965890252,3,2,3
"Poor overlap","typical",2,36538,0.78735226212899,0.0133333333333333,-0.0764503235818332,2.6489109500051,1,-0.374052292991263,-1.47482024453403,-1.17874719207428,1,1,1
"Poor overlap","typical",2,28716,0.772708325333336,0.0266666666666667,-0.148791168627798,0.755959962626702,1,0.358273476312117,1.1337743847085,0.370473298756769,1,1,1
"Poor overlap","typical",2,34018,0.804589275617564,0.2,0.0541025285448282,1.24269822557623,1,0.605502190567355,0.800086524547581,-0.258656069290143,2,2,1
"Poor overlap","typical",2,33902,0.782270485786441,0,-0.103396597611313,1.70895571546135,1,1.32800498699197,-0.182548392000462,-0.0968513217811702,1,2,3
"Poor overlap","typical",2,43338,0.7836875490204,0.0133333333333333,-0.089075315457344,1.05693752119754,1,1.14238410651772,1.61954423732715,0.878990849718644,1,2,2
"Poor overlap","typical",2,44112,0.797350894052096,0.0133333333333333,0.00947959005828247,2.83497087602057,1,1.23612578191072,-0.369543965155444,-0.180497272375742,3,2,3
"Poor overlap","typical",2,25718,0.770952297732753,0,-0.184177567613437,2.06669672723824,1,-0.907778941805302,-1.91842457314851,-1.86867924119451,1,1,1
"Poor overlap","typical",2,46224,0.794532413656556,0,-0.0284402754565827,2.82550659147722,1,-0.335434430277415,-1.03288064213819,-0.151957138039828,1,1,2
"Poor overlap","typical",2,46,0.784288474072214,0.48,-0.0914150548448811,3.18192326039614,1,1.41814116350375,1.40644129308449,1.78718264116316,3,3,3
"Poor overlap","typical",2,32935,0.791375364652495,0,-0.0504104417200648,3.52753558650993,1,-0.781555267989831,-0.36458683457386,-1.12134137816708,1,1,1
"Poor overlap","typical",2,12697,0.801978305090464,0.0133333333333333,0.0363717282060472,2.50125057570738,1,0.187089634771166,0.393398438263108,1.17021330192036,2,1,3
"Poor overlap","typical",2,33344,0.768365110070887,0.88,-0.19476878771366,3.91152793265987,1,3.07491096188304,2.54193357952362,1.29701116809286,3,3,3
"Poor overlap","typical",2,1764,0.80095068784896,0,0.031962220108718,2.5530862872065,1,1.49830593343394,1.10269799947151,0.436600781952644,3,1,3
"Poor overlap","typical",2,39717,0.79178017366598,0.0933333333333333,-0.0356008279338136,3.35432695166448,1,0.360517647192726,0.715236127483981,1.12589184943179,3,2,3
"Poor overlap","typical",2,46912,0.815543367099224,0,0.130520291340069,5.32644937415912,1,-0.0459127409706002,0.544516256191436,-1.32099844588466,1,2,1
"Poor overlap","typical",2,19689,0.783513399365548,0,-0.103526025832047,2.86265149950251,1,-0.62468260374045,-0.884893223021519,-1.34634148786094,1,1,1
"Poor overlap","typical",2,35013,0.768036248691353,0,-0.180819563861178,0.690695594741598,1,0.460925862751462,0.625337750216699,-0.179496941229704,1,3,2
"Poor overlap","typical",2,7378,0.797562556060589,0.12,0.00110997452829853,3.00979158235821,1,0.0151770079021823,0.123582252137856,0.336287426557038,2,2,2
"Poor overlap","typical",2,38824,0.867474497994493,0,0.559287899071025,6,0,-1.65190289132542,0.791490029812673,0.305149279100831,1,1,1
"Poor overlap","typical",2,21738,0.787316500410965,0,-0.0744247091198167,3.37528561603719,1,-0.24919355967986,0.702258429674102,-0.634958879620767,1,2,2
"Poor overlap","typical",2,47525,0.788565489593459,0.04,-0.0639107046921954,2.38357105602348,1,-0.0934247062812252,0.341446312949337,0.461724511672252,1,2,1
"Poor overlap","typical",2,8439,0.807805524340701,0,0.0607744326293269,4.63025992617098,1,0.0696131811018757,0.742819909795005,-0.275997307952014,1,1,2
"Poor overlap","typical",2,22098,0.795824240821,0,-0.0100979606401348,2.1494246469455,1,-0.225507444562675,0.240103378684504,-1.16535765748925,3,2,1
"Poor overlap","typical",2,34266,0.783123086835997,0.0133333333333333,-0.098506202218809,2.04860603330557,1,-0.472898727403326,-0.573448725253609,-0.34672136728818,1,1,1
"Poor overlap","typical",2,36506,0.814709383988074,0.0133333333333333,0.145158389519396,1.44520856121064,1,0.456297681489403,1.34345020774247,1.80604087864105,2,3,3
"Poor overlap","typical",2,27054,0.862422407038255,0,0.515927160880897,6,0,-1.1137419052001,-0.31634352169766,0.20564766876931,1,1,3
"Poor overlap","typical",2,37053,0.797466217500631,0,0.0161009244938757,1.51550597145772,1,-1.26071058775334,0.814173986510001,1.25945408073103,2,2,3
"Poor overlap","typical",2,21947,0.795610627035765,0.106666666666667,-0.00962804247135152,3.09842444364389,1,0.906401196181573,0.868727053371026,0.727425688685975,3,2,3
"Poor overlap","typical",2,12781,0.813468290378583,0,0.129986010091152,1.81828367965318,1,-0.343177002860938,-0.76249293795387,0.646330024179149,3,1,2
"Poor overlap","typical",2,44084,0.82018535997697,0.0133333333333333,0.169793148014322,0.865069859039076,1,1.36914041467574,-1.25926196801879,-1.34072967545128,2,1,1
"Poor overlap","typical",2,21118,0.798632458925105,0,-0.00369764824573959,3.9251895126091,1,-0.957485403613374,-0.381617950671256,-0.736604967798047,1,1,2
"Poor overlap","typical",2,33017,0.746782797237845,0,-0.336476415769485,0.834461770704375,1,-0.709104360250337,-0.90361794429124,-1.29558340605669,1,2,2
"Poor overlap","typical",2,31346,0.80858411767824,0,0.0770398628603175,4.84476267668424,1,-0.251367826051366,0.379780201989103,-0.309624842153765,1,3,2
"Poor overlap","typical",2,3968,0.856781473565395,0,0.454527142299014,6,0,-1.79890279252065,-0.944144651658522,-0.167979476579321,1,1,1
"Poor overlap","typical",2,27664,0.817739913133534,0.106666666666667,0.162927221172194,1.18632109959436,1,0.000960652177434845,1.17295729455859,2.18690304536702,2,2,3
"Poor overlap","typical",2,8197,0.791149829653935,0.213333333333333,-0.041974106869382,3.01506330687377,1,0.812502499468496,2.57020895878365,2.52833624505629,3,3,3
"Poor overlap","typical",2,12265,0.800568806449277,0.0933333333333333,0.0203899232696356,2.4965322106276,1,0.946467411113274,-0.235126230376429,-1.32980214709872,2,1,1
"Poor overlap","typical",2,20381,0.80050945091437,0.08,0.0128920812585607,3.95928640473692,1,0.937537447324392,-0.32050623027771,-1.02075517485205,1,2,1
"Poor overlap","typical",2,15426,0.827275804403706,0.12,0.224674023085337,0.149826970825183,1,1.98961644321232,1.27144613688329,0.386467343550826,3,2,3
"Poor overlap","typical",2,45490,0.785593220861433,0,-0.0871685841652259,2.34850826761059,1,-0.500352237925612,-0.711480242580325,-0.169488095681488,1,2,2
"Poor overlap","typical",2,30277,0.751828036827509,0,-0.289177533390152,1.09454973426836,1,-1.17553045555557,0.705127421027141,0.0713039391211318,1,2,1
"Poor overlap","typical",2,14409,0.796936461004446,0.0133333333333333,0.00598378262002752,2.97408489330414,1,0.279212528547206,1.38753240820166,0.848572656626157,2,3,3
"Poor overlap","typical",2,44044,0.813824323291822,0,0.107229727681001,5.47254265903802,1,-0.174553609998304,0.266836660022056,0.272706166816277,1,2,2
"Poor overlap","typical",2,41571,0.830690894240783,0,0.226550606857678,3.74704259447753,0,-1.23742552485443,-0.166065700139519,0.353504029141891,1,1,1
"Poor overlap","typical",2,33917,0.872294437464263,0,0.645930330717179,6,0,0.439901387911216,-0.822469179284276,-2.14424030271737,1,2,1
"Poor overlap","typical",2,47281,0.853842547584202,0.506666666666667,0.461797997134982,0.233503332093958,1,1.64292226503624,1.16464980362726,1.88428896078428,3,3,3
"Poor overlap","typical",2,46569,0.85262205249911,0.0933333333333333,0.435066560935446,0.0470797322585873,1,0.434979893442166,-0.28360227514789,1.02056760540582,3,2,2
"Poor overlap","typical",2,9355,0.774524420846152,0.0133333333333333,-0.158049943317552,2.21259953643314,1,-0.616972310052363,-0.386776373958461,-0.982004588080393,1,1,1
"Poor overlap","typical",2,19617,0.789259825456789,0,-0.0618280051194215,4.11757013279207,1,-0.838952159323964,-0.2685382778064,0.30098423240696,2,1,2
"Poor overlap","typical",2,38415,0.717023269618341,0.0133333333333333,-0.399055358375047,6,0,1.35250832623123,-1.18555089062081,-1.1988231840721,2,2,2
"Poor overlap","typical",2,27903,0.858241066287357,0,0.472879000247399,6,0,-0.509292431761327,0.380726313594471,-0.190852430840769,1,1,2
"Poor overlap","typical",2,31773,0.783175709416858,0.0933333333333333,-0.0847925003852015,4.86523023721491,1,1.12200907472201,-0.422904045056379,-0.970769909854932,2,2,1
"Poor overlap","typical",2,2573,0.773157654953032,0,-0.167492041689422,2.18527750969744,1,-0.663131071906816,-0.528132480222157,-1.11684913775638,1,1,1
"Poor overlap","typical",2,5657,0.837617732075793,0.0933333333333333,0.29198655117286,6,0,0.144168567480383,0.140174352813831,-0.031787267832716,1,1,1
"Poor overlap","typical",2,12218,0.803883190824961,0.0133333333333333,0.0362037962705113,4.54034942008657,1,1.05882379907421,0.558155176386593,0.276085024421477,1,2,2
"Poor overlap","typical",2,7719,0.809251208522584,0,0.0779509728342603,0.725533463992178,0,-0.267099217778195,-0.184908157221904,-1.30875636259549,1,2,1
"Poor overlap","typical",2,18083,0.785945480120916,0.106666666666667,-0.0685720779778922,5.86795805245953,1,0.214912572157714,1.28341180731699,0.937808532351414,2,2,3
"Poor overlap","typical",2,41539,0.865415887487707,0,0.540231012294285,6,0,-1.20657695738822,-1.31065945564988,-1.15830667718484,1,1,1
"Poor overlap","typical",2,11127,0.806233325765258,0,0.0643446146366444,4.66495338017893,1,-3.22328050362763,-0.654968830069749,0.52572368671375,1,1,1
"Poor overlap","typical",2,30280,0.790750657004441,0.08,-0.0450423908462734,1.23539100297262,1,0.903055729805661,-0.738833400221218,-0.120519420581107,1,2,1
"Poor overlap","typical",2,40518,0.803524972100728,0.0133333333333333,0.0343903497325551,4.49621561103731,1,1.04604832042251,0.300385518908166,0.134137650204786,1,2,2
"Poor overlap","typical",2,2706,0.790190504751804,0,-0.0304571424363935,0.278904184062345,1,-0.622638560866176,-1.02810733679304,0.665794106350706,1,1,2
"Poor overlap","typical",2,29471,0.811671928933559,0.0133333333333333,0.0832248230385524,5.85092180028243,1,-0.502962144850598,0.176790518530833,0.690903994148713,1,1,1
"Poor overlap","typical",2,11285,0.859427473027847,0,0.508034503352699,6,0,-0.33477730671396,-0.12265326422211,-0.493534400937717,1,2,2
"Poor overlap","typical",2,5124,0.751420635708066,0,-0.300865458466275,1.09266752038568,1,-0.581455891862894,-0.48767002607649,-1.38830936282676,1,1,1
"Poor overlap","typical",2,14328,0.787795885729622,0.08,-0.0574410809782835,0.691209863001797,1,0.707204553400623,-1.17772842306127,-0.549297786230038,1,1,1
"Poor overlap","typical",2,4179,0.783563215032796,0,-0.0855225663218613,1.39589003936485,1,0.936013019724754,0.495944890153695,-0.059348152000973,1,3,2
"Poor overlap","typical",2,28898,0.72173793024629,0.16,-0.461024904534342,6,0,1.65182998585198,1.10242747240532,0.513944527728876,2,3,3
"Poor overlap","typical",2,24402,0.809613632793128,0.186666666666667,0.0911075524346447,2.02752000024809,1,0.56291861851818,0.512800387631949,0.720962679227146,3,2,2
"Poor overlap","typical",2,38538,0.796361014116857,0.0133333333333333,0.00087541065789587,2.78771377885165,1,0.915477098064369,0.404589204245308,0.575147109087633,2,3,2
"Poor overlap","typical",2,33156,0.797180074291025,0.0266666666666667,-0.00028321304582013,3.09047711907838,1,0.221867043647141,-0.0858737741271872,-1.0607499706569,2,2,2
"Poor overlap","typical",2,28484,0.794561584312452,0.0933333333333333,-0.0121758696957688,3.2215473040382,1,0.395726447869635,0.098795461550147,0.741117011827217,2,2,3
"Poor overlap","typical",2,6938,0.816228838264143,0.213333333333333,0.139949445086865,1.16552057049227,1,0.169449274839819,0.511606367170158,0.761004071829993,2,2,2
"Poor overlap","typical",2,15320,0.788243173897636,0.0133333333333333,-0.0526856435832967,1.43243450829926,1,-0.251388105343205,-0.0640807060977444,0.618022270058162,1,1,1
"Poor overlap","typical",2,16302,0.852034207531532,0,0.413595009591858,6,0,-1.13148240342007,-0.957517591833234,-0.411399133951278,1,1,1
"Poor overlap","typical",2,16878,0.793773730738861,0.04,-0.0181274320689759,3.07036405344703,1,0.758993421048976,-0.271832027354845,-0.230738554081253,3,2,1
"Poor overlap","typical",2,45221,0.818803683352313,0.733333333333333,0.1639722248835,1.63731351947866,1,2.25010372690086,1.41605438402445,1.14719595186284,3,3,3
"Poor overlap","typical",2,23026,0.755760508689657,0.333333333333333,-0.272624118937317,5.50458676288362,1,1.16726458526927,1.68135195200674,1.17502355944489,2,2,1
"Poor overlap","typical",2,29008,0.764668045903469,0,-0.186248682847169,4.89862238742036,1,0.254838658393378,-1.82494017000343,-0.75379236514,2,1,2
"Poor overlap","typical",2,46584,0.803625170791565,0,0.0351886446707148,4.42259657891463,1,-0.863694808351389,-0.0209705942637455,-1.0260101459155,1,1,1
"Poor overlap","typical",2,42263,0.809252082679335,0,0.0888660756218735,4.94668696252642,1,-1.39170415888093,0.779429835001174,0.599002288534661,1,2,3
"Poor overlap","typical",2,3727,0.844852398527705,0,0.378558905750072,6,0,-1.02162629005274,-2.23985582178047,-1.10843796942851,1,1,1
"Poor overlap","typical",2,49174,0.825330676478273,0,0.203221146698163,5.93765123493688,1,-2.10506110560486,-2.05393031014442,-2.86689526344372,1,1,1
"Poor overlap","typical",2,31810,0.837265189115027,0,0.289547910878561,6,0,-0.0534861877928835,0.332348748044933,0.2778276968737,1,1,2
"Poor overlap","typical",2,28775,0.842094937298972,0.253333333333333,0.356128926617971,0.0657528253856592,1,1.6711685527675,0.367209339918688,0.213445227830458,2,1,1
"Poor overlap","typical",2,17075,0.783095724434535,0,-0.0983469163763555,2.3372896800979,1,-1.16297888799025,0.164113285086097,0.360769942399177,1,1,2
"Poor overlap","typical",2,23247,0.811216405991103,0,0.0898572394060926,5.05843606245976,1,0.14347190050941,0.319761089597321,-0.149545580385631,1,2,2
"Poor overlap","typical",2,4171,0.801089199238007,0,0.0155460639849565,4.22433548657394,1,-1.31076530292344,-0.7791075454204,-1.16774054311782,1,1,1
"Poor overlap","typical",2,29835,0.821932466973134,0.0933333333333333,0.1875952314856,1.06152227208519,1,0.285022949504031,-0.65471195799806,0.0564887440226847,2,1,1
"Poor overlap","typical",2,4267,0.854137425699602,0,0.438299672135011,5.21152158220853,0,-1.84137603023637,-1.1915700211883,-0.46153061280932,1,1,2
"Poor overlap","typical",2,4348,0.799756258656683,0,0.00924507327276514,3.89382678567903,1,0.264866466344734,-0.622998128267437,0.405014144776056,1,2,2
"Poor overlap","typical",2,29683,0.794930433279426,0.08,-0.0218897794277217,3.74830613299692,1,0.308471816645192,-0.552458282178511,-1.02282272583697,2,1,1
"Poor overlap","typical",2,38930,0.814168574359814,0.373333333333333,0.129124005091235,1.83207096638071,1,1.14571792906662,1.56687567731434,2.08837584858852,3,2,3
"Poor overlap","typical",2,5655,0.777369061271443,0,-0.144120545287363,4.95204631973194,1,-0.909439746615466,-0.896086197324043,0.160143960905875,2,1,1
"Poor overlap","typical",2,41492,0.808126529652418,0,0.0634759526987931,4.70843495478237,1,-0.897855297568796,-0.846287106911805,-0.165268715560263,1,2,1
"Poor overlap","typical",2,31384,0.792384710901089,0,-0.0365933612187734,1.92570982982007,1,-0.129872723193061,-0.702064084623786,0.25781161994271,1,1,2
"Poor overlap","typical",2,37472,0.823823480883912,0.266666666666667,0.206636101440058,0.65477238554278,1,1.73652819021977,1.10344236965279,0.323657946250237,3,3,3
"Poor overlap","typical",2,10161,0.779461804660996,0,-0.131266029089395,2.8750883562101,1,-0.548721375795131,-1.50446421861257,-1.91091517485173,1,2,1
"Poor overlap","most_exchangeable",71,10599,0.977225469394522,0.906666666666667,26.5095737503242,2.77145422468765,1,2.91877034372768,3.62117969400321,3.26178284240262,3,3,3
"Poor overlap","most_exchangeable",71,23725,0.980764188265759,0,59.3040927703886,5.7588909632624,1,-2.82049006428259,-1.30813312030942,0.10823772508864,1,1,2
"Poor overlap","most_exchangeable",71,48464,0.980156360204644,0,54.673092922631,5.33720154945147,1,-0.779280594186296,-1.86917396218548,0.272461881479286,1,1,1
"Poor overlap","most_exchangeable",71,45501,0.978370326441604,0.226666666666667,25.0493045169285,2.62841775441441,1,0.941078617560012,0.877478795813553,0.896015794652426,2,2,3
"Poor overlap","most_exchangeable",71,11260,0.97743470223678,0,56.9814833521838,5.55982925900709,1,-5.90257826894344e-05,-0.758415690587389,-0.29223198790847,2,2,2
"Poor overlap","most_exchangeable",71,32197,0.977300116795842,0.213333333333333,39.496121185085,3.95807776545597,1,1.42531930618787,1.41914647271987,2.31867875244848,2,3,2
"Poor overlap","most_exchangeable",71,42756,0.980662434635063,0,7.22524318823713,0.974611470562485,1,0.94422728961084,0.364468890724345,0.324539172079957,3,2,3
"Poor overlap","most_exchangeable",71,30650,0.973597435919498,0,16.2677516950682,1.84553159604875,1,-1.68258782718483,-2.20795902366105,-1.39107110381411,1,1,1
"Poor overlap","most_exchangeable",71,42607,0.976556547933309,0.04,26.9424148828482,2.81241633551229,1,-0.871296896056947,-0.811290287884603,-0.14644842307464,1,1,1
"Poor overlap","most_exchangeable",71,48391,0.979745559321112,0,54.1250911408388,5.29145144762224,1,-1.30061118920155,-0.279882760478449,-0.935449708678175,1,1,1
"Poor overlap","most_exchangeable",71,42461,0.977865105303635,0,15.1380711395709,1.71945931922353,1,0.31207977187911,-0.297401273027543,0.423146004032448,2,1,2
"Poor overlap","most_exchangeable",71,3051,0.977904250665458,0,26.7763522843245,2.78892545772366,1,-0.232342700704491,-0.263149042629228,-0.798121037072138,2,1,1
"Poor overlap","most_exchangeable",71,10096,0.978776260824007,0,45.8428887994862,4.53661425699827,1,-0.00349016487406573,-0.297899882223914,-0.0794435479638474,1,1,2
"Poor overlap","most_exchangeable",71,20701,0.966197603344872,0.106666666666667,48.0103901937926,4.46149669587612,0,0.858191119199921,1.61903209563585,0.198340501626605,2,2,3
"Poor overlap","most_exchangeable",71,36908,0.977480240895966,0,20.841280373513,2.24339396779177,1,0.375659097404031,0.964229754598061,0.092865814427099,1,3,2
"Poor overlap","most_exchangeable",71,17762,0.979260107291335,0,48.0719471756903,4.73706860274016,1,-1.41951354019996,-1.27279842150573,-0.997910766309376,1,1,1
"Poor overlap","most_exchangeable",71,49728,0.977631904357025,0,35.2544167979636,3.56924955071955,1,-0.318452842355601,0.725250554619626,0.652784668006342,2,2,3
"Poor overlap","most_exchangeable",71,2689,0.979698526932634,0,52.3363794924982,5.12510836092741,1,-3.03246271430313,-2.63231333894119,-1.68043317111545,1,1,1
"Poor overlap","most_exchangeable",71,23459,0.978582129008768,0.04,23.8527251588317,2.51853175657142,1,1.13154994752136,0.737292673484765,0.77843124525341,3,1,3
"Poor overlap","most_exchangeable",71,14813,0.983990212830004,0,65.7305248094267,6,0,-2.39666879111306,-0.00789896144960128,-0.765359364986015,1,1,1
"Poor overlap","most_exchangeable",71,19539,0.973886244688961,0.106666666666667,7.74359780436944,1.05634919036627,1,-1.0162080668093,0.173117553541187,0.0555358399310812,1,1,1
"Poor overlap","most_exchangeable",71,25058,0.977009212422881,0.106666666666667,31.7340599421426,3.25205812657391,1,1.25348872173474,0.72207432088606,0.280399563884202,3,2,3
"Poor overlap","most_exchangeable",71,8474,0.978226192345379,0,39.5059630245596,3.95602763225707,1,0.124543242141207,-0.846178891637461,-1.15528773887195,1,2,1
"Poor overlap","most_exchangeable",71,33035,0.979125802300008,0,61.1048456804321,5.93469625957976,1,-0.729703966917877,-0.307021919767562,-1.05275318054881,1,2,2
"Poor overlap","most_exchangeable",71,38981,0.980244646431742,0,65.7345204010827,6,0,-0.548088230155457,-0.565575636871496,-1.14607093857855,1,2,1
"Poor overlap","most_exchangeable",71,24458,0.976334866535138,0,56.8389125799752,5.56096718899114,1,-0.19876989831176,0.254188799303827,-0.883345187392433,2,2,2
"Poor overlap","most_exchangeable",71,9542,0.977199296093394,0.346666666666667,28.3228417114308,2.94112291771226,1,2.02614672814886,2.17957942256856,1.08739149720243,3,3,3
"Poor overlap","most_exchangeable",71,31605,0.97797429032432,0,7.33057996052541,0.997213874367894,1,-0.0433436834235663,-0.822296908383097,-0.41843896075333,2,1,3
"Poor overlap","most_exchangeable",71,20707,0.977466568679489,0.106666666666667,43.9905381149795,4.37223806042565,1,0.674679420314404,0.1830689330271,0.205814596370781,2,3,2
"Poor overlap","most_exchangeable",71,42386,0.978107121228409,0,17.5145712190273,1.93530534285624,1,0.323053431907422,-0.205213941036624,-0.129488788222605,2,1,2
"Poor overlap","most_exchangeable",71,5270,0.97794767530961,0,65.582051082769,6,0,0.480262897329326,0.293210955814894,0.687421573212566,1,2,2
"Poor overlap","most_exchangeable",71,26609,0.978201729768984,0.186666666666667,26.0277529742025,2.71879412082744,1,1.14994111777383,0.741528692436789,1.95558526854441,3,2,3
"Poor overlap","most_exchangeable",71,13278,0.977704083415954,0,14.2981975853897,1.64486169292651,1,0.200526443262793,0.637379719135879,0.786067148597713,1,2,3
"Poor overlap","most_exchangeable",71,3252,0.978100935799186,0,37.054689726271,3.73187475634798,1,-0.279338044011022,0.609544595836469,1.08281110717748,1,2,2
"Poor overlap","most_exchangeable",71,11184,0.978074388231728,0,37.1844265547184,3.74462695355897,1,-0.753342350906322,-1.47225549071318,-0.743478362420781,1,2,2
"Poor overlap","most_exchangeable",71,14768,0.976644643400974,0.293333333333333,32.01381869521,3.27860851568266,1,1.2375478088541,2.15118759374667,1.98594715058878,3,2,3
"Poor overlap","most_exchangeable",71,47973,0.97759784116219,0,38.4473747857267,3.86138719186682,1,-2.22695380922339,-2.06138996929328,-1.78624117285465,1,1,1
"Poor overlap","most_exchangeable",71,21763,0.977969195044582,0,29.1072965730472,3.00281795469141,1,0.782244843992856,0.351390251808264,0.325878790695549,2,1,2
"Poor overlap","most_exchangeable",71,31358,0.97543301559896,0,4.53981634181411,0.758887430373284,1,-0.777852151773298,1.04195757627167,2.02212796132939,1,2,3
"Poor overlap","most_exchangeable",71,23257,0.97529083596799,0,4.85653245601636,0.77885965553311,1,0.153488201791896,-0.245142526706032,-1.72827479637233,1,1,1
"Poor overlap","most_exchangeable",71,19744,0.977654346811664,0.32,33.0564211206746,3.36731832201806,1,0.878803233624945,1.1178043912537,0.633154628131731,2,2,2
"Poor overlap","most_exchangeable",71,46591,0.975277101466091,0,17.1267345280633,1.91327823789048,1,-1.14993822261129,-1.04838379965314,-0.299729601188938,1,1,2
"Poor overlap","most_exchangeable",71,6175,0.979593936667691,0,51.0464355262558,5.00847552441829,1,-1.37297483095765,-1.07434458875376,-1.10664592448773,1,1,1
"Poor overlap","most_exchangeable",71,13161,0.977622479330557,0.0133333333333333,42.284192202823,4.21388301898166,1,-0.572658936018092,1.16933804652127,1.18329688910442,2,2,2
"Poor overlap","most_exchangeable",71,15443,0.980989131392411,0,65.4481891090114,6,0,-0.450084574998973,-0.266712141047482,-0.648093075792402,1,1,2
"Poor overlap","most_exchangeable",71,15826,0.973445437435105,0.16,0.694320008694365,0.401833015979865,1,-0.205600138099469,0.528835637874773,-0.366059061191521,1,1,1
"Poor overlap","most_exchangeable",71,31285,0.980186142745598,0.133333333333333,65.4647535513356,6,0,-0.138764465160452,0.348717948083107,-0.829992167550256,1,1,1
"Poor overlap","most_exchangeable",71,30981,0.980371334166551,0,65.7667964422043,6,0,-0.580105243723832,-0.217379118793795,-0.509546198689589,1,2,1
"Poor overlap","most_exchangeable",71,10461,0.977041370725999,0,25.6650554307322,2.68809808368105,1,-1.1145387081158,0.217961347391257,-0.26492761184766,1,1,2
"Poor overlap","most_exchangeable",71,5482,0.978761567405656,0,13.5818527315913,1.57027403568283,1,0.631260160934059,0.492943064258656,1.63628380298531,3,1,2
"Poor overlap","most_exchangeable",71,18507,0.977568856437404,0.106666666666667,31.6446565975687,3.24144240065928,1,0.942162676086252,1.43002157095858,-0.483748140881651,2,3,2
"Poor overlap","most_exchangeable",71,25564,0.978155177605446,0.04,27.8780941625072,2.88945596093212,1,0.322693688152581,-0.0378590986653187,-0.881326818057607,2,2,2
"Poor overlap","most_exchangeable",71,909,0.971746406406211,0,4.03431970458683,0.723801085436966,1,-1.55986415304417,-0.833002391590838,0.466978522806958,1,1,2
"Poor overlap","most_exchangeable",71,15678,0.977402132330023,0.0133333333333333,27.3372728487461,2.84345402799887,1,-0.239029402463295,2.00517876193913,1.61072623975568,1,2,1
"Poor overlap","most_exchangeable",71,3211,0.980061706236234,0,55.8043668977367,5.4426238727767,1,-0.943240218122483,-1.15876958434998,-1.16819712100351,1,1,1
"Poor overlap","most_exchangeable",71,3900,0.976614857040083,0,26.17462236533,2.74242744716015,1,-0.192989959539228,-1.67282022215822,-0.942388220323882,1,1,1
"Poor overlap","most_exchangeable",71,20653,0.981955263154974,0,39.830092149742,3.62653529737145,0,-0.559001693784408,-1.31221535528259,-0.4437708982162,1,1,1
"Poor overlap","most_exchangeable",71,618,0.979392689809929,0,17.7469980055799,1.61491690669209,0,-0.911047222176761,-0.97538271619036,0.753555950361009,1,2,2
"Poor overlap","most_exchangeable",71,42516,0.981036317077212,0.186666666666667,2.36050151818813,0.51601943306604,1,1.21509736374457,1.8486202240782,1.48491122450114,3,3,3
"Poor overlap","most_exchangeable",71,26701,0.977982733831245,0,33.7963381293428,3.43337463140589,1,-0.218979889439099,0.151972612691315,-0.0399599905790926,1,1,2
"Poor overlap","most_exchangeable",71,23119,0.976200321821913,0,7.79860475446592,1.04712715460916,1,0.218421386718385,0.0828291184311462,-0.320685991569965,1,1,2
"Poor overlap","most_exchangeable",71,735,0.978775934358823,0.04,65.3895975722036,6,0,0.603637972396393,-0.183173688203632,-1.56095636837624,1,1,1
"Poor overlap","most_exchangeable",71,49715,0.978097925525666,0.04,26.836772434959,2.79481031116173,1,0.989736504245905,0.485047841175524,0.496294798715564,3,2,3
"Poor overlap","most_exchangeable",71,28431,0.975632885870179,0,46.2795728257718,4.59086340850519,1,0.852542365227194,-0.890285416962004,-0.304207510103895,3,2,3
"Poor overlap","most_exchangeable",71,46630,0.977626700979762,0,34.988289978599,3.54441976766926,1,-1.34156396547284,0.14016092216695,1.60381190664486,1,1,2
"Poor overlap","most_exchangeable",71,24518,0.976866749428935,0.04,28.6943935118672,2.97295775437502,1,-0.500560951480992,-0.966585427239846,0.0994842765090916,1,1,1
"Poor overlap","most_exchangeable",71,42991,0.980188839745094,0.146666666666667,65.4904342397513,6,0,0.0897119564420707,0.13594186814443,-0.855657854275176,1,1,1
"Poor overlap","most_exchangeable",71,34726,0.976802064299901,0.106666666666667,23.0664784023453,2.45484013806876,1,0.244919037040718,-0.916985512643999,-0.840522240162688,1,1,1
"Poor overlap","most_exchangeable",71,11562,0.97848379521984,0,20.0841672394757,2.17325445680122,1,1.56709652695105,0.806779370553776,0.915973941205566,1,2,3
"Poor overlap","most_exchangeable",71,24797,0.978553432554084,0.0533333333333333,41.6681852110767,4.153516530692,1,-0.464629586596586,-0.969661030791249,-0.498594794534897,1,1,1
"Poor overlap","most_exchangeable",71,35204,0.981228756118982,0,65.5988763745891,6,0,0.169963521918162,-0.684442884985716,-0.0514427917213776,1,1,2
"Poor overlap","most_exchangeable",71,15273,0.977948839725243,0.0133333333333333,30.6816938185027,3.14777820405402,1,0.280685702257147,0.905389251251426,0.556712163662208,1,2,2
"Poor overlap","most_exchangeable",71,29437,0.978189314107205,0,20.9340911301049,2.25094789828736,1,0.602452768222104,0.353505815150337,1.75838916208407,2,1,3
"Poor overlap","most_exchangeable",71,20108,0.97713394634058,0,31.6823823482147,3.24327950178681,1,-1.34849912270317,-0.553848665060045,-0.367628473734654,1,1,1
"Poor overlap","most_exchangeable",71,45222,0.973967976247597,0.293333333333333,21.2547670529846,1.97594463414644,0,1.58859494236417,1.74207322107421,-0.0623085037642903,2,3,2
"Poor overlap","most_exchangeable",71,37020,0.977569153779032,0.16,29.2660899605713,3.0197296149741,1,0.310059831460431,-0.408073316098676,-0.684513064531146,1,1,1
"Poor overlap","most_exchangeable",71,25735,0.979300011644278,0,48.4153382381433,4.76825487266253,1,-1.49641546559505,-1.75128824290507,-1.29264754922183,1,1,1
"Poor overlap","most_exchangeable",71,39061,0.978092817336376,0.213333333333333,35.9214421335085,3.62810842185106,1,-0.146290609395975,1.06532774633952,0.668766549085368,1,1,1
"Poor overlap","most_exchangeable",71,289,0.980626641916039,0.16,11.3414006181054,1.35433664491298,1,1.28206624602831,0.939751724688675,0.64747034636699,3,2,3
"Poor overlap","most_exchangeable",71,28937,0.977437071633843,0,14.1649952363335,1.62686682668525,1,0.454309019202205,0.903984844663118,-0.143724461108206,1,1,2
"Poor overlap","most_exchangeable",71,37377,0.978082959544781,0,37.4777103018454,3.77068361629074,1,0.0933312075330497,-0.425236087839719,-0.938788738010294,1,2,1
"Poor overlap","most_exchangeable",71,5567,0.97886167109684,0,17.14682074512,1.89997111536455,1,-0.0950268079504553,1.07234147141547,1.05474059327289,2,2,3
"Poor overlap","most_exchangeable",71,11349,0.977045101124231,0,18.4718777266577,2.02841020112861,1,0.183353112821169,0.339838963914543,0.392867831261226,1,1,2
"Poor overlap","most_exchangeable",71,27471,0.976564022764028,0.0933333333333333,44.9085451918424,4.4612443035711,1,1.6348825162493,0.651118625259774,-0.314305823030531,2,1,1
"Poor overlap","most_exchangeable",71,5855,0.977787985709472,0,7.42337491392262,1.00782960615647,1,-0.411877791770672,0.081963038089321,0.875165463864244,2,1,3
"Poor overlap","most_exchangeable",71,31992,0.977327663560938,0,49.196742922277,4.84996740886424,1,0.490086621949983,0.233896873904495,0.89916435706269,2,1,2
"Poor overlap","most_exchangeable",71,17920,0.977823830830972,0.106666666666667,5.23076892567165,0.807218941065924,1,1.05112986273916,1.20606240280131,0.372441702441984,1,2,2
"Poor overlap","most_exchangeable",71,20823,0.977855630161013,0.32,-1.64664102703865,0.160212261980918,1,0.950847839417776,1.27364097837077,0.323453311383256,2,2,2
"Poor overlap","most_exchangeable",71,9916,0.976644426179844,0,16.7492170417161,1.87645536903451,1,-0.821337459072692,-0.0619471389455369,2.13042781254713,2,1,2
"Poor overlap","most_exchangeable",71,38281,0.977265054829161,0.2,38.0236904351437,3.82601449898074,1,0.679189214101032,0.547401351745474,-0.279665332401072,2,2,2
"Poor overlap","most_exchangeable",71,7739,0.971320303241644,0,-2.3535211634083,0.11207613659319,1,0.00233773569115234,0.742309247215643,0.266794735686068,1,2,3
"Poor overlap","most_exchangeable",71,41346,0.979010219943738,0,16.3225103615609,1.81995827631597,1,0.147165285145121,1.65314982973044,0.680699092784757,2,3,3
"Poor overlap","most_exchangeable",71,8524,0.977270313026613,0,33.2334491180687,3.38837658636945,1,-0.353041431569911,-2.07488776717013,-0.507727165196812,1,1,1
"Poor overlap","most_exchangeable",71,46523,0.977796868408553,0,20.7143164564546,2.23843458276948,1,-0.0215418251045456,-0.172973431266307,0.531325736123045,2,2,1
"Poor overlap","most_exchangeable",71,41511,0.976746418482715,0.04,28.6370736787128,2.96626990309661,1,-1.18253724467467,-0.380416479130776,0.10707813442747,1,1,1
"Poor overlap","most_exchangeable",71,20139,0.98384595400052,0,65.7902480128971,6,0,-1.06181934480695,-1.3985789470379,-1.52917460642876,1,1,1
"Poor overlap","most_exchangeable",71,25622,0.979069207528923,0.0533333333333333,11.6292214965541,1.05888431426138,0,-0.998289900165675,-0.571356338306302,0.276621356778113,1,1,1
"Poor overlap","most_exchangeable",71,39042,0.979033291683574,0,46.7358380023543,4.61673810381382,1,-1.20681056325279,-0.976924070292794,-0.776494842606931,1,1,2
"Poor overlap","most_exchangeable",71,31398,0.977712629769577,0,23.842840295265,2.52340288915615,1,0.681754658263113,-0.647972820074796,0.513089962197766,2,1,1
"Poor overlap","most_exchangeable",71,10469,0.977101719701797,0,15.2773898831359,1.73799425074278,1,-0.53479282641657,0.874971183932884,1.41490724649422,1,2,3
"Poor overlap","most_exchangeable",71,19360,0.977632718156328,0,29.6710241114108,3.05768827988289,1,-0.342507524366604,-0.0152855461785628,0.589523456612259,1,2,2
"Poor overlap","most_exchangeable",71,37741,0.977813024546052,0,20.2981392146232,2.19356885904622,1,1.41498682215584,0.236638098809701,0.150107772158139,1,1,2
"Poor overlap","most_exchangeable",71,38276,0.980365575589614,0,57.3526566983382,5.5814441155016,1,-0.587920751745038,-1.5979091037976,-0.48776829889022,1,1,1
"Poor overlap","most_exchangeable",71,43461,0.976447146328829,0,17.2038309673274,1.58924272089053,0,-0.322227300138595,0.999305968919108,0.411212276221223,2,3,3
"Poor overlap","most_exchangeable",71,39526,0.976955108003388,0.293333333333333,21.1275342789414,2.27560517262135,1,0.227400512237936,0.669524333311292,0.643029976858239,1,1,1
"Poor overlap","most_exchangeable",71,22746,0.9779600867352,0,33.0128253737008,3.36218477747594,1,-0.253825838472711,-0.393474270008929,0.457353819011807,2,1,1
"Poor overlap","most_exchangeable",71,48159,0.973768249884814,0,-1.05560728644747,0.243543041869601,1,-1.26293070274902,-0.805589525549586,-0.21105060678516,2,2,2
"Poor overlap","most_exchangeable",71,3420,0.975540898459421,0.306666666666667,45.8210364301883,4.54338309573078,1,1.19245206201513,0.941591672356196,1.56968031698173,2,2,3
"Poor overlap","most_exchangeable",71,16328,0.977702594343201,0,29.4155787537522,3.03104045762832,1,1.59477184804969,-0.976470815385804,-0.149211609125891,2,1,2
"Poor overlap","most_exchangeable",71,42637,0.978390454232109,0.226666666666667,24.7943328203931,2.6047988885673,1,0.811353902610387,1.74285733721135,0.715441067116898,2,3,2
"Poor overlap","most_exchangeable",71,398,0.972652391612349,0,-0.605824888944978,0.288788516941619,1,-0.406934780043714,0.639263532174571,-0.204385290472229,1,2,1
"Poor overlap","most_exchangeable",71,8709,0.977546180116933,0,18.7431949160422,2.05320127446684,1,0.671625849356541,0.428281765435924,-1.03560021738659,1,2,1
"Poor overlap","most_exchangeable",71,33682,0.972768759134408,0,-1.34277959001939,0.217531421185262,1,0.216207413563228,0.117427068015071,-0.998982908605517,1,2,1
"Poor overlap","most_exchangeable",71,42509,0.984299939210447,0,65.791805028145,6,0,-2.06264052737084,-0.417962751536553,-0.733338161711634,1,1,1
"Poor overlap","most_exchangeable",71,5635,0.977939540525801,0,33.4444442502728,3.40140527290982,1,0.0522874559723495,-0.153433776870846,0.347614358416872,1,1,2
"Poor overlap","most_exchangeable",71,34742,0.97759342920076,0,45.1736836361872,4.47305071551112,1,1.14092301286208,-0.335322378333871,2.07580879676498,2,2,1
"Poor overlap","most_exchangeable",71,5338,0.977586881594251,0.16,29.7092277830888,3.05968853872565,1,-0.0127389700467706,-0.0609512588206068,-0.688601163625663,1,1,1
"Poor overlap","most_exchangeable",71,764,0.979618623883313,0,53.0282553791572,5.19056242097535,1,-0.553142679203068,-1.26796925974523,-0.407570508149097,1,1,2
"Poor overlap","most_exchangeable",71,39763,0.977145767703376,0,42.6212652245393,4.24646556258038,1,-0.371050236016934,0.953834150910876,1.30942289136932,2,2,3
"Poor overlap","most_exchangeable",71,47352,0.980486707478417,0.293333333333333,8.13195489055949,1.06088950242291,1,1.80835910781815,0.98415009002347,1.95815298819002,3,3,3
"Poor overlap","most_exchangeable",71,25101,0.978828960463369,0,44.5476220267763,4.41695185980578,1,-0.45466722704776,-1.70487694840976,-0.00936641520979303,1,1,1
"Poor overlap","most_exchangeable",71,41727,0.977509512909401,0,2.83755663853265,0.259709951625925,0,-0.624302449418006,0.0380025160725703,0.43222706298539,1,2,3
"Poor overlap","most_exchangeable",71,23373,0.976694371494023,0,24.4180749870013,2.57589480508706,1,-1.45779208322346,-0.800118811638594,-0.251043270962345,1,1,3
"Poor overlap","most_exchangeable",71,2874,0.976341154331242,0.226666666666667,38.929659083623,3.91182747326848,1,0.874335049983839,1.55198013642503,1.99977787647395,3,2,2
"Poor overlap","most_exchangeable",71,37988,0.977624196459892,0,26.4363945323357,2.75928765732935,1,-0.287059599599534,1.36662632922433,1.25655990540382,1,2,2
"Poor overlap","most_exchangeable",71,10709,0.977463170854878,0,31.6636762351622,3.23995042015144,1,0.806907204059336,0.388387512252217,-0.698131472967686,3,2,1
"Poor overlap","most_exchangeable",71,10568,0.974578884796168,0,46.7000030677734,4.30598405655473,0,0.117206098083921,0.753805215065497,1.95898241354234,3,1,2
"Poor overlap","most_exchangeable",71,33081,0.977028699477048,0.0133333333333333,29.0925218567698,3.00595587254273,1,-0.793706933158997,-0.873867046151245,-0.940513765094972,1,1,1
"Poor overlap","most_exchangeable",71,49347,0.979077140171344,0,59.2791780394195,5.75998680053413,1,-1.00625381844785,-0.620428966689425,2.02253722290234,2,1,2
"Poor overlap","most_exchangeable",71,30247,0.976393835297124,0,16.9723095761362,1.89351510533604,1,-0.516315055673605,0.875259436233521,1.31244285404979,1,1,2
"Poor overlap","most_exchangeable",71,33213,0.979301676560101,0.293333333333333,6.51950662670581,0.921531322703595,1,0.883316914955729,0.370102806469824,0.0977436536333961,2,2,2
"Poor overlap","most_exchangeable",71,27848,0.973731796246939,0.12,0.12878112223824,0.351736008450078,1,0.785535031888688,-0.440561900601161,-0.95120021085122,1,1,1
"Poor overlap","most_exchangeable",71,1790,0.981712794521201,0,65.5599462900775,6,0,-0.819253143922095,0.00729196072387173,-1.04889583630317,1,1,1
"Poor overlap","most_exchangeable",71,33515,0.97807982839762,0,27.3818011054027,2.84369831950414,1,0.893032739362581,0.0447995131304038,0.339465634138024,2,3,3
"Poor overlap","most_exchangeable",71,25407,0.97782633627197,0.146666666666667,28.6434028800146,2.96296826372884,1,1.16583771625854,0.909953700051944,0.275265947941412,3,3,2
"Poor overlap","most_exchangeable",71,38248,0.977421109625437,0.2,28.1401420379608,2.91688162734776,1,0.0204508003913308,-0.0786396280505948,-0.358316745235473,1,1,1
"Poor overlap","most_exchangeable",71,42938,0.979983976977897,0,11.8879446397713,1.40630578331307,1,1.28933129485352,0.473093973023914,0.422356700276936,3,3,3
"Poor overlap","most_exchangeable",71,37888,0.940617308082344,0,-3.18412590491981,0.0378628498122954,1,-0.537214517190697,0.346912274178074,1.2062172325646,2,2,3
"Poor overlap","most_exchangeable",71,14727,0.977234464553128,0.106666666666667,35.5522037860901,3.5974914182639,1,0.736592112668787,0.352339477167767,0.365389312377338,2,2,3
"Poor overlap","most_exchangeable",71,26596,0.976483316827919,0.106666666666667,38.8156546893191,3.90767455579682,1,1.02802366272048,1.12244154146316,1.71324954807241,3,1,3
"Poor overlap","most_exchangeable",71,34770,0.977955428222474,0,32.3978322034901,3.30511587372399,1,-0.20988443909415,0.876902493611217,0.433816649764651,1,2,3
"Poor overlap","most_exchangeable",71,33391,0.978475052493898,0.04,19.291901413442,2.09885586534775,1,0.0195310406646611,0.141249290870901,-0.408079546745132,2,2,2
"Poor overlap","most_exchangeable",71,25399,0.984585674377404,0,65.9534776997905,6,0,-1.76282116489615,0.161930113417939,1.28594245260396,1,1,1
"Poor overlap","most_exchangeable",71,6802,0.97143833361341,0.0133333333333333,-1.70993040279097,0.17917575114381,1,0.0962163595333463,-0.394184761216171,-1.66328875293405,1,1,1
"Poor overlap","most_exchangeable",71,25517,0.978896431993677,0,16.5649498448655,1.84866140994301,1,0.709830920041906,-0.995206865633543,0.826491567816947,3,2,3
"Poor overlap","most_exchangeable",71,30492,0.978501176723831,0.346666666666667,23.8012819791244,2.51432529106155,1,1.9089134398079,1.46979841241594,1.23368073749394,3,3,3
"Poor overlap","most_exchangeable",71,8616,0.978684466940587,0,17.8877737311297,1.9668668059543,1,-0.233024961296803,0.908590476694674,-0.446247104019657,2,2,2
"Poor overlap","most_exchangeable",71,11787,0.978070457465736,0,28.4269813988062,2.94014628238973,1,1.37644512847174,1.66558614203888,0.909089723697252,1,3,3
"Poor overlap","most_exchangeable",71,48231,0.978851239161299,0,48.7328429045919,4.8036515627227,1,-0.291799878113951,0.455830811399225,0.104556646441204,1,1,2
"Poor overlap","most_exchangeable",71,36953,0.971848652114285,0,65.2372444509701,6,0,-0.0605472976162008,-0.613826435106187,-0.315299934791842,2,2,3
"Poor overlap","most_exchangeable",71,34835,0.977179689284106,0,3.49041799137975,0.646131040724566,1,-0.0506821478339685,0.781410225511541,-0.078159045601778,1,2,3
"Poor overlap","most_exchangeable",71,20462,0.978199893696902,0.0266666666666667,49.7075700315558,4.88989657682904,1,0.58466288937401,0.213552334378967,-0.721295359628344,1,2,1
"Poor overlap","most_exchangeable",71,8594,0.984805561430776,0,65.7363337108277,6,0,-2.84529132460617,-0.840601046513658,-0.796716892889885,1,1,2
"Poor overlap","most_exchangeable",71,22548,0.978819925961408,0,18.8242276208231,2.05441537111829,1,1.24744650664996,-0.328813586438994,1.27142983273588,3,3,3
"Poor overlap","most_exchangeable",71,28956,0.975222900751017,0.12,5.62668361761333,0.850708116653196,1,-0.204371128698676,0.560844059056851,-0.706242048524971,1,1,1
"Poor overlap","most_exchangeable",71,26315,0.977089374836624,0,8.66420801047788,1.12578144849889,1,0.478475937407888,0.594704956889303,-1.41821984496787,1,2,1
"Poor overlap","most_exchangeable",71,31763,0.977161603039307,0,32.07569167785,3.27853776361296,1,-1.50689812978268,-0.61716505160634,-0.767174530872526,1,1,1
"Poor overlap","most_exchangeable",71,22562,0.969124909968918,0.12,-2.59952819071487,0.092163308968131,1,-0.0113194216474177,0.157422215820686,0.540470360128017,2,2,2
"Poor overlap","most_exchangeable",71,6470,0.975267570917536,0.106666666666667,65.3617081790843,6,0,0.777861471867635,-0.142254049617109,-0.0967824789876453,2,1,1
"Poor overlap","most_exchangeable",71,23377,0.976452369313354,0.04,21.6937804439308,2.3286761966908,1,-0.284785021117011,-0.883509138943062,-1.24007910328819,1,1,1
"Poor overlap","most_exchangeable",71,31677,0.977951702107744,0.106666666666667,23.522406238513,2.49096129060009,1,0.277002905420682,0.333987259762491,0.524507545390526,2,1,1
"Poor overlap","most_exchangeable",71,27727,0.975624543210203,0.2,11.919755067044,1.43747355201408,1,0.282843474774702,-0.187356368997599,0.176079941604197,1,1,1
"Poor overlap","most_exchangeable",71,16901,0.97939430947422,0,49.5993736962688,4.87627594913556,1,-2.24938122301323,-0.989036483642858,0.361831796434438,1,1,1
"Poor overlap","most_exchangeable",71,20056,0.975720599558358,0,11.7860996670481,1.4262500130341,1,-0.57314779804435,0.129542037229054,0.9845415699061,1,2,2
"Poor overlap","most_exchangeable",71,25337,0.973656438053654,0,0.97287239756577,0.430286791268829,1,0.0591244541351863,-0.126797731163024,0.456874399975929,1,1,2
"Poor overlap","most_exchangeable",71,26697,0.97852091701817,0,42.2286484628455,4.20455579435282,1,-0.852306513488461,-1.71351101384018,-1.76024673071138,1,1,1
"Poor overlap","most_exchangeable",71,17151,0.982504120655485,0,40.6857789909488,3.70359227766359,0,-1.33514967955559,-0.993909229325154,-0.286437824713188,1,1,1
"Poor overlap","most_exchangeable",71,2779,0.978324302885877,0.106666666666667,25.3242662092152,2.65388841604181,1,0.78101514631147,0.251448143215433,0.25183164798885,2,2,3
"Poor overlap","most_exchangeable",71,44614,0.976854551210657,0,42.5529364211214,4.23881216546503,1,1.69637449217164,-0.714637314609832,0.316632251859018,2,1,2
"Poor overlap","most_exchangeable",71,9942,0.977274689022655,0.106666666666667,27.8482623609686,2.88938001282572,1,-0.52421858768779,0.109988796866367,-0.719826257983251,1,1,1
"Poor overlap","most_exchangeable",71,18885,0.979580101208399,0,55.5267483344127,5.42422948527607,1,-0.884843729885959,-0.385896678109381,-0.761766218549283,1,1,2
"Poor overlap","most_exchangeable",71,4758,0.977627895415222,0,31.8352935046866,3.25372962822678,1,-1.14965167338099,1.8290672482186,1.89260167273812,1,1,2
"Poor overlap","most_exchangeable",71,44409,0.978508221117482,0.186666666666667,23.6018766687091,2.49451544473275,1,1.28664780158117,1.06486297421935,0.956427228745571,2,3,3
"Poor overlap","most_exchangeable",71,5588,0.978117342621187,0,18.1150058316456,1.99039299880669,1,0.30522282839636,-0.177860873774173,-0.162716470673651,2,1,2
"Poor overlap","most_exchangeable",71,13034,0.979478405649318,0.16,19.8205805299272,1.80838226806372,0,-0.159852352721872,-0.49532722151577,-0.149868433250119,1,1,1
"Poor overlap","most_exchangeable",71,27505,0.977969300541513,0,44.3356796356014,4.40236262942255,1,-0.503614852427452,-0.851890355493329,0.607523722568441,3,1,2
"Poor overlap","most_exchangeable",71,45464,0.978088841780123,0,23.8330732057704,2.51731237125026,1,0.0963705925827798,0.166830452307847,0.597663197671189,3,1,1
"Poor overlap","most_exchangeable",71,7023,0.978962770597247,0,16.3093939621988,1.49058294482529,0,-0.87065815215839,-0.480329051162395,0.76291183760994,1,1,3
"Poor overlap","most_exchangeable",71,20201,0.97241151004553,0,0.015219556705131,0.342309633089273,1,-0.609120917089265,-0.50445232437668,-0.369857784926598,1,1,2
"Poor overlap","most_exchangeable",71,10999,0.973917395666291,0,0.528468143002187,0.389548456216562,1,-0.195270900003037,0.348633253781404,-0.809171488475102,1,2,1
"Poor overlap","most_exchangeable",71,41011,0.979267615760247,0,10.4576348462872,1.27665304834899,1,0.831585807264417,0.266234698785782,-0.0834461947266859,3,3,2
"Poor overlap","most_exchangeable",71,49871,0.976059018672959,0,10.6934990742181,1.32185103081902,1,1.0478828253971,-1.52511314811597,-0.534843121052545,1,1,2
"Poor overlap","most_exchangeable",71,27127,0.976410244426768,0,25.39682517651,2.66462112579371,1,-2.14578078820271,0.0963350234478263,-0.449699901154086,1,1,2
"Poor overlap","most_exchangeable",71,1479,0.980178058746387,0,4.07950380366135,0.681470241807747,1,1.57566281043281,-0.0576526425640576,-0.270508171342226,3,1,2
"Poor overlap","most_exchangeable",71,42256,0.979687925492352,0,55.5633204908253,5.42258612775304,1,-1.03936681853378,-0.779057871581007,0.550631352987125,1,1,3
"Poor overlap","most_exchangeable",71,45816,0.978135724123268,0.106666666666667,25.0077414073589,2.62786904438696,1,0.293952249530853,0.0146597226263052,-0.137126055268373,2,2,1
"Poor overlap","most_exchangeable",71,6988,0.9785612545188,0,65.551452015721,6,0,0.223431208422814,-0.426419179010463,-0.520729895513673,1,2,2
"Poor overlap","most_exchangeable",71,27541,0.977933115644464,0,24.3918652804599,2.57184979821068,1,-0.55989126737081,0.351316825886583,0.0595811699790532,2,2,1
"Poor overlap","most_exchangeable",71,46579,0.978349744494103,0,19.3264324832067,2.10265361053126,1,1.84434406709435,1.40874837954387,2.05650301584925,1,1,3
"Poor overlap","most_exchangeable",71,27859,0.979931412680651,0.106666666666667,13.7426064307806,1.57999775779035,1,0.797977537219495,1.01423395307608,1.22961534113956,3,2,3
"Poor overlap","most_exchangeable",71,3856,0.978066375453534,0.0933333333333333,28.195887514512,2.91975984408114,1,0.687622551908149,-0.511712018896898,0.360252447561476,2,2,2
"Poor overlap","most_exchangeable",71,17596,0.975745352509551,0.106666666666667,65.3469081405323,6,0,0.454931721800839,0.142388575395397,0.0412787578162562,2,1,1
"Poor overlap","most_exchangeable",71,42257,0.979343562547421,0,14.5497860759545,1.6557685803386,1,0.604241781715263,1.09800535771078,1.59713840186237,3,3,3
"Poor overlap","most_exchangeable",71,40464,0.977000040536549,0.146666666666667,18.2613905239048,1.67323148343712,0,0.39293179718171,0.236111061501098,0.297568236944361,2,2,1
"Poor overlap","most_exchangeable",71,24789,0.9746904707086,0,8.28219672109322,1.10229515999069,1,-1.46032376409069,1.47635812937478,0.506559827481631,1,2,1
"Poor overlap","most_exchangeable",71,11536,0.978199185996946,0.04,26.318856011046,2.745641645705,1,0.63217330299762,0.522747595480526,1.68310941942288,3,2,3
"Poor overlap","most_exchangeable",71,26675,0.973551088239868,0,-0.876754349340976,0.247901961527773,1,-0.319655709217447,1.55414828015989,0.502615601017119,1,3,2
"Poor overlap","most_exchangeable",71,38588,0.985018536995982,0,65.8628680481552,6,0,-1.94515445923246,-1.69163224044422,-1.81208335903395,1,1,1
"Poor overlap","most_exchangeable",71,47349,0.977284111503796,0,14.7482840204069,1.68870574333262,1,-0.293863176986104,0.962974948168717,1.47616937236646,1,2,3
"Poor overlap","most_exchangeable",71,35093,0.97679209391843,0,43.2561787417086,4.30738311796189,1,0.898307492259159,0.379264807994843,0.705457510009653,2,3,3
"Poor overlap","most_exchangeable",71,17782,0.973811545327536,0,17.7426875965206,1.98028966149675,1,-1.87856979928343,-1.74951293745533,-0.788389659444324,1,1,1
"Poor overlap","most_exchangeable",71,21721,0.977046018545094,0.386666666666667,31.2129350638091,3.20068456221191,1,1.79217570325374,1.02360962221652,1.63387361673289,3,2,3
"Poor overlap","most_exchangeable",71,35804,0.97759363186249,0,34.537184131615,3.50336800390681,1,-0.935841531242197,-1.4834707505866,-0.2321550420834,1,1,2
"Poor overlap","most_exchangeable",71,34901,0.979512559146526,0.226666666666667,23.6498579909148,2.15925060932539,0,0.0522873572270628,0.0217781448008059,0.31275850151152,1,1,1
"Poor overlap","most_exchangeable",71,2774,0.978907104613022,0.133333333333333,18.7896720664964,2.0505831350862,1,1.16891513211965,0.711759235018207,0.312176241245659,3,2,1
"Poor overlap","most_exchangeable",71,40428,0.979464999795151,0,65.4646978193151,6,0,0.83428500657569,-0.783415102023498,-0.624906878784592,1,1,2
"Poor overlap","most_exchangeable",71,19382,0.975321934447085,0,20.116454731907,2.19172102461058,1,-0.918496764242568,-1.40222370136104,-0.711777223010288,1,1,1
"Poor overlap","most_exchangeable",71,8877,0.978605244415274,0,53.513794537106,5.23620977681676,1,-0.904557098267904,-0.793335714465861,-0.665343049063299,2,2,1
"Poor overlap","most_exchangeable",71,25074,0.98133738102464,0,40.9217575697383,3.74066869262606,0,-1.59826436419518,0.400268223051203,-0.450519136422904,1,1,1
"Poor overlap","most_exchangeable",71,20444,0.966744404568421,0.213333333333333,64.8496241015387,6,0,0.929219285099296,0.856755375677816,-0.40671320069213,2,2,2
"Poor overlap","most_exchangeable",71,37218,0.978132663865071,0,41.2280983294474,4.11431127134875,1,-1.83716545971304,-2.34341171574049,-2.00888182148755,1,1,1
"Poor overlap","most_exchangeable",71,11251,0.9748329184828,0,20.5805690955667,2.22955942246233,1,-2.35485838782181,-0.982709318132407,-1.74432790763171,1,1,1
"Poor overlap","most_exchangeable",71,30195,0.976421235075316,0,40.8801906623888,4.09449483970548,1,0.424776645195899,1.62115530976861,2.29560618615632,3,3,3
"Poor overlap","most_exchangeable",71,28371,0.976407631750355,0,6.83183122190723,0.960920679624277,1,-0.673547855081356,-1.26046866542464,-0.408536476162588,3,1,1
"Poor overlap","most_exchangeable",71,9279,0.978922760135215,0,65.6898617531787,6,0,-0.236845048251431,0.433227338218289,-0.0149062158560225,1,2,1
"Poor overlap","most_exchangeable",71,21761,0.97817311362215,0.106666666666667,6.09096766678353,0.88507539014989,1,1.23808456407054,1.46650393497347,0.613659680472883,1,2,2
"Poor overlap","most_exchangeable",71,34118,0.975272766134849,0,3.92871261608652,0.689034359476155,1,-0.620479137045912,1.20754323886633,0.352727025526551,1,1,2
"Poor overlap","most_exchangeable",71,37832,0.977960393694875,0,35.612543352468,3.59991996300673,1,0.193372401129288,0.221662368312502,-0.605397819816683,1,2,1
"Poor overlap","most_exchangeable",71,49220,0.985007710840248,0,65.8685280501379,6,0,-2.10435638731309,-1.14999499243164,-1.1572620568815,1,1,1
"Poor overlap","most_exchangeable",71,43654,0.976168170261127,0.106666666666667,17.1277633134729,1.90824606955298,1,-0.454772925771155,-0.0436912639862559,-0.91770612483201,1,1,1
"Poor overlap","most_exchangeable",71,42203,0.979213911159736,0.266666666666667,2.66133277327995,0.569384095339567,1,1.58841105944538,0.430052477345301,-0.282340822241525,2,2,1
"Poor overlap","most_exchangeable",71,24357,0.977758748661093,0,14.0477544252138,1.63022003257579,1,0.586015244946313,-0.57912462250011,0.483324866299267,2,2,1
"Poor overlap","most_exchangeable",71,13701,0.974946441239079,0,10.4434120972196,1.29593633302645,1,-0.98615752040645,0.109305130659973,-1.06312715739655,1,1,1
"Poor overlap","most_exchangeable",71,30817,0.979074262134999,0,11.8035951466422,1.40953631897322,1,0.886870753497658,-0.622593434294145,0.451838257098641,3,2,2
"Poor overlap","most_exchangeable",71,45391,0.977558648139447,0.186666666666667,42.4992321062162,4.2314401365527,1,0.602445172905684,0.384087831551548,0.297002533200819,2,2,1
"Poor overlap","most_exchangeable",71,31465,0.977068777848775,0.16,3.56604803228831,0.32842846121639,0,0.786289613908245,0.728259982595606,2.02256798924045,3,2,2
"Poor overlap","most_exchangeable",71,24913,0.974114900907538,0,15.3474292621865,1.76247855461596,1,-0.89476873336593,-1.45558776138563,0.0251938361006295,1,1,1
"Poor overlap","most_exchangeable",71,49913,0.972915821267023,0,8.01109837010369,1.08742224231801,1,-1.2481548864752,-1.1208379122239,-0.790690018629816,1,1,1
"Poor overlap","most_exchangeable",71,18564,0.980299990054625,0,4.7673890467071,0.741291895702308,1,0.356498956294181,1.70538037176391,1.05425284867868,3,3,3
"Poor overlap","most_exchangeable",71,36357,0.978865789571718,0,45.7278743222976,4.52451545253018,1,-0.112512166203868,-0.497504311571713,0.398209508420225,1,1,2
"Poor overlap","most_exchangeable",71,35384,0.978164751576485,0.173333333333333,45.7489488041285,4.53202377907839,1,1.06520637014566,0.951767899619062,-0.388361321034034,1,1,1
"Poor overlap","most_exchangeable",71,10448,0.96659228797149,0,0.0875065476076726,0.376012713703421,1,-2.80005255882466,-1.88139023398099,-1.31592332498172,1,1,1
"Poor overlap","most_exchangeable",71,7161,0.976367805318123,0.213333333333333,49.2772657995374,4.86173181187435,1,0.714372375250668,0.331214851603821,-0.12309382066756,2,2,2
"Poor overlap","most_exchangeable",71,30069,0.978111058993953,0,19.1774644191029,2.08922546764693,1,0.407897795588995,0.216650259451042,0.713580267223195,2,1,2
"Poor overlap","most_exchangeable",71,45997,0.975960140401429,0,65.5405002803296,6,0,-0.0344231772696081,-0.908069412273015,-1.0346621678209,2,2,1
"Poor overlap","most_exchangeable",71,5671,0.976689306898935,0.0133333333333333,19.8410324257293,2.16411104540466,1,0.100347225868377,0.191388793812875,0.740536141057528,1,2,1
"Poor overlap","most_exchangeable",71,22146,0.977435601528308,0.04,35.0172326368532,3.54960263858458,1,0.945989960017111,0.191148399419198,0.504056093282883,3,3,2
"Poor overlap","most_exchangeable",71,41473,0.978666057424438,0,8.26576616193095,0.753037701360881,0,-1.1524365318451,-1.52294768303891,-1.25727954295587,1,1,1
"Poor overlap","most_exchangeable",71,728,0.975700029177942,0,7.0985687149448,0.981413363854981,1,-0.386735295761461,0.0604227890519535,-0.838569701690968,1,1,2
"Poor overlap","most_exchangeable",71,25609,0.97862498371793,0,55.9651947943618,5.46137918882722,1,0.0965351433619952,-0.189574993239122,-1.18225125367779,1,2,1
"Poor overlap","most_exchangeable",71,18928,0.973539158862046,0,16.0008299877315,1.81497247345773,1,-2.53120688625202,-1.22509416343984,-1.57178994622357,1,1,1
"Poor overlap","most_exchangeable",71,42873,0.977981444118448,0,28.2482964289294,2.92378718823681,1,0.202298897964178,0.642371971769748,1.65802992442118,3,2,3
"Poor overlap","most_exchangeable",71,47050,0.977995397704815,0,35.944299254676,3.63140955888195,1,-0.651485346447259,-0.57449969842812,0.353501792674621,1,2,2
"Poor overlap","most_exchangeable",71,22215,0.975740712067482,0.133333333333333,2.81513455308623,0.596487889211098,1,0.427216880796077,0.995386304675278,0.0208532383598744,1,2,1
"Poor overlap","most_exchangeable",71,3372,0.978668309892107,0,19.5768201715915,2.12201243865555,1,0.39053737411598,0.63394066344971,-0.166265369102266,2,3,3
"Poor overlap","most_exchangeable",71,31716,0.97808683437996,0,25.5990303883792,2.68196316228078,1,0.584715331112161,3.0066461265079,2.56641131906504,3,3,3
"Poor overlap","most_exchangeable",71,19132,0.976142983524543,0.133333333333333,20.1785193266999,2.19108180926029,1,-0.576706248531481,-0.39903193144272,-0.572473604389119,1,1,1
"Poor overlap","most_exchangeable",71,17631,0.977274723560594,0,14.3107273082358,1.65121019740243,1,-0.741291282830218,-0.501780209359258,-0.567198302969357,2,2,1
"Poor overlap","most_exchangeable",71,29,0.978439036549522,0,21.0598502406818,2.25999485797199,1,0.645328161775171,0.975648083470744,0.665184803519455,2,1,2
"Poor overlap","most_exchangeable",71,48587,0.974628387577018,0,6.60877760255354,0.955031376181548,1,-0.481089213739801,-0.256487395674282,-0.491631332673618,1,2,1
"Poor overlap","most_exchangeable",71,15300,0.977867769972866,0.04,27.1124808050667,2.82116590080743,1,1.1908302471844,0.180480251442299,-0.790853777453556,1,2,1
"Poor overlap","most_exchangeable",71,31002,0.97810624609195,0,36.6885654561264,3.69831824796536,1,0.0149210843252876,0.600898328352257,0.931082680825874,1,2,2
"Poor overlap","most_exchangeable",71,7616,0.978678590528995,0.186666666666667,56.8890747779622,5.55228831655371,1,0.36512270833675,1.64936235291049,0.666784666858667,1,1,1
"Poor overlap","most_exchangeable",71,33909,0.974263104867165,0,4.16946458039231,0.717262054878818,1,-1.11060084731575,0.757313485035554,0.342368672999859,1,1,2
"Poor overlap","most_exchangeable",71,23303,0.979029605701904,0,10.0446402353761,0.914920447394252,0,-1.70196154866314,-1.62348229858896,-1.5476811798482,1,1,1
"Poor overlap","most_exchangeable",71,24856,0.981927108691489,0.2,65.6867755713016,6,0,-0.281846630368969,0.148957740739776,0.132441986679486,1,1,1
"Poor overlap","most_exchangeable",71,12028,0.974777566913696,0,9.12983773084808,1.18523230039083,1,-0.86099237751982,-0.0246029964651462,-0.341797512412811,1,2,1
"Poor overlap","most_exchangeable",71,46615,0.967911182334887,0,1.05313049597453,0.461890334175625,1,-2.59638707484767,-1.33644419717311,-0.74171976907398,1,1,1
"Poor overlap","most_exchangeable",71,1049,0.977518609136083,0,30.1819410195913,3.10239151268104,1,0.0902885026349851,-1.05153335028229,-2.27441507623029,1,1,1
"Poor overlap","most_exchangeable",71,23001,0.97744372895692,0,8.6376387647579,0.792758127904136,0,-0.162778319514399,-0.61195925419741,0.864346925050347,2,1,3
"Poor overlap","most_exchangeable",71,16668,0.983584749794757,0,65.7898629680883,6,0,-0.807033951510865,-1.264365057682,-1.24390499264802,1,1,1
"Poor overlap","most_exchangeable",71,39945,0.976329693695783,0,1.72810295620277,0.491972852528947,1,0.186851010504678,-0.236141361691911,0.97807787693486,2,1,2
"Poor overlap","most_exchangeable",71,14464,0.977748441203886,0,30.3361090416243,3.11923785548552,1,-1.16343887943146,-0.202837762367977,0.595133745561715,2,2,1
"Poor overlap","most_exchangeable",71,12902,0.976278986323058,0,25.98681114762,2.72252593611294,1,-1.54302733885094,-0.789309140148711,-1.19544155159085,1,1,1
"Poor overlap","most_exchangeable",71,5174,0.977943019664469,0,34.7929562526248,3.52485895196119,1,0.463748792003037,-0.997042519814359,0.203101322687341,3,1,1
"Poor overlap","most_exchangeable",71,40604,0.975387969376072,0.2,14.3838376916181,1.66366006546832,1,-0.469215529937448,0.109237539411261,0.41521071220803,1,1,1
"Poor overlap","most_exchangeable",71,41819,0.978635285748376,0,43.0409832999585,4.27875480756266,1,-1.5394520216246,-0.821672644610196,-0.365110799734482,1,1,2
"Poor overlap","most_exchangeable",71,22882,0.973693705576435,0.133333333333333,65.3254205212672,6,0,1.16511577494346,1.5605087702259,1.23517987277252,1,2,2
"Poor overlap","most_exchangeable",71,26142,0.970692758464573,0,65.0280444248024,6,0,-0.0630214766408928,0.225322523167898,-0.663126321043165,3,3,1
"Poor overlap","most_exchangeable",71,4178,0.978472064797053,0.2,41.0163118756191,4.09416678894628,1,-0.309689313236129,0.607677503694606,0.167375004371032,1,1,1
"Poor overlap","most_exchangeable",71,3596,0.976792964463945,0,20.745655923374,2.23863411314057,1,-0.411695585282789,0.286413543619608,0.536998335231063,1,1,2
"Poor overlap","most_exchangeable",71,23045,0.97349700688273,0.0133333333333333,7.92531578696418,1.07797062173281,1,-0.760419098757456,-1.05844550991507,-0.706626067947095,1,1,1
"Poor overlap","most_exchangeable",71,16072,0.975166614797615,0.2,38.0353658471032,3.84219560548856,1,1.2951225208557,1.64657546296154,1.01140955548374,3,2,3
"Poor overlap","most_exchangeable",71,5690,0.978168881535875,0,37.8128136898498,3.80118724174758,1,-0.435745726318167,-1.08789102402329,-0.537249728998387,1,1,2
"Poor overlap","most_exchangeable",71,33282,0.97876458116014,0,12.5265603615993,1.47509890713334,1,0.209890868379548,-0.603478972765183,-0.037456169806418,3,2,2
"Poor overlap","most_exchangeable",71,26811,0.976519221506271,0,0.858902232723048,0.408757649501532,1,1.21345111189603,1.09738981663448,1.51979434539237,1,3,3
"Poor overlap","most_exchangeable",71,23649,0.975668118719398,0,4.56783106242554,0.752887420527847,1,-1.23594366222716,-0.203024918726242,-0.77309135052739,2,1,1
"Poor overlap","most_exchangeable",71,48377,0.973693034836517,0,65.1561215029265,6,0,0.377140268094017,0.827335038387656,1.15572414887289,2,1,2
"Poor overlap","most_exchangeable",71,39981,0.977937248703819,0,5.30966326819489,0.485448981635273,0,0.0846168496668036,-1.29316388578144,-0.705405557533698,1,1,2
"Poor overlap","most_exchangeable",71,46378,0.976792227447916,0,65.4311217861062,6,0,0.70058921780353,0.549020787382417,-0.848046952084589,1,3,1
"Poor overlap","most_exchangeable",71,14012,0.977011846263567,0,29.6560972011075,3.05839458676412,1,-0.923915218272277,-0.925312473759451,0.490910471593038,1,1,2
"Poor overlap","most_exchangeable",71,45755,0.97813646151053,0.04,24.5136137736914,2.58408506055616,1,1.37802117123362,1.89044480495182,0.329283731053046,3,2,3
"Poor overlap","most_exchangeable",71,30751,0.978675789655963,0,21.6134811740835,2.3109917781996,1,0.0221892560277232,1.29221759472144,0.873641471068504,2,2,3
"Poor overlap","most_exchangeable",71,43123,0.978886769049602,0,20.6462464194457,2.2213847202522,1,0.697955397564949,0.110033971345104,0.919001783471635,3,2,3
"Poor overlap","most_exchangeable",71,47775,0.977238792232611,0,1.13466446125594,0.104019178463893,0,0.31518076050264,0.729497267603652,-0.768354388366055,1,2,1
"Poor overlap","most_exchangeable",71,19831,0.977524909691565,0,21.9888754560288,2.35191391000326,1,-0.250769572911527,-0.77596314370899,-0.619732149936448,2,1,1
"Poor overlap","most_exchangeable",71,30936,0.975161668205371,0.0133333333333333,41.2375494626508,4.13776682895645,1,1.59638171779347,0.497872679806426,0.089899408664956,3,3,3
"Poor overlap","most_exchangeable",71,11491,0.978938334784006,0,52.854181005826,5.17631184554076,1,-0.506385607342664,0.101200015008018,0.258114967436763,1,2,2
"Poor overlap","most_exchangeable",71,34546,0.984807407564301,0,60.3830850552052,5.4924720007049,0,-1.98289023875908,-0.781496096083344,0.0558140703522962,1,1,1
"Poor overlap","most_exchangeable",71,13625,0.980139832131137,0,65.5455091349502,6,0,0.687782230309575,-0.574904103914848,0.0190573599369801,1,1,2
"Poor overlap","most_exchangeable",71,40319,0.97734175444406,0,17.1200793057053,1.90400335697381,1,-0.441010719658107,-0.106334829938228,-0.385986738580609,1,2,3
"Poor overlap","most_exchangeable",71,11222,0.981277723299322,0.96,11.6448090730273,1.37856689065146,1,2.99057009827924,2.3732566054394,2.14799020687668,3,3,3
"Poor overlap","most_exchangeable",71,21901,0.976940679836767,0,-1.90278732658627,0.132295691152182,1,0.877300720836453,0.534294372010655,-0.902196371766686,3,2,1
"Poor overlap","most_exchangeable",71,45826,0.977900305189082,0.0133333333333333,7.19693038604179,0.990950170129405,1,1.37823517249458,0.489015655065832,0.0432110904778586,1,2,2
"Poor overlap","most_exchangeable",71,39925,0.975260560575368,0,20.4546643684473,2.21961411946154,1,-1.6148998358164,-0.731278261604367,-0.760618402083255,1,1,1
"Poor overlap","most_exchangeable",71,30275,0.978172831866803,0.106666666666667,10.5319814786303,1.29864598663201,1,0.103180591940946,0.267955589844483,-0.304514582092232,2,2,1
"Poor overlap","most_exchangeable",71,39394,0.981575655066254,0.2,1.19726089351307,0.402030238584459,1,1.35496673706647,2.7316752807582,1.98072334434577,3,3,3
"Poor overlap","most_exchangeable",71,23527,0.97955028328503,0.493333333333333,17.8877176043936,1.962779453838,1,2.12605426973266,2.42304137060314,1.43802342597614,3,3,2
"Poor overlap","most_exchangeable",71,23721,0.977107195012728,0,35.0672048414411,3.55478540254046,1,0.250577209144574,0.822864272049723,1.48886646977776,3,2,3
"Poor overlap","most_exchangeable",71,35424,0.978374365104211,0.106666666666667,13.7489403803379,1.58783823284062,1,0.117850356980728,1.16365712877167,0.869367780870253,2,3,2
"Poor overlap","most_exchangeable",71,46726,0.9824313593904,0,65.6341259572831,6,0,-0.635476931669633,-0.775665936062941,-0.329579589623023,1,1,2
"Poor overlap","most_exchangeable",71,49932,0.977393270688422,0,21.6310777734757,2.32426729378002,1,0.39581388884394,-1.19513998971892,-0.0120285814631929,2,3,1
"Poor overlap","most_exchangeable",71,13068,0.978036052733424,0.0133333333333333,18.1785806887689,1.99957048493151,1,0.919576920905585,-0.555219623101268,-0.6153911066721,2,1,1
"Poor overlap","most_exchangeable",71,6791,0.973912181720379,0.306666666666667,45.0458352805504,4.49498484853561,1,1.45824414410661,2.28514216697195,2.06505214527226,3,3,3
"Poor overlap","most_exchangeable",71,27383,0.977492997527072,0.426666666666667,34.0222576463624,3.45530949225703,1,1.24859303954763,1.12175732043687,1.35455778035996,2,2,2
"Poor overlap","most_exchangeable",71,33230,0.976477701656186,0,17.9538923730288,1.98254809575823,1,-0.296174396111066,-0.542683772404012,-0.571552359099424,1,1,2
"Poor overlap","most_exchangeable",71,7006,0.976895066725442,0,8.0186730538441,1.06508017738959,1,-0.869261626624564,-0.087217774642667,0.0990447150903845,2,1,2
"Poor overlap","most_exchangeable",71,6027,0.978397120203244,0.186666666666667,23.1924391908792,2.45955048792302,1,1.0286018737104,0.144903787987596,-0.374058212689141,2,2,1
"Poor overlap","most_exchangeable",71,21489,0.97795396203456,0,32.1883404490831,3.28663224125244,1,-0.990030356011384,1.42814441484897,0.608007604491623,2,3,2
"Poor overlap","most_exchangeable",71,26860,0.972468721927389,0,-0.2285402627332,0.328755187092265,1,-1.09179294493525,-0.345832432618025,0.857785081738578,2,1,1
"Poor overlap","most_exchangeable",71,47259,0.978252532167593,0,22.0280747627577,2.34949045557672,1,-0.380359485969843,1.78886668211074,0.808878596370216,2,3,2
"Poor overlap","most_exchangeable",71,25906,0.977041304256235,0,52.6382821565333,5.1692730398651,1,0.452335569390076,0.437676091522745,0.732218239576746,2,1,2
"Poor overlap","most_exchangeable",71,10562,0.97772350935677,0.106666666666667,37.826980022356,3.80523028892907,1,0.903642839838294,0.198892617807681,-0.452939121806504,2,1,1
"Poor overlap","most_exchangeable",71,25695,0.978882375789075,0,55.2794127040235,5.39615432761738,1,-0.436612380798893,0.664663947673547,0.338439039526551,1,2,1
"Poor overlap","most_exchangeable",71,19981,0.979367539355033,0,8.07605579934014,1.05765144929416,1,0.257518192201685,0.705759056867154,1.22706573543039,3,3,3
"Poor overlap","most_exchangeable",71,42510,0.978529081429135,0,10.1847945873511,0.929998583160341,0,-0.0837210665604074,-1.34937473269667,-0.349000496542971,1,1,2
"Poor overlap","most_exchangeable",71,16255,0.971863853236914,0.226666666666667,-2.49104181480598,0.0718572921237259,1,1.52563432473257,0.70436101082306,0.193230429770389,3,2,2
"Poor overlap","most_exchangeable",71,20974,0.977901484275817,0,11.9751738053167,1.42755763888155,1,0.0971000576894572,0.344781457283942,0.89613747690985,2,1,2
"Poor overlap","most_exchangeable",71,37758,0.975525460586809,0.0133333333333333,13.6766785892246,1.59312722271282,1,-0.587320490895653,-0.423756987835761,-1.33799052422309,1,1,1
"Poor overlap","most_exchangeable",71,39320,0.979163480352063,0.226666666666667,0.095891230942408,0.31529303492092,1,0.992944083914189,2.0710472515064,0.734286416182687,2,3,2
"Poor overlap","most_exchangeable",71,44019,0.977381964672413,0.0133333333333333,28.5206556360957,2.95624752793441,1,1.46632193674308,1.80195152634041,-0.386445618420979,2,3,3
"Poor overlap","most_exchangeable",71,2904,0.977395925121503,0,39.6636443627744,3.97379337362587,1,0.162534711544227,0.684408986443437,1.9082980054014,2,1,3
"Poor overlap","most_exchangeable",71,33863,0.982226136778656,0.2,65.7440773075365,6,0,-0.0712869299582823,-0.271322184696693,0.0570935899751618,1,1,1
"Poor overlap","most_exchangeable",71,44830,0.97792383912299,0.04,26.5865535742048,2.77208626998776,1,-0.196890496231641,0.498303226039437,0.544041094033319,2,1,1
"Poor overlap","most_exchangeable",71,27548,0.977211955651236,0.146666666666667,45.2135364675294,4.48434175564071,1,0.365033776681576,0.0499747063632414,-0.0818062516027762,2,2,2
"Poor overlap","most_exchangeable",71,25816,0.976909674576214,0.106666666666667,25.7750392483941,2.70327053145295,1,-0.0544325290804315,-0.886921807660199,-0.614993016946954,1,1,1
"Poor overlap","most_exchangeable",71,49654,0.978371723728567,0,39.5639738415307,3.96164610757736,1,-0.156070526751302,-0.223152366109618,-0.0617214293381097,1,1,2
"Poor overlap","most_exchangeable",71,34306,0.972543009381878,0.213333333333333,65.3509229021247,6,0,0.503260979686975,0.429732943520823,1.09671308057572,2,2,2
"Poor overlap","most_exchangeable",71,28544,0.979015897813491,0,20.980367106141,1.92085887222925,0,-0.724668619176116,-0.278409436848511,0.414285189173911,1,1,3
"Poor overlap","most_exchangeable",71,45688,0.977683955406332,0,33.6354845569,3.41876003750984,1,0.956128037694155,-1.06778200198201,-0.488942274708416,3,2,1
"Poor overlap","most_exchangeable",71,12916,0.979522265885811,0.306666666666667,15.9058658842256,1.78082177561955,1,1.39089746869473,1.80754378944537,1.25281232110914,2,3,3
"Poor overlap","most_exchangeable",71,28373,0.97786864050881,0,14.4725018391034,1.65672629594617,1,0.234751109654808,-0.671117754380691,-0.426801040946149,2,1,2
"Poor overlap","most_exchangeable",71,21500,0.977676674162756,0.2,29.5149168844878,3.04265198027344,1,1.89204912301757,0.716117392888118,-0.580009588560737,2,3,2
"Poor overlap","most_exchangeable",71,33088,0.976178193190454,0.0133333333333333,12.0212573395978,1.44584713969402,1,0.00712962257188979,0.27992975188933,-0.0464004306950229,1,2,1
"Poor overlap","most_exchangeable",71,43301,0.985133680446918,0,66.0151752752736,6,0,-1.13932687144821,-1.4863172182117,-0.0448045006360861,1,1,1
"Poor overlap","most_exchangeable",71,6542,0.978875794045277,0,45.374587032754,4.4923444780485,1,-1.55364258968675,0.12133107464526,0.443878570074552,1,1,2
"Poor overlap","most_exchangeable",71,5840,0.979085905161394,0,46.9351541457688,4.63375398816797,1,-0.539712642848399,-1.48104973681603,-1.37838747757207,1,1,1
"Poor overlap","most_exchangeable",71,10272,0.977978590949181,0.12,36.8222914907628,3.71299236009639,1,-0.271809228370391,-0.206486775022164,1.22271051582013,1,1,1
"Poor overlap","most_exchangeable",71,5893,0.978969550233863,0.853333333333333,21.1919135910528,2.27247862553707,1,2.50883337782421,2.53744727871874,1.8128638299679,3,3,3
"Poor overlap","most_exchangeable",71,31068,0.975311997229888,0.0133333333333333,17.1658306675439,1.91752216405668,1,-1.00410160684727,-0.608687846535927,-0.74263209534259,1,1,1
"Poor overlap","most_exchangeable",71,44629,0.979075682313,0.32,19.755554206476,2.13839347154088,1,1.43007373267279,0.813829589328397,1.03371404815809,3,2,2
"Poor overlap","most_exchangeable",71,3234,0.978039732451931,0.16,36.758876443312,3.70514624281745,1,-0.768596520517115,0.294601523979474,0.268260573943635,1,1,1
"Poor overlap","most_exchangeable",71,20480,0.977974599254736,0,35.6496185764803,3.60389067461576,1,0.236436560865151,0.897250079744566,-0.128324712306874,1,2,2
"Poor overlap","most_exchangeable",71,9183,0.971226714586237,0,8.03122194245576,1.09528481368193,1,-2.14217480542678,-2.35229198769066,-1.96726009199132,1,1,1
"Poor overlap","most_exchangeable",71,8431,0.972857660184274,0,9.40961969135667,1.21945284926354,1,-1.35198969576356,-0.599434585928684,0.460754295180321,1,1,1
"Poor overlap","most_exchangeable",71,1788,0.973162434025956,0,6.0603067490514,0.906819433506943,1,-0.610740483373358,-1.51873908790903,-1.3717092004719,1,1,1
"Poor overlap","most_exchangeable",71,30641,0.977789578724947,0,27.3422319775122,2.84294990394055,1,-0.150066848169354,0.656228559762222,1.47083957653116,1,2,3
"Poor overlap","most_exchangeable",71,41641,0.976395661744247,0,1.04887682730201,0.425216288719999,1,0.0413179464242719,0.637092926419313,0.211217339424975,1,2,3
"Poor overlap","most_exchangeable",71,4821,0.978136409409823,0,6.26922877537539,0.893197993732058,1,-0.436673767734296,-0.0431828432147539,0.12353662747813,3,1,2
"Poor overlap","most_exchangeable",71,34807,0.977871607525745,0,8.07112202851689,1.06658490780592,1,0.215824092835953,-0.237643233101405,-0.103632085787541,2,1,2
"Poor overlap","most_exchangeable",71,27230,0.978021923708776,0,38.7104744351866,3.88442017898505,1,-1.51111045671686,-0.119785640364971,0.488162054728905,1,1,1
"Poor overlap","most_exchangeable",71,9647,0.97779925492157,0,50.4210117342456,4.95760403820223,1,-0.153918883743467,-1.11272669162333,-0.695345124395496,2,2,2
"Poor overlap","most_exchangeable",71,4209,0.977990040014874,0,27.354467101941,2.84117769848838,1,0.119896966008784,0.120270390449354,0.542612183580818,2,1,3
"Poor overlap","most_exchangeable",71,12972,0.968572517651949,0,0.0391941672361054,0.362957890895495,1,-2.0446484746872,-1.15947788894259,-1.00696879159737,1,1,1
"Poor overlap","most_exchangeable",71,17722,0.978495002942001,0,49.4981448561956,4.86981230820775,1,0.688549250824105,0.188735504613092,2.07848193968226,1,1,3
"Poor overlap","most_exchangeable",71,31770,0.973320824006691,0,3.92098158385027,0.700517223762765,1,-1.12823500524671,-0.843133369995307,-0.940529258066297,1,1,2
"Poor overlap","most_exchangeable",71,16681,0.97893412608214,0,51.3623759854646,5.03734099924907,1,-0.0462546837795124,0.0265280247668593,0.313728296252982,1,2,1
"Poor overlap","most_exchangeable",71,18500,0.974603748453102,0,21.232662099816,2.29478231955517,1,-2.13026547142816,-1.54449462184111,-1.16693553206599,1,1,1
"Poor overlap","most_exchangeable",71,10032,0.976248423821717,0.586666666666667,34.7744211700805,3.53391109664352,1,2.28523711619124,1.42553879184544,1.90984867945338,3,3,3
"Poor overlap","most_exchangeable",71,36638,0.979168145379633,0,15.8803423464136,1.7806377259381,1,0.0906439303153164,0.0638278526474573,0.508974086422455,3,2,3
"Poor overlap","most_exchangeable",71,14437,0.979060392474603,0,57.0826249159759,5.57038958505452,1,0.0609056528462702,0.483593939672313,0.189915254759974,1,1,2
"Poor overlap","most_exchangeable",71,28907,0.97728596552848,0,13.6362489959316,1.58937388809283,1,-0.807873208236705,-0.362148558458225,0.7518996129866,2,2,2
"Poor overlap","most_exchangeable",71,12989,0.977572170525274,0,22.0922485764453,2.36238804806933,1,0.134526965888691,-0.799234693486123,-0.179450963721168,2,1,1
"Poor overlap","most_exchangeable",71,6137,0.978447864258712,0,43.359908115801,4.30772238835263,1,-2.22130258575833,1.07956915991003,1.27572656415186,1,1,1
"Poor overlap","most_exchangeable",71,8425,0.976236687780085,0,21.7162886776347,2.33065305907377,1,-0.622803289332143,-1.10501019335422,-1.69665546203061,1,1,1
"Poor overlap","most_exchangeable",71,19758,0.977724571915422,0.146666666666667,33.2231080283849,3.38347182971977,1,-0.0121338014419425,-0.557167266927844,0.130876027273033,1,1,1
"Poor overlap","most_exchangeable",71,35868,0.978049256786047,0,34.765930648107,3.52245120758119,1,-0.601055998478156,0.058259939887989,0.307460277548886,2,3,1
"Poor overlap","most_exchangeable",71,5658,0.980656212021849,0,59.6531663093526,5.79302850090621,1,-2.42935015073683,-0.685623829074968,0.128265431276154,1,1,2
"Poor overlap","most_exchangeable",71,42984,0.979023535129519,0,56.50218572745,5.50786079073059,1,-0.208262161682738,-0.00317819595611748,-0.42289063947134,1,2,1
"Poor overlap","most_exchangeable",71,48875,0.977368983446662,0,10.2616770147462,1.26685556012868,1,0.416176193832432,1.96562042436351,0.599124631587341,1,3,2
"Poor overlap","most_exchangeable",71,20678,0.977460672523767,0,34.519133034797,3.50493379697421,1,0.291561905763379,0.99899376675442,0.65754729892534,2,1,3
"Poor overlap","most_exchangeable",71,14066,0.977348208972527,0,16.3277098830635,1.83383554624193,1,0.408002436103506,-1.49690404290498,-1.13577595568,2,1,1
"Poor overlap","most_exchangeable",71,9962,0.978921859798784,0,8.86898200183174,1.1368038933759,1,0.393811858825377,-0.341946775098249,-1.23254563391961,2,2,2
"Poor overlap","most_exchangeable",71,20664,0.978106337856206,0.0133333333333333,35.9379560151987,3.62962402408806,1,0.663118669665832,0.400907078092554,0.863662359368032,1,2,2
"Poor overlap","most_exchangeable",71,2221,0.973921435505588,0.106666666666667,4.93687678686913,0.794894441972249,1,-0.761674932152063,0.316363076732006,-0.310005770006639,1,1,1
"Poor overlap","most_exchangeable",71,25607,0.97777318490534,0.133333333333333,35.8826238124326,3.627589989939,1,0.40395840944247,0.964629296706625,0.461180615995446,2,3,2
"Poor overlap","most_exchangeable",71,34002,0.976122885870879,0.146666666666667,15.7724470805977,1.7867425133455,1,0.0992362554410619,-0.448983465980492,-0.694296248272085,1,1,1
"Poor overlap","most_exchangeable",71,23536,0.979823567128401,0.0533333333333333,13.1560425208083,1.52122989466788,1,1.16760985053311,1.49754045722574,-0.0256566188939657,3,3,2
"Poor overlap","most_exchangeable",71,42979,0.976550764221129,0,46.1238781103746,4.57551145670793,1,0.69253814306453,0.091865483471887,0.340732669390271,3,3,2
"Poor overlap","most_exchangeable",71,4331,0.981298902680926,0.226666666666667,6.30226185872121,0.886121858214814,1,1.39486250875734,1.08540801520428,0.989075659301399,3,2,3
"Poor overlap","most_exchangeable",71,34249,0.974996015895346,0,20.9678309313658,2.27033880362778,1,-1.76150181607514,-0.444968964770792,0.333106224853239,1,1,1
"Poor overlap","most_exchangeable",71,44067,0.973537481273233,0,9.91344597090116,1.26179414098238,1,-0.814316156864971,-1.6128113497721,-1.06661681924071,1,1,1
"Poor overlap","most_exchangeable",71,40299,0.984219192276129,0,65.8104340164146,6,0,-1.51051818767268,-0.997864746302999,-1.0912328480696,1,1,1
"Poor overlap","most_exchangeable",71,44792,0.984591821985352,0,65.8737818788923,6,0,-1.62969634010322,-0.825321829491198,-0.489095786085052,1,1,1
"Poor overlap","most_exchangeable",71,35,0.978485211688404,0,48.5035619041583,4.77846573270537,1,0.182432812827635,0.687993867178143,1.36025455338647,1,2,2
"Poor overlap","most_exchangeable",71,23009,0.97494305675714,0,27.542662386882,2.53919990234014,0,0.024226388396785,0.360819407000805,0.250279699475874,2,2,3
"Poor overlap","most_exchangeable",71,486,0.980991881334923,0.346666666666667,11.2902705945564,1.34779292532678,1,1.68436511079776,1.67483612843065,1.29559939611573,3,2,3
"Poor overlap","most_exchangeable",71,32762,0.977621547286525,0,11.9434225160687,1.4207878533412,1,0.265366795732965,0.853161417714354,-0.343397034013069,1,3,3
"Poor overlap","most_exchangeable",71,20410,0.978098045055566,0,15.4466678160596,1.74594545881567,1,0.393806144159627,-0.139041423969754,-0.0483346622314599,3,3,1
"Poor overlap","most_exchangeable",71,23742,0.976526436293984,0,28.6123892544216,2.96337265024597,1,-1.36355569045321,-1.69316860712086,-1.84292431983799,1,1,1
"Poor overlap","most_exchangeable",71,4588,0.975284965788222,0.453333333333333,46.3476367012876,4.60311012203704,1,1.7183689987505,2.25861102444085,1.3102752075098,2,3,2
"Poor overlap","most_exchangeable",71,46825,0.978175007574127,0.133333333333333,38.290340380224,3.84554702696253,1,-0.616960807937898,-0.529243675168493,-0.0587397936502788,1,1,1
"Poor overlap","most_exchangeable",71,47848,0.979497623403763,0.32,6.1443148780558,0.884925287877278,1,0.831192300667648,0.909731395112936,0.462292243485971,2,2,2
"Poor overlap","most_exchangeable",71,42124,0.97610249538387,0.453333333333333,36.8831940106768,3.72562281958468,1,2.01787317037303,1.82911562970785,3.04190409407085,3,3,3
"Poor overlap","most_exchangeable",71,21899,0.977704086931082,0,13.7061938937405,1.59260211963166,1,1.16951588258182,-1.33486664465509,-0.794542830082833,2,1,1
"Poor overlap","most_exchangeable",71,19477,0.977566166852899,0.04,4.1629306942376,0.703042902854233,1,1.22353566488104,1.62294944289499,0.259135811866238,1,3,2
"Poor overlap","most_exchangeable",71,1922,0.977594442038934,0,23.7675984482436,2.51688887922496,1,-1.00453460819076,-0.634532861389306,0.512012505765122,2,2,2
"Poor overlap","most_exchangeable",71,41585,0.97483923276692,0,51.7790892537288,5.10039628132754,1,0.154373526744216,0.639288999556471,1.19505259477476,3,2,3
"Poor overlap","most_exchangeable",71,19494,0.979368879667685,0.0133333333333333,48.8949080314427,4.81206740824518,1,-0.828473895151792,-1.09244292952497,-0.556190205267081,1,1,1
"Poor overlap","most_exchangeable",71,24476,0.97662548766036,0,47.932613339529,4.73957608003839,1,1.2059922993151,-0.72767827828284,0.431986521972617,3,1,2
"Poor overlap","most_exchangeable",71,46203,0.97468949127228,0.186666666666667,45.5920798068529,4.53091357317496,1,1.40064445233252,0.441148287262966,1.16715615129072,3,2,3
"Poor overlap","most_exchangeable",71,35965,0.980485291932938,0,65.7502942268963,6,0,-1.45575079895479,0.499742749782529,-0.108631163153715,1,2,1
"Poor overlap","most_exchangeable",71,16964,0.977946898335857,0.2,28.5090017146879,2.94837353439844,1,1.00646127342889,0.633205920957869,0.81421782363923,3,2,2
"Poor overlap","most_exchangeable",71,43963,0.979138135168274,0.213333333333333,50.687182110753,4.97658800323707,1,0.407255148981502,0.631431527402017,1.3644843154063,1,1,1
"Poor overlap","most_exchangeable",71,10798,0.976758244544325,0,15.4326247880236,1.74896205631387,1,-0.503730858048632,0.760015946360777,-1.30132299201089,1,2,1
"Poor overlap","most_exchangeable",71,10293,0.979568603092484,0,52.2346116314397,5.11691538201412,1,-1.41004743168397,-1.05758519149594,0.757131215299426,1,1,3
"Poor overlap","most_exchangeable",71,36001,0.976385559011402,0,14.7259105844991,1.69669292313416,1,0.390029656838561,-0.250341513226673,0.112859059913295,1,2,1
"Poor overlap","most_exchangeable",71,4301,0.977622227948494,0,20.8582335034286,2.24630409267299,1,-0.397441878876061,-0.100326474579047,0.775052935414573,2,1,2
"Poor overlap","most_exchangeable",71,39872,0.979789054852993,0,51.8696736148335,5.08246771434561,1,-1.58527020083082,-1.91815016864446,-1.1095779378983,1,1,1
"Poor overlap","most_exchangeable",71,6461,0.978786753181016,0,46.2475998416699,4.57550451914602,1,-0.67237663518241,-0.110379220021872,-0.746545019030183,1,1,2
"Poor overlap","most_exchangeable",71,1822,0.977002489514607,0,7.41872639865768,0.684629008173943,0,0.242586418118026,1.06359883243132,0.494372245189336,3,3,1
"Poor overlap","most_exchangeable",71,44037,0.977007131639425,0.04,8.42617797048416,1.10954695829835,1,0.530750450603438,0.868907346303155,0.993463666369342,1,2,2
"Poor overlap","most_exchangeable",71,11090,0.978087058135809,0,17.2015347868088,1.91008769972755,1,0.504864144617196,1.76404015086197,2.0993527135147,1,2,3
"Poor overlap","most_exchangeable",71,26590,0.979942618324225,0,53.5598656916913,5.236629819476,1,-0.954593688470272,-1.15372310037761,-0.37669929555787,1,1,1
"Poor overlap","most_exchangeable",71,5926,0.975148402042984,0,4.08843621396713,0.708007902806795,1,-0.145517696423691,-0.0410789512641942,-0.461314361970844,1,1,2
"Poor overlap","most_exchangeable",71,12263,0.976085864210764,0,11.1033955508681,1.35647163738008,1,0.382028554088473,-0.592979430017582,-0.109795764345217,1,1,2
"Poor overlap","most_exchangeable",71,47945,0.979599507206223,0,7.61836221358721,1.02014451271395,1,0.456738018296312,-0.44566734504316,0.574942967023956,3,2,3
"Poor overlap","most_exchangeable",71,27355,0.975284193856916,0.0533333333333333,2.04196421544332,0.527027287550454,1,0.387108549619677,0.554092447920052,-0.399581515662382,1,2,1
"Poor overlap","most_exchangeable",71,32496,0.97774184544242,0,27.3559442119645,2.84444588701595,1,-1.25281051816146,-0.0990268072586313,0.851259187707397,2,2,2
"Poor overlap","most_exchangeable",71,49451,0.97690770599079,0,18.7143071128837,2.0536174517723,1,-0.557502929214477,0.464665963763275,0.370323407451211,1,2,2
"Poor overlap","most_exchangeable",71,7187,0.979195725755961,0.16,10.2252183136913,1.2594365310667,1,1.25780183127815,1.46587309356401,-0.109285518977193,2,3,1
"Poor overlap","most_exchangeable",71,31409,0.979496113284358,0,53.1690143585995,5.20467241506667,1,-0.368064736039334,-0.862947724755328,-1.42570708715266,1,1,1
"Poor overlap","most_exchangeable",71,6185,0.977974716408434,0,26.4715264015841,2.75973625617578,1,0.391565024082278,1.70997459250398,-0.257243193323432,1,2,2
"Poor overlap","most_exchangeable",71,38424,0.978466329144188,0,41.401844409448,4.12965765279901,1,-0.701676260180859,-1.43668924651569,-0.703551273665263,1,1,1
"Poor overlap","most_exchangeable",71,6126,0.9792944798202,0,52.4632891360283,5.14232253870276,1,-0.258864989299433,-0.686242143037282,-0.559508879005921,1,1,2
"Poor overlap","most_exchangeable",71,15425,0.978039500095869,0.106666666666667,35.8653197279256,3.62315729247402,1,0.165778984248912,0.668242728466556,0.921284685837824,2,1,1
"Poor overlap","most_exchangeable",71,4991,0.976857236068009,0,52.7997982451779,5.1807955684529,1,-0.566478766228195,0.335141511387937,0.797835913947049,2,2,3
"Poor overlap","most_exchangeable",71,41758,0.975233881810079,0.0133333333333333,14.578795366921,1.67818937566539,1,-0.935803542658462,-0.36080130405918,-0.962064998146141,1,1,1
"Poor overlap","most_exchangeable",71,17946,0.977976708694118,0,27.0953006651696,2.81773442955723,1,0.664381977526193,0.264635896825293,1.06656029032841,2,1,2
"Poor overlap","most_exchangeable",71,11152,0.977739537101639,0,32.4225891700889,3.30996835825231,1,0.804253484917262,0.531433262677339,-0.106343413205758,2,1,2
"Poor overlap","most_exchangeable",71,8251,0.978241756864735,0,39.5146566655176,3.95732802885208,1,-0.90148323738618,-1.05346341600633,-0.692982184290044,1,1,1
"Poor overlap","most_exchangeable",71,39751,0.979979554690195,0,53.2984118619981,5.21235538515081,1,-1.82258472271915,-2.21681330909537,-1.49495339207544,1,1,1
"Poor overlap","most_exchangeable",71,42358,0.978131098703018,0,24.3335185060548,2.56402534576968,1,-0.598748893300224,0.505081091011143,0.355132439271528,2,2,2
"Poor overlap","most_exchangeable",71,10,0.97261439252598,0.12,0.978330060752574,0.433800671016256,1,-0.473790981840095,-0.244329224564882,-0.788645081453566,1,1,1
"Poor overlap","most_exchangeable",71,11170,0.977909599365754,0.106666666666667,29.0568438199561,2.99801313265154,1,2.0679694274633,-0.133458919245887,-0.781322317703944,2,2,1
"Poor overlap","most_exchangeable",71,9753,0.977934212712211,0,33.5429479550622,3.41098468042058,1,1.92497549457923,0.186100826635191,-0.326625310870747,1,1,2
"Poor overlap","most_exchangeable",71,2155,0.977962938415022,0.213333333333333,29.7327690268469,3.06043893962408,1,1.1427068131679,0.267338512680039,1.24270479076713,2,2,2
"Poor overlap","most_exchangeable",71,35426,0.975014641819512,0,65.3956362087045,6,0,0.332718539726678,0.931895050697664,1.14198142446738,1,2,3
"Poor overlap","most_exchangeable",71,38657,0.978020274535897,0.106666666666667,31.7058223857454,3.24177965247924,1,-0.0145795585025862,0.564786775896106,0.421460193012553,2,2,1
"Poor overlap","most_exchangeable",71,11072,0.978225699369199,0,42.6778460523645,4.24615941348705,1,-0.276413002335016,-0.0332152235012955,-1.19481247867716,1,2,1
"Poor overlap","most_exchangeable",71,6801,0.979145146553247,0.386666666666667,18.9960422814027,2.06945107026915,1,1.53787963879918,1.15281296989301,1.50176032248924,2,2,3
"Poor overlap","most_exchangeable",71,33679,0.97795256406137,0,6.84283087774238,0.62537388083609,0,-0.936063819850394,-0.37948709270415,0.421303429321634,2,1,1
"Poor overlap","most_exchangeable",71,32863,0.977159744082091,0,33.9319013881139,3.45428232232123,1,0.66899557335771,0.878285472924795,0.718989842032036,3,3,3
"Poor overlap","most_exchangeable",71,38935,0.979306315523894,0.2,16.3357189085604,1.82039957672395,1,1.62237538154296,0.479288335650576,0.215334587814047,3,3,2
"Poor overlap","most_exchangeable",71,32921,0.977642471901987,0,43.8383475328471,4.35492025411595,1,0.279068316555544,-1.084152557844,-0.75882571236919,2,2,2
"Poor overlap","most_exchangeable",71,44781,0.980338991156154,0.16,10.017885684218,1.23609783828737,1,1.04533723729969,0.719107234301012,1.29014117119482,3,2,3
"Poor overlap","most_exchangeable",71,28936,0.98180866863993,0,65.590475914843,6,0,-0.415413234948805,-0.399660723314113,-0.00800223439910198,1,1,2
"Poor overlap","most_exchangeable",71,21879,0.976864985076197,0.0133333333333333,25.0332263135741,2.63221672779637,1,-0.580174144792718,-0.443724527426399,-1.30453284062677,1,1,1
"Poor overlap","most_exchangeable",71,39213,0.97535577377091,0.0533333333333333,48.8165260887334,4.82634731624491,1,1.05915397303017,-0.168342290015828,-0.138850562885251,3,2,2
"Poor overlap","most_exchangeable",71,47339,0.980070890996653,0,10.1642342039302,1.24657732404042,1,1.81210719010558,0.284488690475915,0.266091413905882,3,1,2
"Poor overlap","most_exchangeable",71,46529,0.978924442991838,0.293333333333333,18.5113916079851,2.02612810451994,1,1.28943957328338,0.217204190328236,-0.0101198541721212,2,2,2
"Poor overlap","most_exchangeable",71,9976,0.98096484341831,0,60.3308626513639,5.851055425717,1,-1.52996472628356,-1.50442778143992,0.0997870994381945,1,1,1
"Poor overlap","most_exchangeable",71,15141,0.977990920946031,0,39.2959869599773,3.94045356188969,1,-0.497451872780933,-2.68874046079244,-0.939604086977113,1,1,1
"Poor overlap","most_exchangeable",71,48637,0.976895734378343,0,11.0625726231171,1.34973319808791,1,0.27280704228479,0.960884432785655,2.05719613396951,1,1,3
"Poor overlap","most_exchangeable",71,28989,0.97963205846465,0.44,11.0353890153527,1.33602053404021,1,1.35810450896937,0.927293559538649,0.723585953918552,2,2,2
"Poor overlap","most_exchangeable",71,24101,0.978971765778258,0.146666666666667,5.45419408413295,0.821907868317296,1,0.227259266744081,0.639574484830007,-0.0690701816491988,2,2,2
"Poor overlap","most_exchangeable",71,47063,0.976406885031089,0,17.3849142435812,1.92903722081522,1,-0.601457141260846,0.261239010547494,-0.483157262742093,1,3,2
"Poor overlap","most_exchangeable",71,25077,0.978504006399068,0,48.0445575338255,4.73525025444904,1,0.145841177198806,-2.36505936850262,-0.994042335505674,2,1,1
"Poor overlap","most_exchangeable",71,49009,0.977089730833742,0.133333333333333,39.7188858202409,3.98379016224263,1,0.464067933386464,0.673246130702925,-0.4979520204914,2,2,2
"Poor overlap","most_exchangeable",71,10447,0.978347635943765,0.226666666666667,24.1716226130247,2.549479906401,1,0.878655557345541,0.431616877581993,-0.0854419458529951,2,2,1
"Poor overlap","most_exchangeable",71,47317,0.978462363431616,0.306666666666667,23.7273066584422,2.50700661334296,1,1.89162968934289,1.11412519190983,0.293772529123362,3,3,2
"Poor overlap","most_exchangeable",71,38555,0.977879290580974,0,17.9154353462956,1.97306703544191,1,-0.246723404722742,0.20223996473108,-0.820737938005288,2,1,1
"Poor overlap","most_exchangeable",71,10296,0.980446552171503,0.173333333333333,11.0597595772059,1.33027946724067,1,1.11256382523632,0.953734429975393,1.09964919885428,3,2,3
"Poor overlap","most_exchangeable",71,19720,0.979429164528325,0.413333333333333,18.3337717343108,2.00648690734643,1,2.20799250113233,0.873599389781162,1.32104358973742,3,2,2
"Poor overlap","most_exchangeable",71,7996,0.976929071871128,0,10.6247505834515,1.30416501551496,1,-0.323560591204671,-1.86369516900659,-3.16755792183575,2,1,1
"Poor overlap","most_exchangeable",71,16417,0.977557677036821,0,37.8184736249207,3.80524686230956,1,-2.06322038362404,-1.31891234781811,-0.30022833873009,1,1,1
"Poor overlap","most_exchangeable",71,43104,0.977027505627125,0,3.433358034614,0.318027103156369,0,0.743099633023934,0.812169397109939,-0.0408379558433356,2,3,3
"Poor overlap","most_exchangeable",71,8178,0.976438725400701,0,21.8907355402365,2.34463020323398,1,-0.43863036596056,-1.21112676936124,-2.2537013442235,1,1,1
"Poor overlap","most_exchangeable",71,2815,0.974668028686632,0,15.3776642856592,1.75388398776417,1,-1.3442026998682,-1.24691919968475,-1.79225170836109,1,1,1
"Poor overlap","most_exchangeable",71,42589,0.98142970637555,0.146666666666667,65.629030793468,6,0,0.0264225810866081,-0.372010821199645,-0.738578106196722,1,1,1
"Poor overlap","most_exchangeable",71,21950,0.979760693263346,0,65.6722996468644,6,0,-0.452876404189565,1.45140173980895,1.14032662648676,1,3,1
"Poor overlap","most_exchangeable",71,6742,0.977486396734326,0,26.1049281681299,2.72900430411745,1,-0.59608062763954,0.507706471089946,0.0563305607654635,1,2,2
"Poor overlap","most_exchangeable",71,19604,0.97811394804495,0,27.4353066925558,2.84866381271961,1,1.1503348556317,-1.20258265494226,-0.818308034310274,3,2,2
"Poor overlap","most_exchangeable",71,23683,0.975783836383617,0.586666666666667,34.0662622369717,3.4649454515194,1,2.53979052482121,1.62324428814768,2.84618962245695,3,2,3
"Poor overlap","most_exchangeable",71,49156,0.984581968439576,0,65.9154316517268,6,0,-1.21915640947984,-1.09306116806506,-0.340893305510078,1,1,1
"Poor overlap","most_exchangeable",71,6709,0.983223253255121,0,65.6919249070091,6,0,-1.54796194797404,-0.0888775773619117,-0.720629398190892,1,1,1
"Poor overlap","most_exchangeable",71,7124,0.976441575523438,0,21.0344672914558,2.26763605592429,1,-0.535403981678712,-0.591843365270112,0.0177288946064715,1,1,2
"Poor overlap","most_exchangeable",71,29286,0.98204685405865,0.226666666666667,2.03266329307794,0.478920974089214,1,2.26883657569679,1.12363742144061,0.197083431100803,3,3,3
"Poor overlap","most_exchangeable",71,4346,0.977953439013318,0,25.3580475404324,2.65920129065015,1,0.187190502255391,0.608229103445907,0.667141620609155,1,2,3
"Poor overlap","most_exchangeable",71,20815,0.972413529128308,0,7.51165161218575,1.04413561149461,1,-1.50084890774165,-1.31499983314927,0.334425440821669,1,1,2
"Poor overlap","most_exchangeable",71,25293,0.961099597100451,0.133333333333333,-2.83052865831313,0.0833189290409221,1,-0.725368201978954,0.579826565934288,-0.0938538116344479,1,1,1
"Poor overlap","most_exchangeable",71,19824,0.9759475961165,0,9.36943503138427,1.19312611301107,1,-0.22664315045223,0.29224925007109,0.0253578974916154,1,1,2
"Poor overlap","most_exchangeable",71,17683,0.978617317290079,0.186666666666667,13.7211780696456,1.59266331051588,1,1.12800737372467,0.118143301090239,0.239166588537144,2,2,1
"Poor overlap","most_exchangeable",71,45746,0.974921604639065,0,19.4412346991088,2.1310612733866,1,-1.21965748724026,-1.582609981755,-0.927217096748405,1,1,1
"Poor overlap","most_exchangeable",71,29254,0.976068385467239,0,9.33688721936603,0.866169380282283,0,0.641904565993002,1.30608002117493,-0.433271941446891,3,2,1
"Poor overlap","most_exchangeable",71,40756,0.978396626643322,0,49.2956456625738,4.8509769076207,1,-0.628236710041388,-0.914479060806463,-0.81095691637893,2,2,1
"Poor overlap","most_exchangeable",71,40817,0.979511003609344,0,3.67679100050015,0.648141948522157,1,0.323778511740445,1.49670303767628,0.547208871001328,2,3,3
"Poor overlap","most_exchangeable",71,44390,0.978092778370163,0,41.489352954482,4.13761159743233,1,-0.500330531443835,0.675246559603614,-0.554189098811631,1,2,1
"Poor overlap","most_exchangeable",71,32916,0.980442472123995,0,65.7891237106879,6,0,-0.187411019926641,-0.752459419614223,-0.861533406521883,1,2,1
"Poor overlap","most_exchangeable",71,14270,0.975999673198122,0,6.31879477782936,0.90559747074337,1,-0.652437304712547,1.69131924537363,0.514491615455404,1,1,2
"Poor overlap","most_exchangeable",71,41576,0.97608004724211,0.04,1.13152194909676,0.435210491557763,1,0.795833791238695,0.902703812646943,-0.751579948113574,1,2,1
"Poor overlap","most_exchangeable",71,32243,0.979996074948023,0,54.1265297730071,5.28830720644865,1,-0.94491437371468,-1.91463229898459,-1.40623363856787,1,1,1
"Poor overlap","most_exchangeable",71,5948,0.97916541558289,0,54.7455342431806,5.35321405719595,1,-2.19583836510001,-0.329514659277963,0.0733198240377638,2,1,2
"Poor overlap","most_exchangeable",71,42678,0.980475939970335,0,5.1084412765862,0.770256859274009,1,0.569560371101673,0.992371452717043,-0.191255038609994,3,3,3
"Poor overlap","most_exchangeable",71,7383,0.977265014424012,0.0933333333333333,33.4563130013326,3.40332870240447,1,1.45642396217265,-0.145854971947545,0.482913361129391,2,2,3
"Poor overlap","most_exchangeable",71,47035,0.978248783450566,0,40.1280425718387,4.01287608610208,1,-1.16614844638131,-0.0258862308451125,0.424739625803023,1,2,3
"Poor overlap","most_exchangeable",71,2992,0.974139309122462,0,17.0406966059091,1.91326141849771,1,-1.58986489558651,-1.67889702793258,-1.10174578654648,1,1,1
"Poor overlap","most_exchangeable",71,8430,0.979079771101022,0,12.3484287509558,1.12586794421077,0,-1.29609796809214,-0.390170632909978,0.956214355224211,1,1,2
"Poor overlap","most_exchangeable",71,7385,0.977722458354406,0.133333333333333,41.3620550333603,4.12746937409868,1,-0.0697322532291538,0.404995176780385,1.06606421278178,2,2,2
"Poor overlap","most_exchangeable",71,9365,0.971581424847976,0.106666666666667,2.61307781809984,0.595551545180691,1,-1.0280596692116,-0.393055949332534,0.224501980577071,1,1,1
